{"type":"FeatureCollection","features":[{"type":"Feature","geometry":{"type":"Polygon","coordinates":[[[106.764904,20.847588],[106.752578,20.882549],[106.766568,20.903643],[106.771241,20.91005],[106.770593,20.94571],[106.77039,20.967221],[106.763813,20.98247],[106.750894,20.997946],[106.748707,20.996461],[106.728079,20.996694],[106.710329,20.99966],[106.697007,21.001802],[106.688484,21.00448],[106.671397,21.012688],[106.657115,21.01908],[106.651414,21.019513],[106.645379,21.018268],[106.637643,21.011638],[106.625106,21.011887],[106.62022,21.0157],[106.611655,21.020755],[106.603015,21.016221],[106.596872,21.017676],[106.59376,21.017609],[106.590627,21.014439],[106.584685,21.01611],[106.578429,21.016179],[106.575853,21.011703],[106.573288,21.010598],[106.569935,21.011726],[106.566951,21.018793],[106.564929,21.019207],[106.564436,21.016929],[106.563048,21.010451],[106.559883,21.00877],[106.558206,21.006859],[106.55579,21.002767],[106.554483,20.997426],[106.556359,20.991306],[106.558781,20.988815],[106.561392,20.988116],[106.563691,20.985551],[106.566062,20.979558],[106.585199,20.973413],[106.58535,20.966052],[106.58456,20.961458],[106.587904,20.957311],[106.592307,20.954228],[106.592687,20.952415],[106.592411,20.950816],[106.591633,20.947339],[106.589155,20.944845],[106.586686,20.940723],[106.584271,20.937671],[106.582117,20.933795],[106.578574,20.930754],[106.575779,20.930639],[106.572915,20.931212],[106.570989,20.933106],[106.570774,20.936433],[106.573595,20.938707],[106.577253,20.940935],[106.578121,20.942367],[106.579102,20.944405],[106.578387,20.946753],[106.575325,20.949796],[106.57177,20.951691],[106.567827,20.950891],[106.568416,20.943602],[106.568416,20.940189],[106.567679,20.93712],[106.559848,20.931895],[106.555603,20.932828],[106.556322,20.941102],[106.554537,20.948289],[106.55111,20.947075],[106.546221,20.947155],[106.543843,20.943868],[106.543701,20.941216],[106.54313,20.937826],[106.54332,20.934717],[106.541649,20.931846],[106.541988,20.929576],[106.544283,20.927438],[106.541933,20.924168],[106.542456,20.922967],[106.543635,20.92227],[106.546673,20.922954],[106.547793,20.922612],[106.548802,20.921317],[106.548458,20.919826],[106.547083,20.919028],[106.546163,20.919515],[106.544355,20.921659],[106.542117,20.921779],[106.540548,20.920724],[106.540863,20.918332],[106.538518,20.917566],[106.536271,20.91812],[106.534483,20.917013],[106.534101,20.913423],[106.53331,20.911786],[106.531798,20.911892],[106.530371,20.91308],[106.529424,20.915271],[106.527644,20.915258],[106.527093,20.9144],[106.527835,20.912756],[106.527538,20.910974],[106.527852,20.909701],[106.527244,20.908552],[106.526594,20.90842],[106.526998,20.907625],[106.528518,20.906988],[106.531452,20.906817],[106.531505,20.906352],[106.530457,20.904957],[106.530954,20.904296],[106.533155,20.905373],[106.533994,20.905275],[106.533129,20.902656],[106.535173,20.901775],[106.536247,20.901041],[106.538396,20.901114],[106.540256,20.900478],[106.540203,20.899866],[106.537583,20.898642],[106.538265,20.897785],[106.540832,20.89825],[106.541173,20.896757],[106.540072,20.894774],[106.540649,20.893746],[106.543426,20.893722],[106.543856,20.892494],[106.542284,20.891172],[106.540083,20.89105],[106.540292,20.889189],[106.538773,20.88799],[106.539402,20.886693],[106.540345,20.886154],[106.541195,20.885182],[106.542767,20.885671],[106.544417,20.886161],[106.54709,20.885769],[106.548767,20.883639],[106.546618,20.882513],[106.54676,20.881538],[106.544193,20.880461],[106.544062,20.879237],[106.545083,20.878527],[106.547232,20.878943],[106.549695,20.878454],[106.55187,20.877058],[106.552079,20.873827],[106.550507,20.873362],[106.5498,20.870546],[106.548411,20.869959],[106.547677,20.869028],[106.549229,20.862992],[106.547012,20.854871],[106.548106,20.853241],[106.550412,20.8536],[106.556211,20.857162],[106.559242,20.856963],[106.562288,20.854575],[106.563086,20.848785],[106.564834,20.847826],[106.579969,20.850862],[106.582759,20.849851],[106.581721,20.84625],[106.584468,20.839043],[106.584571,20.832837],[106.586396,20.826798],[106.590348,20.823565],[106.607103,20.820594],[106.621673,20.816091],[106.628911,20.820166],[106.633403,20.825411],[106.643744,20.829875],[106.652481,20.825757],[106.655827,20.827303],[106.655909,20.83157],[106.649542,20.837672],[106.650405,20.841384],[106.653003,20.84372],[106.657432,20.843511],[106.663535,20.852764],[106.660379,20.854431],[106.659849,20.856605],[106.660947,20.859983],[106.659483,20.861821],[106.667535,20.875],[106.678835,20.867476],[106.687651,20.868851],[106.695599,20.872717],[106.701929,20.876816],[106.708925,20.877957],[106.728079,20.861867],[106.753588,20.850124],[106.764904,20.847588]]]},"properties":{"npp":"NPP Tuấn Vân"}},{"type":"Feature","geometry":{"type":"Polygon","coordinates":[[[105.388826,21.513043],[105.387832,21.518851],[105.383958,21.520265],[105.381569,21.522488],[105.377513,21.522118],[105.371322,21.524274],[105.368536,21.523702],[105.367556,21.522196],[105.3655,21.523616],[105.362944,21.519441],[105.353818,21.517626],[105.347901,21.5192],[105.344435,21.517711],[105.343516,21.514288],[105.338548,21.512149],[105.337353,21.507699],[105.34136,21.502985],[105.32467,21.50717],[105.322557,21.495901],[105.329156,21.488555],[105.332524,21.476705],[105.343785,21.446248],[105.342537,21.431881],[105.341626,21.423571],[105.342537,21.420194],[105.348164,21.416968],[105.353448,21.418858],[105.361847,21.429464],[105.3785,21.433483],[105.388042,21.427811],[105.391609,21.425507],[105.399653,21.410611],[105.399084,21.408247],[105.394349,21.3939],[105.391512,21.369397],[105.392246,21.366079],[105.396569,21.354807],[105.39949,21.352485],[105.41127,21.342901],[105.428698,21.336698],[105.439837,21.328194],[105.455611,21.311944],[105.456226,21.303468],[105.449958,21.299181],[105.448888,21.296516],[105.449137,21.295264],[105.451077,21.293595],[105.453814,21.292688],[105.451948,21.284552],[105.449729,21.281753],[105.44952,21.272722],[105.448066,21.271251],[105.448781,21.264805],[105.443915,21.264216],[105.446259,21.244921],[105.450769,21.239632],[105.458296,21.227859],[105.461652,21.219818],[105.462339,21.213984],[105.461678,21.213718],[105.462148,21.211503],[105.463667,21.209036],[105.46352,21.207791],[105.462555,21.207241],[105.463091,21.205642],[105.464522,21.206075],[105.465296,21.202652],[105.464569,21.202652],[105.465023,21.201297],[105.466568,21.201381],[105.468962,21.183454],[105.474184,21.169711],[105.515332,21.155452],[105.531796,21.155532],[105.571114,21.160047],[105.571479,21.161476],[105.576003,21.162769],[105.575492,21.163994],[105.626338,21.171369],[105.626619,21.177024],[105.624466,21.179235],[105.624102,21.180154],[105.625233,21.181446],[105.62837,21.181038],[105.628589,21.182637],[105.629619,21.184028],[105.624548,21.187498],[105.624438,21.191852],[105.623967,21.193404],[105.621669,21.194833],[105.62156,21.196839],[105.622763,21.199493],[105.62239,21.200616],[105.619873,21.201399],[105.61918,21.20065],[105.618815,21.201535],[105.616443,21.202555],[105.616188,21.205378],[105.61513,21.205956],[105.615422,21.207385],[105.616371,21.208269],[105.617757,21.207487],[105.618888,21.206364],[105.621259,21.206058],[105.62239,21.206841],[105.622779,21.207845],[105.624737,21.209254],[105.628872,21.211042],[105.630477,21.209239],[105.632265,21.208457],[105.635548,21.208083],[105.639342,21.207233],[105.639634,21.21128],[105.635585,21.214851],[105.635711,21.216592],[105.634381,21.218422],[105.632746,21.220267],[105.629317,21.221525],[105.629499,21.224586],[105.633549,21.225266],[105.634315,21.22411],[105.63665,21.226116],[105.631026,21.231088],[105.63015,21.23391],[105.620788,21.23229],[105.614672,21.228285],[105.610837,21.223648],[105.606347,21.226001],[105.601033,21.227629],[105.604421,21.238963],[105.602451,21.24423],[105.607648,21.249832],[105.607503,21.257487],[105.608746,21.256749],[105.611701,21.262873],[105.61346,21.26188],[105.614526,21.263851],[105.605431,21.271094],[105.604979,21.274811],[105.601205,21.276934],[105.600688,21.280243],[105.592905,21.27919],[105.592599,21.281387],[105.588837,21.280815],[105.588191,21.285569],[105.584865,21.279822],[105.582056,21.279882],[105.582121,21.283944],[105.578031,21.284325],[105.575464,21.280835],[105.573447,21.282385],[105.569023,21.28258],[105.567441,21.278489],[105.565504,21.278022],[105.56581,21.275991],[105.564874,21.274186],[105.562452,21.274728],[105.560128,21.273584],[105.558723,21.274698],[105.556909,21.273921],[105.550111,21.275507],[105.54911,21.279027],[105.547464,21.279192],[105.546511,21.27829],[105.543976,21.281238],[105.541684,21.281238],[105.540375,21.283149],[105.536775,21.282939],[105.535468,21.283706],[105.535839,21.28506],[105.532336,21.287226],[105.533024,21.290036],[105.531619,21.2953],[105.533702,21.295932],[105.533443,21.297211],[105.536301,21.298219],[105.533976,21.300881],[105.53614,21.301889],[105.537132,21.304642],[105.533526,21.308989],[105.539222,21.313685],[105.536241,21.314827],[105.532258,21.318439],[105.530655,21.317956],[105.530726,21.31946],[105.528169,21.318175],[105.526354,21.319888],[105.524846,21.31812],[105.521641,21.319701],[105.52058,21.31688],[105.519649,21.317078],[105.519979,21.318033],[105.518271,21.318494],[105.517776,21.319438],[105.516538,21.318977],[105.516385,21.319317],[105.515666,21.319152],[105.516291,21.318055],[105.514476,21.317868],[105.514264,21.320118],[105.51355,21.320925],[105.513573,21.322374],[105.513137,21.322428],[105.512902,21.321473],[105.512383,21.321386],[105.51236,21.321945],[105.511299,21.322439],[105.511429,21.323482],[105.510865,21.324277],[105.510617,21.326374],[105.511583,21.326703],[105.512338,21.327889],[105.511913,21.328558],[105.51209,21.329733],[105.511843,21.330238],[105.511336,21.330282],[105.510947,21.330753],[105.51037,21.330666],[105.509781,21.330841],[105.509215,21.331445],[105.508296,21.33161],[105.508331,21.331258],[105.507825,21.331215],[105.506799,21.332488],[105.50502,21.332378],[105.504136,21.332202],[105.503465,21.332652],[105.502263,21.33386],[105.502369,21.334815],[105.502946,21.335868],[105.502687,21.336121],[105.503205,21.336823],[105.503995,21.337175],[105.504796,21.337976],[105.504584,21.33836],[105.506964,21.339469],[105.507235,21.340039],[105.507353,21.340731],[105.506245,21.342223],[105.504195,21.343705],[105.502722,21.344353],[105.499759,21.344652],[105.49937,21.345036],[105.499417,21.346167],[105.499676,21.34711],[105.500266,21.347824],[105.500984,21.347988],[105.503447,21.34756],[105.507324,21.347736],[105.511024,21.349273],[105.51285,21.35014],[105.513416,21.350886],[105.514371,21.352883],[105.514594,21.355781],[105.514447,21.356483],[105.509993,21.360017],[105.509439,21.360796],[105.509038,21.362435],[105.509427,21.362984],[105.510276,21.363302],[105.510983,21.363236],[105.512138,21.362688],[105.513693,21.361886],[105.51427,21.361788],[105.514612,21.362271],[105.514706,21.362852],[105.514365,21.364213],[105.514659,21.364685],[105.515296,21.365288],[105.51691,21.365958],[105.517817,21.366616],[105.518344,21.372907],[105.518014,21.373686],[105.517272,21.374103],[105.515752,21.373719],[105.51462,21.372699],[105.513248,21.371836],[105.508522,21.369871],[105.508204,21.369893],[105.507815,21.370508],[105.508094,21.37316],[105.510305,21.377044],[105.511864,21.377852],[105.513521,21.378157],[105.514903,21.377992],[105.516267,21.378058],[105.517188,21.378487],[105.517542,21.379114],[105.517631,21.38012],[105.517078,21.38209],[105.517415,21.382849],[105.517964,21.383344],[105.518708,21.384416],[105.518991,21.385901],[105.520178,21.386775],[105.521099,21.387913],[105.521595,21.39009],[105.521436,21.390733],[105.519098,21.392647],[105.518619,21.393636],[105.5183,21.395731],[105.518625,21.396705],[105.520397,21.397298],[105.521088,21.398074],[105.521725,21.399475],[105.522345,21.399954],[105.5244,21.400547],[105.526578,21.401751],[105.528348,21.403397],[105.528836,21.404127],[105.52901,21.404937],[105.528932,21.40587],[105.528592,21.406372],[105.528296,21.406469],[105.526337,21.405959],[105.525806,21.406194],[105.525806,21.406818],[105.526738,21.408561],[105.526441,21.409146],[105.525405,21.410086],[105.524727,21.411308],[105.524797,21.412848],[105.525303,21.414075],[105.525216,21.414464],[105.52445,21.414926],[105.523526,21.415087],[105.523204,21.415492],[105.523352,21.416092],[105.523804,21.416594],[105.524692,21.417154],[105.524866,21.418272],[105.524283,21.419334],[105.523656,21.419966],[105.523735,21.420615],[105.524583,21.421969],[105.524644,21.422884],[105.524156,21.423638],[105.523233,21.424708],[105.5226,21.425612],[105.522147,21.427403],[105.521686,21.428683],[105.521451,21.430118],[105.521747,21.431325],[105.522417,21.431973],[105.524149,21.432929],[105.525333,21.433715],[105.525917,21.434257],[105.527624,21.436562],[105.532435,21.43991],[105.533236,21.440833],[105.533219,21.442525],[105.533524,21.444235],[105.534063,21.444961],[105.535073,21.445885],[105.535752,21.446663],[105.536492,21.447822],[105.537017,21.449115],[105.536982,21.44982],[105.533536,21.452501],[105.531026,21.455006],[105.530075,21.456812],[105.529785,21.459139],[105.529106,21.460541],[105.526972,21.462364],[105.526345,21.463523],[105.525862,21.466147],[105.525009,21.467913],[105.523816,21.469128],[105.522589,21.470368],[105.52123,21.471948],[105.521117,21.473082],[105.521387,21.476306],[105.520647,21.477578],[105.518149,21.479668],[105.516303,21.484059],[105.51565,21.486627],[105.515703,21.488571],[105.515189,21.489868],[105.513622,21.490256],[105.511876,21.490261],[105.511041,21.490083],[105.510362,21.489014],[105.509526,21.488803],[105.507908,21.48886],[105.507176,21.489403],[105.506114,21.490634],[105.505461,21.490788],[105.505035,21.490723],[105.50466,21.490277],[105.504364,21.489824],[105.504103,21.489467],[105.503859,21.489297],[105.503476,21.489273],[105.502962,21.489499],[105.501998,21.490411],[105.50105,21.492023],[105.500445,21.493878],[105.498256,21.496949],[105.498076,21.497421],[105.498027,21.498744],[105.497651,21.499291],[105.497046,21.499337],[105.495886,21.498957],[105.495069,21.4985],[105.494317,21.497634],[105.493713,21.497284],[105.493059,21.497178],[105.492389,21.497451],[105.491817,21.498379],[105.490689,21.498759],[105.489872,21.4992],[105.488271,21.500979],[105.487601,21.502438],[105.487552,21.503123],[105.487797,21.504187],[105.489022,21.50703],[105.48981,21.50906],[105.490447,21.510094],[105.491379,21.510475],[105.491738,21.511341],[105.492277,21.51239],[105.493192,21.513363],[105.494974,21.514519],[105.49633,21.51534],[105.497213,21.51572],[105.49815,21.515953],[105.498748,21.51625],[105.499186,21.516657],[105.499405,21.517102],[105.499504,21.517547],[105.499425,21.518507],[105.499046,21.519656],[105.498489,21.52023],[105.497553,21.52099],[105.497115,21.52149],[105.497293,21.525125],[105.496816,21.526955],[105.493829,21.528197],[105.490754,21.521397],[105.491112,21.52023],[105.485775,21.517303],[105.476818,21.521346],[105.475504,21.523087],[105.473862,21.523599],[105.472508,21.521769],[105.473046,21.520491],[105.472608,21.519601],[105.469083,21.517378],[105.466574,21.517508],[105.464147,21.516125],[105.45875,21.518386],[105.457834,21.518293],[105.45651,21.511868],[105.455932,21.510812],[105.446889,21.509811],[105.444626,21.50867],[105.442886,21.509737],[105.4396,21.509774],[105.435807,21.507141],[105.43032,21.505791],[105.427062,21.503204],[105.423139,21.497812],[105.42051,21.501166],[105.418817,21.505224],[105.419037,21.506354],[105.417782,21.508411],[105.415432,21.508911],[105.413321,21.510634],[105.412982,21.511968],[105.412206,21.51282],[105.405913,21.511653],[105.402069,21.51371],[105.395816,21.509856],[105.389801,21.511134],[105.388826,21.513043]]]},"properties":{"npp":"NPP Long Liên"}},{"type":"Feature","geometry":{"type":"Polygon","coordinates":[[[105.318414,21.012072],[105.296553,21.034885],[105.2948,21.056346],[105.321327,21.108266],[105.303281,21.145298],[105.287401,21.159531],[105.306787,21.193185],[105.344704,21.220363],[105.357387,21.26054],[105.356459,21.283026],[105.396675,21.303106],[105.441325,21.274474],[105.443915,21.264216],[105.448781,21.264805],[105.448066,21.271251],[105.44952,21.272722],[105.449729,21.281753],[105.451948,21.284552],[105.453814,21.292688],[105.451077,21.293595],[105.449137,21.295264],[105.448888,21.296516],[105.449958,21.299181],[105.456226,21.303468],[105.455611,21.311944],[105.439837,21.328194],[105.428698,21.336698],[105.41127,21.342901],[105.39949,21.352485],[105.396569,21.354807],[105.392246,21.366079],[105.391512,21.369397],[105.394349,21.3939],[105.399084,21.408247],[105.399653,21.410611],[105.391609,21.425507],[105.388042,21.427811],[105.3785,21.433483],[105.361847,21.429464],[105.353448,21.418858],[105.348164,21.416968],[105.342537,21.420194],[105.341626,21.423571],[105.342537,21.431881],[105.343785,21.446248],[105.332524,21.476705],[105.329156,21.488555],[105.322557,21.495901],[105.32467,21.50717],[105.32361,21.511655],[105.314016,21.512417],[105.305243,21.508112],[105.295687,21.515768],[105.293793,21.523762],[105.297649,21.532372],[105.292178,21.538664],[105.278541,21.543143],[105.271266,21.543266],[105.268763,21.544008],[105.267137,21.536832],[105.266307,21.533668],[105.260571,21.532085],[105.261362,21.529693],[105.253964,21.527817],[105.251868,21.525093],[105.243959,21.524855],[105.241069,21.520305],[105.24053,21.510644],[105.245185,21.509649],[105.244549,21.508132],[105.247883,21.504932],[105.250483,21.504464],[105.251301,21.505478],[105.253242,21.50134],[105.255696,21.502179],[105.253997,21.500521],[105.25313,21.496272],[105.254439,21.49624],[105.254914,21.492485],[105.252382,21.489909],[105.253173,21.488657],[105.252224,21.4877],[105.252461,21.486596],[105.25701,21.485528],[105.263102,21.487884],[105.264803,21.486338],[105.266465,21.488105],[105.2705,21.48505],[105.272319,21.492449],[105.279559,21.487995],[105.280904,21.491381],[105.283171,21.487605],[105.293523,21.495172],[105.293523,21.490903],[105.29467,21.48689],[105.297914,21.487148],[105.30005,21.484461],[105.298709,21.481199],[105.295659,21.48078],[105.293562,21.474706],[105.287889,21.477428],[105.281181,21.472718],[105.280989,21.466885],[105.282526,21.465944],[105.280147,21.459565],[105.281672,21.457682],[105.280841,21.450198],[105.281681,21.448773],[105.283521,21.448168],[105.283801,21.447472],[105.284071,21.445205],[105.28358,21.44391],[105.283904,21.443012],[105.282948,21.443524],[105.281207,21.443423],[105.280026,21.442736],[105.279367,21.442089],[105.281751,21.437892],[105.277241,21.437302],[105.279376,21.43179],[105.277346,21.424595],[105.273864,21.420729],[105.280866,21.410336],[105.280392,21.406469],[105.27699,21.405217],[105.274577,21.400981],[105.276001,21.39612],[105.270981,21.39319],[105.269816,21.389036],[105.264128,21.387348],[105.266098,21.385265],[105.262065,21.383855],[105.258234,21.385863],[105.255898,21.38243],[105.252429,21.383428],[105.249584,21.381745],[105.234302,21.397077],[105.219838,21.391028],[105.21385,21.331861],[105.202915,21.327944],[105.202915,21.322459],[105.20144,21.320345],[105.199278,21.312889],[105.197581,21.311458],[105.195965,21.312478],[105.194384,21.3154],[105.191847,21.318665],[105.187023,21.318862],[105.18503,21.316854],[105.184587,21.314753],[105.186191,21.312828],[105.184997,21.310276],[105.186719,21.306796],[105.183774,21.302546],[105.184501,21.294154],[105.170715,21.288511],[105.166132,21.283457],[105.167636,21.278803],[105.163823,21.273873],[105.154452,21.272947],[105.147018,21.268728],[105.145094,21.272063],[105.148628,21.274397],[105.147818,21.287311],[105.148436,21.289012],[105.146526,21.293242],[105.13846,21.290175],[105.13274,21.299332],[105.137361,21.303747],[105.13046,21.3076],[105.130236,21.314202],[105.127717,21.31134],[105.116815,21.312816],[105.114291,21.308888],[105.110961,21.307862],[105.109457,21.308763],[105.105349,21.307187],[105.104114,21.302309],[105.104812,21.301583],[105.104221,21.299381],[105.10696,21.294503],[105.107629,21.288311],[105.106797,21.284733],[105.103265,21.281427],[105.101274,21.275591],[105.094473,21.273586],[105.088233,21.266598],[105.085393,21.267181],[105.083671,21.266097],[105.07251,21.273517],[105.06623,21.267919],[105.055562,21.272796],[105.050595,21.274124],[105.045816,21.278427],[105.040069,21.280654],[105.038324,21.284457],[105.037085,21.283963],[105.032225,21.286215],[105.031151,21.288417],[105.024706,21.289442],[105.022719,21.292345],[105.020222,21.292445],[105.013616,21.289743],[105.00736,21.294571],[105.002418,21.289868],[104.998794,21.288692],[104.992995,21.289251],[104.992028,21.291226],[104.987249,21.291152],[104.982925,21.295305],[104.973742,21.297032],[104.967539,21.30211],[104.965794,21.301635],[104.963242,21.307315],[104.939559,21.304441],[104.938137,21.312578],[104.933062,21.31548],[104.931908,21.318132],[104.930323,21.318282],[104.928283,21.320108],[104.926385,21.326342],[104.922355,21.328755],[104.914541,21.328105],[104.90817,21.328961],[104.908922,21.33056],[104.908412,21.332987],[104.903195,21.339023],[104.901719,21.338898],[104.901369,21.340099],[104.89927,21.340453],[104.897667,21.344227],[104.88296,21.3413],[104.87519,21.346235],[104.867467,21.356294],[104.867816,21.359195],[104.86599,21.360395],[104.863205,21.364996],[104.854377,21.364271],[104.854631,21.351071],[104.848343,21.352327],[104.844565,21.351223],[104.845183,21.347922],[104.849667,21.340443],[104.849452,21.337767],[104.842176,21.336392],[104.840215,21.336992],[104.836134,21.336267],[104.825635,21.338418],[104.819378,21.337417],[104.814378,21.333007],[104.815896,21.325828],[104.817931,21.322873],[104.829606,21.314925],[104.833348,21.31473],[104.84376,21.310743],[104.841821,21.28505],[104.843459,21.273747],[104.840892,21.263984],[104.851342,21.256842],[104.850215,21.250749],[104.856275,21.23399],[104.8509,21.234866],[104.844588,21.226596],[104.853545,21.223574],[104.859943,21.217451],[104.862075,21.211487],[104.865317,21.209976],[104.858492,21.186752],[104.851862,21.180374],[104.860307,21.17576],[104.853372,21.154262],[104.85949,21.147315],[104.872097,21.145234],[104.872097,21.141017],[104.8773,21.138312],[104.881664,21.134837],[104.897176,21.12956],[104.897688,21.125582],[104.907821,21.119181],[104.913061,21.118167],[104.913995,21.112749],[104.913061,21.112394],[104.911431,21.110278],[104.914116,21.107118],[104.914244,21.101405],[104.918975,21.092654],[104.92473,21.08925],[104.926647,21.084266],[104.922554,21.080741],[104.922683,21.07515],[104.916674,21.074663],[104.911944,21.071017],[104.910792,21.067248],[104.915011,21.06579],[104.92241,21.067272],[104.925772,21.065389],[104.930099,21.065912],[104.932784,21.064453],[104.932656,21.062022],[104.938538,21.05643],[104.956822,21.057039],[104.962831,21.060807],[104.969363,21.053872],[104.993305,21.048477],[105.000583,21.04064],[105.010221,21.038597],[105.021188,21.025546],[105.019219,21.015462],[105.028391,21.022053],[105.034253,21.020765],[105.038107,21.013303],[105.049941,21.008231],[105.055127,21.010794],[105.071235,20.995954],[105.089461,20.966542],[105.132306,20.938192],[105.16161,20.940651],[105.162088,20.943921],[105.177635,20.94493],[105.194957,20.95786],[105.207279,20.95062],[105.195528,20.930914],[105.197752,20.922422],[105.203006,20.917194],[105.224282,20.926415],[105.218674,20.9329],[105.22508,20.936709],[105.231316,20.936153],[105.231279,20.938321],[105.244585,20.942382],[105.242971,20.943926],[105.251536,20.944992],[105.260397,20.935622],[105.269064,20.94108],[105.271445,20.939766],[105.275961,20.924577],[105.281088,20.924329],[105.28514,20.929093],[105.290039,20.928526],[105.293338,20.92384],[105.313038,20.923603],[105.317286,20.928396],[105.316486,20.934906],[105.325617,20.934641],[105.330238,20.938436],[105.337013,20.94031],[105.344983,20.940881],[105.328925,20.998128],[105.318414,21.012072]]]},"properties":{"npp":"NPP Tuấn Yến"}},{"type":"Feature","geometry":{"type":"Polygon","coordinates":[[[104.406571,22.116275],[104.380227,22.090922],[104.380227,22.069678],[104.416485,22.024752],[104.433623,21.939079],[104.388261,21.911958],[104.354878,21.876334],[104.354329,21.873216],[104.355039,21.869648],[104.352773,21.864619],[104.351398,21.863991],[104.350338,21.857997],[104.34749,21.847802],[104.339036,21.839696],[104.350979,21.825446],[104.378879,21.814048],[104.384524,21.806464],[104.384377,21.803463],[104.389071,21.798866],[104.390621,21.798621],[104.391662,21.796937],[104.394679,21.79491],[104.396381,21.795231],[104.397255,21.795233],[104.399195,21.794063],[104.402076,21.794154],[104.402915,21.795071],[104.403803,21.795162],[104.408097,21.794154],[104.408862,21.793536],[104.409576,21.793398],[104.411525,21.794246],[104.412759,21.794498],[104.415797,21.791684],[104.416883,21.791543],[104.417327,21.79113],[104.417352,21.788037],[104.417673,21.786754],[104.417303,21.785424],[104.415546,21.784228],[104.41577,21.780333],[104.419057,21.777448],[104.423204,21.770824],[104.427179,21.770531],[104.430239,21.771401],[104.425037,21.763171],[104.425062,21.759017],[104.436751,21.755602],[104.442181,21.756313],[104.443889,21.75365],[104.444728,21.748534],[104.449763,21.745187],[104.460949,21.742597],[104.469869,21.760748],[104.483837,21.763952],[104.49799,21.771926],[104.505288,21.784925],[104.511233,21.774135],[104.517906,21.772247],[104.519457,21.759345],[104.532142,21.7586],[104.554035,21.735786],[104.561539,21.702189],[104.570003,21.690268],[104.574964,21.687286],[104.578874,21.687178],[104.585877,21.681538],[104.589186,21.683296],[104.591379,21.680683],[104.594222,21.682785],[104.595614,21.678597],[104.58253,21.650548],[104.593284,21.652936],[104.595016,21.652214],[104.596988,21.653713],[104.599796,21.658599],[104.601349,21.658433],[104.602484,21.657045],[104.603619,21.657156],[104.604874,21.66021],[104.611154,21.661463],[104.611255,21.657529],[104.62202,21.652467],[104.628652,21.649857],[104.629787,21.647192],[104.62913,21.642583],[104.635144,21.635606],[104.63847,21.635044],[104.638672,21.630922],[104.643612,21.625953],[104.650558,21.617032],[104.652372,21.609629],[104.651084,21.589543],[104.656721,21.575309],[104.66357,21.572371],[104.66589,21.574995],[104.681613,21.571151],[104.683125,21.568059],[104.687317,21.567277],[104.691108,21.550896],[104.708494,21.53879],[104.725921,21.531278],[104.7303,21.537789],[104.737589,21.536789],[104.742189,21.531009],[104.761927,21.534522],[104.764436,21.532744],[104.768053,21.534278],[104.769364,21.536717],[104.769061,21.54206],[104.772186,21.54731],[104.774202,21.547779],[104.775813,21.550122],[104.775613,21.552936],[104.780449,21.557528],[104.779442,21.560341],[104.784339,21.56488],[104.793998,21.565436],[104.80202,21.558466],[104.807565,21.556029],[104.8121,21.557154],[104.816229,21.555751],[104.819368,21.552831],[104.827424,21.552429],[104.834453,21.543606],[104.841278,21.54405],[104.846393,21.536391],[104.851989,21.53309],[104.859428,21.53201],[104.868565,21.541726],[104.868067,21.549531],[104.87363,21.555853],[104.889896,21.557995],[104.898991,21.564222],[104.897022,21.567572],[104.897815,21.568689],[104.896123,21.571596],[104.898179,21.575498],[104.890717,21.601595],[104.89494,21.608869],[104.897573,21.607955],[104.9026,21.61038],[104.905816,21.60871],[104.903252,21.628298],[104.918281,21.63956],[104.93507,21.641528],[104.938802,21.651681],[104.943806,21.652438],[104.94621,21.655114],[104.949459,21.656018],[104.95163,21.655753],[104.952673,21.659134],[104.955788,21.660354],[104.957612,21.660672],[104.968477,21.647526],[104.971895,21.645728],[104.972876,21.648763],[104.970268,21.650379],[104.973178,21.653962],[104.973027,21.656808],[104.976429,21.656808],[104.979893,21.659923],[104.983144,21.660099],[104.986054,21.661574],[104.986621,21.667757],[104.984882,21.668881],[104.981115,21.67137],[104.980427,21.672808],[104.989246,21.676016],[104.991023,21.678791],[104.994719,21.678163],[104.999169,21.679202],[105.001229,21.679177],[105.002136,21.684095],[104.999212,21.685765],[104.999636,21.687439],[105.004399,21.689055],[105.006371,21.68793],[105.015631,21.688649],[105.018038,21.68775],[105.020147,21.688598],[105.020147,21.691443],[105.021276,21.692766],[105.019688,21.69533],[105.021263,21.696425],[105.027135,21.695997],[105.028609,21.697612],[105.030045,21.700176],[105.031557,21.700984],[105.039087,21.697153],[105.044777,21.690068],[105.048346,21.689387],[105.049515,21.687811],[105.053923,21.687647],[105.054641,21.686032],[105.058565,21.685408],[105.061142,21.689649],[105.073197,21.681083],[105.077647,21.680845],[105.079474,21.682183],[105.086996,21.68259],[105.090047,21.68211],[105.090698,21.680649],[105.092099,21.681207],[105.093009,21.679857],[105.091585,21.678939],[105.09185,21.678171],[105.093534,21.678549],[105.094742,21.677816],[105.09546,21.68038],[105.099644,21.682782],[105.100489,21.684994],[105.099214,21.689984],[105.095826,21.695147],[105.096367,21.700127],[105.087928,21.70147],[105.086001,21.704015],[105.086856,21.706257],[105.089865,21.70779],[105.092241,21.710565],[105.090717,21.713865],[105.088059,21.715283],[105.086695,21.718174],[105.086317,21.718838],[105.081022,21.724736],[105.07717,21.72349],[105.075455,21.723543],[105.0742,21.724583],[105.072806,21.727833],[105.072807,21.729653],[105.075042,21.734721],[105.074206,21.736281],[105.073989,21.736412],[105.069463,21.739142],[105.06458,21.742387],[105.06221,21.743435],[105.056454,21.745719],[105.05677,21.747596],[105.057468,21.748944],[105.058357,21.749847],[105.060747,21.750217],[105.063403,21.750587],[105.065896,21.751645],[105.069419,21.751876],[105.068859,21.754632],[105.071451,21.754373],[105.072705,21.756648],[105.073304,21.761527],[105.077009,21.766353],[105.078492,21.77003],[105.077999,21.7721],[105.076766,21.774399],[105.0743,21.777389],[105.07356,21.779688],[105.073561,21.781987],[105.075538,21.786124],[105.07995,21.786721],[105.083693,21.801293],[105.085918,21.806579],[105.089129,21.809566],[105.096289,21.810482],[105.099006,21.812319],[105.099254,21.813468],[105.098268,21.815308],[105.097282,21.817608],[105.092609,21.820836],[105.09136,21.823128],[105.0884,21.827957],[105.085932,21.830258],[105.082229,21.830719],[105.077784,21.831411],[105.074822,21.832792],[105.072354,21.835552],[105.070134,21.839001],[105.06569,21.842451],[105.061988,21.84659],[105.059521,21.851649],[105.057794,21.856707],[105.054198,21.859627],[105.047225,21.862684],[105.043329,21.86574],[105.041483,21.868414],[105.042935,21.871865],[105.040664,21.872997],[105.041442,21.875267],[105.040255,21.877961],[105.042995,21.877983],[105.04186,21.88009],[105.040667,21.882162],[105.042995,21.883139],[105.039847,21.886744],[105.036566,21.890564],[105.033283,21.892665],[105.02877,21.89362],[105.025573,21.892073],[105.023422,21.894013],[105.020563,21.895531],[105.01728,21.895722],[105.013998,21.897441],[105.012151,21.89935],[105.011946,21.901642],[105.012973,21.906606],[105.015641,21.912525],[105.01913,21.917488],[105.020156,21.920734],[105.023079,21.923597],[105.019952,21.92608],[105.019747,21.927035],[105.018721,21.930281],[105.017695,21.933336],[105.016464,21.935437],[105.013591,21.936964],[105.011334,21.937346],[105.008871,21.937347],[105.008143,21.935013],[105.004561,21.936583],[105.001688,21.935247],[105.00152,21.935119],[104.999128,21.932814],[104.995771,21.930996],[104.99215,21.931137],[104.988378,21.933532],[104.985058,21.938039],[104.985057,21.941279],[104.987019,21.946774],[104.991092,21.957058],[104.991394,21.963256],[104.990789,21.971145],[104.991997,21.976921],[104.996373,21.984951],[104.999967,21.987451],[104.996675,21.990445],[104.995618,21.993544],[104.991392,21.994389],[104.988675,21.994952],[104.988903,21.997562],[104.988354,22.000006],[104.988373,22.000633],[104.988485,22.00474],[104.989614,22.009163],[104.992548,22.012639],[104.99379,22.015272],[104.992322,22.017378],[104.990967,22.020432],[104.990967,22.02296],[104.99187,22.025488],[104.994344,22.026492],[104.991757,22.030016],[104.993821,22.032675],[104.992434,22.036441],[104.993563,22.039074],[104.996272,22.041285],[104.996498,22.043602],[104.994014,22.045709],[104.991417,22.046446],[104.982837,22.044655],[104.977735,22.041403],[104.972903,22.041705],[104.970194,22.039492],[104.968614,22.036965],[104.965905,22.033278],[104.963874,22.030329],[104.962294,22.029696],[104.960036,22.031276],[104.956874,22.034118],[104.953035,22.036434],[104.949761,22.036433],[104.946869,22.035761],[104.944906,22.03759],[104.941744,22.04138],[104.939598,22.043802],[104.939145,22.046751],[104.940046,22.05149],[104.938916,22.054123],[104.935075,22.057807],[104.928073,22.062123],[104.926492,22.062543],[104.923105,22.062647],[104.920282,22.062014],[104.917008,22.060748],[104.913733,22.061905],[104.913004,22.064447],[104.910005,22.064957],[104.907634,22.065482],[104.903682,22.064743],[104.901197,22.065795],[104.897356,22.069373],[104.893289,22.072214],[104.890013,22.073054],[104.886927,22.070713],[104.885384,22.072735],[104.881206,22.072943],[104.877477,22.075784],[104.87684,22.079364],[104.872843,22.080414],[104.873513,22.083541],[104.870693,22.08452],[104.870238,22.088416],[104.871904,22.092048],[104.867975,22.092732],[104.865572,22.096722],[104.863114,22.097783],[104.862773,22.100416],[104.86563,22.106068],[104.863103,22.109579],[104.864449,22.112033],[104.862081,22.11516],[104.86402,22.119091],[104.860377,22.124637],[104.859921,22.129481],[104.859917,22.132746],[104.859688,22.136221],[104.859571,22.140644],[104.860584,22.14391],[104.862196,22.147603],[104.859676,22.148859],[104.855152,22.152752],[104.854684,22.157145],[104.852209,22.15812],[104.852994,22.164018],[104.854345,22.168548],[104.852647,22.172127],[104.848912,22.177074],[104.849104,22.180598],[104.848997,22.185248],[104.832255,22.178857],[104.817583,22.185749],[104.818611,22.179206],[104.780267,22.165994],[104.756863,22.173159],[104.756371,22.18743],[104.741501,22.185359],[104.724049,22.207903],[104.729448,22.224978],[104.722209,22.25756],[104.704584,22.263934],[104.682415,22.261751],[104.670245,22.276519],[104.660815,22.273455],[104.60899,22.292042],[104.585325,22.263438],[104.586162,22.250706],[104.587204,22.237228],[104.583426,22.230801],[104.596942,22.217675],[104.612023,22.225547],[104.628645,22.219009],[104.623089,22.212886],[104.616855,22.211345],[104.617455,22.194869],[104.62093,22.187595],[104.625732,22.17735],[104.625568,22.171528],[104.61932,22.178155],[104.61541,22.175806],[104.609121,22.176707],[104.603359,22.175355],[104.600681,22.183808],[104.593297,22.180352],[104.59108,22.182458],[104.588739,22.178779],[104.584237,22.1768],[104.562875,22.086224],[104.42431,22.198554],[104.384603,22.17522],[104.406571,22.116275]]]},"properties":{"npp":"NPP Đức Nam Tiến"}},{"type":"Feature","geometry":{"type":"Polygon","coordinates":[[[105.563279,23.1107],[105.562247,23.113994],[105.557409,23.119516],[105.561348,23.119536],[105.557409,23.119516],[105.552088,23.114267],[105.544811,23.110477],[105.536962,23.111049],[105.532953,23.111496],[105.529033,23.112133],[105.5276,23.109301],[105.525768,23.104171],[105.519055,23.087509],[105.517198,23.079684],[105.516577,23.077744],[105.51462,23.073599],[105.493834,23.035155],[105.492251,23.031149],[105.490888,23.026779],[105.487197,23.011248],[105.487288,23.010432],[105.487423,23.010147],[105.485806,23.009926],[105.470656,23.008076],[105.45889,23.005388],[105.454449,23.004861],[105.434305,23.002586],[105.422615,23.001618],[105.411096,22.997318],[105.38924,22.993506],[105.378754,22.992032],[105.366482,22.987435],[105.360538,22.982952],[105.359659,22.97939],[105.358772,22.972945],[105.359487,22.968978],[105.360704,22.962222],[105.360867,22.958882],[105.360896,22.948559],[105.360882,22.943229],[105.359532,22.942133],[105.355199,22.938613],[105.354849,22.938329],[105.35053,22.936007],[105.344419,22.935688],[105.342936,22.935518],[105.336865,22.933206],[105.333628,22.932213],[105.325834,22.924598],[105.321785,22.919977],[105.320251,22.918876],[105.316484,22.916173],[105.306287,22.913649],[105.303327,22.904935],[105.303693,22.893307],[105.303514,22.891724],[105.302701,22.883559],[105.302688,22.877564],[105.302147,22.876399],[105.300888,22.875735],[105.29963,22.875404],[105.295877,22.876154],[105.289243,22.877385],[105.278083,22.879441],[105.270721,22.880952],[105.267308,22.880958],[105.265869,22.880294],[105.265506,22.877095],[105.264845,22.868488],[105.268758,22.865575],[105.277168,22.858475],[105.286199,22.858048],[105.29323,22.857175],[105.301257,22.85498],[105.308888,22.850605],[105.311663,22.849337],[105.315911,22.847559],[105.319317,22.844721],[105.320278,22.843772],[105.336249,22.828947],[105.347359,22.819929],[105.353099,22.817918],[105.36315,22.81623],[105.378579,22.811864],[105.38718,22.805847],[105.389775,22.802979],[105.392191,22.800505],[105.393596,22.799129],[105.409037,22.79047],[105.426594,22.779098],[105.438063,22.773405],[105.445583,22.767721],[105.4523,22.759943],[105.455064,22.758034],[105.466368,22.753874],[105.469132,22.752081],[105.473953,22.744905],[105.474641,22.736242],[105.473226,22.730268],[105.474166,22.719761],[105.478359,22.714334],[105.487915,22.709638],[105.494,22.705622],[105.49722,22.702947],[105.497745,22.699448],[105.497554,22.696284],[105.494468,22.690625],[105.489799,22.684483],[105.484931,22.677502],[105.484924,22.675504],[105.485633,22.67317],[105.490128,22.667533],[105.491135,22.666641],[105.493481,22.660987],[105.492908,22.650996],[105.496266,22.639838],[105.499124,22.634118],[105.51622,22.63639],[105.528938,22.634074],[105.53163,22.633075],[105.536707,22.63495],[105.53926,22.637666],[105.538698,22.644027],[105.539306,22.649475],[105.541667,22.652919],[105.547751,22.657803],[105.557345,22.65995],[105.562841,22.664473],[105.570873,22.667169],[105.580079,22.669861],[105.591024,22.667459],[105.597285,22.667618],[105.599055,22.669791],[105.599069,22.673061],[105.597922,22.679061],[105.602058,22.685404],[105.609146,22.695368],[105.61347,22.699712],[105.616805,22.701698],[105.619936,22.701685],[105.631476,22.70055],[105.640477,22.700515],[105.645179,22.701767],[105.649507,22.706473],[105.657979,22.71861],[105.663093,22.723857],[105.667993,22.725472],[105.668085,22.725459],[105.676354,22.722942],[105.681375,22.722254],[105.687834,22.722227],[105.69316,22.723303],[105.699117,22.726429],[105.70893,22.731836],[105.718366,22.733329],[105.724518,22.738053],[105.730997,22.741687],[105.734227,22.741673],[105.741026,22.737977],[105.750666,22.728939],[105.756386,22.724915],[105.757091,22.72258],[105.755996,22.719254],[105.752743,22.714939],[105.751286,22.710949],[105.751277,22.709284],[105.751983,22.707282],[105.755196,22.704269],[105.762567,22.697552],[105.763735,22.697067],[105.767928,22.695362],[105.770919,22.692869],[105.771621,22.690201],[105.771249,22.687871],[105.766627,22.681144],[105.75596,22.670763],[105.748102,22.664805],[105.743752,22.656287],[105.740002,22.649946],[105.73723,22.643782],[105.729823,22.640928],[105.726468,22.639387],[105.726475,22.639345],[105.726824,22.637511],[105.728248,22.635506],[105.731769,22.632633],[105.734077,22.630776],[105.739246,22.625174],[105.74713,22.614518],[105.748051,22.613311],[105.748689,22.61252],[105.750178,22.610344],[105.750806,22.609069],[105.750996,22.607933],[105.750991,22.607116],[105.750643,22.605982],[105.748972,22.603403],[105.747878,22.602102],[105.746543,22.598022],[105.746145,22.595872],[105.746446,22.594365],[105.747595,22.592567],[105.748975,22.590768],[105.750282,22.589687],[105.752979,22.58867],[105.756141,22.58801],[105.759693,22.587993],[105.762939,22.58848],[105.764098,22.588618],[105.765253,22.58811],[105.76894,22.584651],[105.772163,22.58105],[105.774231,22.578029],[105.775225,22.576303],[105.77583,22.574078],[105.775667,22.572429],[105.774344,22.570643],[105.772399,22.567856],[105.770824,22.562414],[105.771275,22.560118],[105.771106,22.557609],[105.771482,22.555743],[105.772321,22.553874],[105.773083,22.552222],[105.774468,22.551354],[105.775548,22.551134],[105.778326,22.550977],[105.780719,22.551037],[105.781568,22.551033],[105.784731,22.548968],[105.786241,22.547638],[105.787409,22.546492],[105.790101,22.54325],[105.792672,22.539158],[105.796794,22.532982],[105.797927,22.529734],[105.802251,22.52609],[105.81333,22.523282],[105.833731,22.519513],[105.845555,22.519452],[105.856595,22.522014],[105.858114,22.522383],[105.865263,22.51968],[105.880944,22.51411],[105.882173,22.513769],[105.890284,22.510384],[105.900611,22.500667],[105.905963,22.497306],[105.909187,22.497288],[105.912174,22.498723],[105.916857,22.506972],[105.922421,22.520929],[105.928131,22.527436],[105.933024,22.528497],[105.944749,22.528429],[105.9468,22.527823],[105.951532,22.527421],[105.95179,22.527399],[105.952382,22.527349],[105.955969,22.527994],[105.964957,22.53227],[105.975332,22.539392],[105.975901,22.539688],[105.983256,22.542673],[106.008488,22.556152],[106.010289,22.556672],[106.017071,22.559898],[106.018514,22.560272],[106.020316,22.560308],[106.02381,22.559569],[106.027,22.559501],[106.030867,22.560432],[106.034378,22.562034],[106.037638,22.564356],[106.039402,22.566208],[106.041221,22.568539],[106.042584,22.571828],[106.04405,22.575212],[106.045207,22.578407],[106.045827,22.578738],[106.046754,22.57878],[106.04819,22.578149],[106.052133,22.575542],[106.058439,22.572298],[106.062648,22.570741],[106.064601,22.570393],[106.065941,22.570623],[106.068115,22.572186],[106.070441,22.573509],[106.072709,22.573972],[106.076626,22.574615],[106.078578,22.574219],[106.079758,22.573686],[106.080263,22.572392],[106.080458,22.5711],[106.080397,22.569858],[106.079769,22.568476],[106.078731,22.567431],[106.07599,22.565681],[106.073655,22.563163],[106.072556,22.560876],[106.072174,22.558059],[106.07247,22.556336],[106.073234,22.555327],[106.074771,22.554409],[106.077237,22.553866],[106.083773,22.553918],[106.085363,22.553286],[106.086638,22.551843],[106.089597,22.548525],[106.09118,22.547033],[106.091789,22.545881],[106.091881,22.544495],[106.091347,22.542108],[106.091431,22.539718],[106.092322,22.535123],[106.093722,22.530047],[106.095136,22.526596],[106.096413,22.525488],[106.098307,22.524184],[106.098919,22.523559],[106.099322,22.522504],[106.099314,22.521453],[106.09868,22.519402],[106.098669,22.517968],[106.099433,22.517007],[106.102464,22.51646],[106.108014,22.51561],[106.112635,22.51443],[106.114816,22.51385],[106.11582,22.513724],[106.116348,22.512405],[106.116869,22.510059],[106.117243,22.508503],[106.11686,22.502436],[106.116344,22.499046],[106.114469,22.493348],[106.113632,22.485228],[106.114071,22.482214],[106.114974,22.479387],[106.116583,22.474835],[106.116984,22.473494],[106.116564,22.472446],[106.115265,22.470782],[106.112157,22.467935],[106.108217,22.464091],[106.104152,22.457331],[106.102015,22.453713],[106.099477,22.451388],[106.09678,22.449233],[106.093832,22.447296],[106.093082,22.446154],[106.092823,22.444492],[106.092811,22.443058],[106.093604,22.441848],[106.098082,22.438549],[106.099058,22.437051],[106.099233,22.43573],[106.098661,22.433726],[106.098276,22.431836],[106.098263,22.430173],[106.099596,22.427009],[106.100154,22.425346],[106.100142,22.423797],[106.099507,22.421507],[106.098748,22.41916],[106.097493,22.416416],[106.097239,22.415557],[106.097233,22.414754],[106.09772,22.41389],[106.100361,22.412438],[106.102015,22.410993],[106.103358,22.409206],[106.104083,22.407251],[106.105103,22.403573],[106.106252,22.400697],[106.107358,22.400173],[106.109021,22.399818],[106.110747,22.399691],[106.112294,22.400311],[106.114962,22.402243],[106.116446,22.402634],[106.118294,22.402392],[106.12106,22.401169],[106.123648,22.400806],[106.127164,22.400725],[106.129011,22.40031],[106.130421,22.399268],[106.13238,22.397361],[106.134711,22.395854],[106.137236,22.39532],[106.138967,22.395766],[106.142502,22.398151],[106.148522,22.402582],[106.151511,22.406059],[106.153625,22.408052],[106.1553,22.409187],[106.15843,22.409736],[106.16321,22.409654],[106.164031,22.409457],[106.164745,22.40883],[106.165403,22.407631],[106.165747,22.405716],[106.166047,22.404615],[106.166608,22.404181],[106.167533,22.404078],[106.168768,22.404308],[106.170464,22.404153],[106.172615,22.403277],[106.173998,22.402645],[106.174557,22.401876],[106.174696,22.400059],[106.174844,22.397738],[106.174991,22.395967],[106.175655,22.394242],[106.176939,22.392856],[106.18063,22.391682],[106.181858,22.391042],[106.182712,22.389946],[106.183524,22.387153],[106.184669,22.393994],[106.185729,22.400869],[106.186829,22.403299],[106.18971,22.406576],[106.190963,22.408789],[106.191133,22.410724],[106.190783,22.414813],[106.191809,22.417602],[106.194149,22.420667],[106.19602,22.42302],[106.197907,22.427307],[106.198858,22.430312],[106.200572,22.432235],[106.202435,22.433655],[106.204307,22.436079],[106.209622,22.444284],[106.214002,22.451277],[106.217119,22.45491],[106.219137,22.456257],[106.223775,22.457369],[106.227712,22.45777],[106.229723,22.4584],[106.233673,22.460234],[106.237382,22.460922],[106.241082,22.460679],[106.249006,22.458251],[106.252076,22.456579],[106.256441,22.453032],[106.258359,22.45187],[106.260521,22.452211],[106.263458,22.452833],[106.265309,22.452819],[106.269156,22.451785],[106.276062,22.447787],[106.278657,22.444899],[106.282304,22.438848],[106.285086,22.431082],[106.285684,22.428998],[106.286753,22.427843],[106.288981,22.426965],[106.296378,22.42626],[106.298148,22.425888],[106.299372,22.424802],[106.304166,22.417881],[106.308978,22.413038],[106.311962,22.410505],[106.316497,22.408962],[106.319198,22.409227],[106.321056,22.410001],[106.323388,22.411989],[106.325018,22.413195],[106.326487,22.413613],[106.328182,22.413455],[106.330484,22.412218],[106.331244,22.411064],[106.331769,22.409483],[106.331114,22.405545],[106.331176,22.403967],[106.33209,22.402741],[106.335074,22.40035],[106.338131,22.397529],[106.340792,22.393564],[106.341763,22.390329],[106.342236,22.383443],[106.341567,22.377928],[106.341007,22.375781],[106.341302,22.374417],[106.342293,22.373261],[106.346233,22.370338],[106.350252,22.36497],[106.354412,22.361609],[106.357845,22.359516],[106.359874,22.358868],[106.362402,22.358846],[106.372588,22.360022],[106.375674,22.36034],[106.37815,22.361351],[106.380512,22.363224],[106.382688,22.364983],[106.384545,22.365771],[106.385911,22.366676],[106.388213,22.368779],[106.391951,22.37259],[106.393685,22.373263],[106.394857,22.373368],[106.39615,22.37307],[106.398543,22.371959],[106.401251,22.37142],[106.403567,22.371343],[106.40441,22.371336],[106.408464,22.371185],[106.410432,22.370652],[106.414099,22.367408],[106.419787,22.36277],[106.421927,22.360915],[106.424758,22.360374],[106.426982,22.360871],[106.430704,22.36296],[106.433372,22.3646],[106.435592,22.364638],[106.437558,22.363874],[106.443316,22.36021],[106.446695,22.358975],[106.451006,22.358478],[106.456625,22.35923],[106.461195,22.359878],[106.461509,22.359948],[106.464161,22.360539],[106.465961,22.361612],[106.469492,22.363186],[106.474935,22.3648],[106.478593,22.366659],[106.483477,22.369288],[106.483907,22.369563],[106.485705,22.37006],[106.487069,22.371481],[106.487657,22.372432],[106.487987,22.373265],[106.488259,22.374697],[106.487884,22.375656],[106.486224,22.376567],[106.482189,22.377739],[106.480984,22.379184],[106.480993,22.38008],[106.481259,22.380914],[106.484619,22.382736],[106.487072,22.383908],[106.487927,22.385692],[106.488071,22.387185],[106.487889,22.388202],[106.48674,22.388929],[106.484115,22.38973],[106.483095,22.390516],[106.48285,22.391594],[106.483184,22.392786],[106.485122,22.393843],[106.490342,22.395348],[106.492028,22.396767],[106.492236,22.398199],[106.491802,22.399696],[106.491305,22.401314],[106.491511,22.402507],[106.491967,22.40316],[106.493065,22.403628],[106.49699,22.404153],[106.500492,22.404789],[106.502949,22.404795],[106.505903,22.404194],[106.508975,22.403076],[106.511734,22.401559],[106.514985,22.399923],[106.517142,22.39973],[106.518627,22.400175],[106.521369,22.402788],[106.522865,22.404207],[106.52541,22.405732],[106.527341,22.407434],[106.528965,22.409254],[106.530472,22.411763],[106.53213,22.416623],[106.533452,22.419134],[106.534509,22.419869],[106.536795,22.420191],[106.541181,22.420723],[106.546001,22.421537],[106.552924,22.42279],[106.562476,22.424218],[106.562779,22.426818],[106.563408,22.427959],[106.564869,22.429881],[106.565473,22.43095],[106.565687,22.431737],[106.565463,22.432408],[106.564705,22.433562],[106.563387,22.437542],[106.563267,22.438308],[106.563274,22.438881],[106.563923,22.439496],[106.565407,22.441131],[106.565325,22.441761],[106.565289,22.44204],[106.564585,22.443481],[106.562491,22.447037],[106.56178,22.447857],[106.560576,22.448155],[106.558776,22.448197],[106.557468,22.448424],[106.556983,22.448763],[106.556681,22.449316],[106.556688,22.449985],[106.5568,22.450773],[106.557221,22.451629],[106.558353,22.454031],[106.55847,22.455297],[106.558484,22.456563],[106.558207,22.457068],[106.557492,22.457457],[106.556189,22.45821],[106.555911,22.458667],[106.555815,22.459241],[106.555975,22.459766],[106.556626,22.460476],[106.557588,22.461494],[106.557804,22.462353],[106.557786,22.463046],[106.557539,22.464004],[106.557374,22.465296],[106.557541,22.466441],[106.557958,22.467011],[106.558709,22.467458],[106.559431,22.467642],[106.560635,22.4672],[106.561556,22.466833],[106.562148,22.466851],[106.562665,22.467133],[106.563499,22.468176],[106.565549,22.472123],[106.566494,22.47381],[106.567509,22.474924],[106.569264,22.476233],[106.569532,22.476433],[106.571259,22.47687],[106.572876,22.47673],[106.57237,22.475646],[106.571302,22.473936],[106.571415,22.473017],[106.572388,22.471746],[106.574319,22.470131],[106.575538,22.470119],[106.576951,22.470847],[106.578801,22.473131],[106.581355,22.475245],[106.581939,22.477199],[106.581949,22.478041],[106.58196,22.479028],[106.581554,22.480403],[106.581149,22.481779],[106.580538,22.487684],[106.580813,22.490299],[106.580301,22.500507],[106.579957,22.51276],[106.579714,22.518497],[106.580469,22.521549],[106.582862,22.523915],[106.585266,22.527236],[106.58817,22.535565],[106.588501,22.536759],[106.588825,22.549082],[106.58949,22.550987],[106.590336,22.551815],[106.593748,22.55214],[106.595742,22.55212],[106.596841,22.552587],[106.598076,22.553769],[106.599205,22.556865],[106.601011,22.562821],[106.600945,22.566102],[106.600691,22.568456],[106.599616,22.572777],[106.599928,22.575387],[106.600631,22.578187],[106.601302,22.579332],[106.604824,22.580338],[106.606762,22.581095],[106.607678,22.582401],[106.607693,22.583655],[106.606946,22.585813],[106.605361,22.58786],[106.604302,22.590858],[106.604133,22.59289],[106.604372,22.596831],[106.604903,22.599009],[106.606949,22.603439],[106.608346,22.60459],[106.609799,22.605083],[106.620092,22.606675],[106.622301,22.606779],[106.626253,22.606321],[106.628627,22.605759],[106.630222,22.604638],[106.63123,22.602805],[106.631535,22.601369],[106.631294,22.600027],[106.630789,22.59812],[106.6317,22.595914],[106.632452,22.594174],[106.632956,22.593273],[106.634228,22.592065],[106.63608,22.590851],[106.636707,22.589471],[106.637396,22.58797],[106.639053,22.58658],[106.641715,22.585291],[106.643821,22.583871],[106.64469,22.58225],[106.645083,22.579629],[106.645882,22.578653],[106.647649,22.577918],[106.649766,22.57743],[106.651652,22.577017],[106.653852,22.576958],[106.658483,22.576946],[106.661419,22.577167],[106.666819,22.579185],[106.671086,22.580992],[106.675031,22.582684],[106.676194,22.58309],[106.677607,22.582956],[106.679715,22.581739],[106.682089,22.581236],[106.684088,22.581574],[106.687647,22.583328],[106.690943,22.584608],[106.692168,22.584834],[106.695569,22.584141],[106.704269,22.580106],[106.70639,22.579964],[106.708326,22.580481],[106.710918,22.581752],[106.713497,22.58326],[106.720258,22.588239],[106.720914,22.589248],[106.720993,22.590442],[106.721013,22.592054],[106.72154,22.593064],[106.724146,22.594348],[106.724389,22.594467],[106.726138,22.595464],[106.726672,22.597011],[106.726768,22.599519],[106.727369,22.601305],[106.727511,22.602379],[106.727013,22.603698],[106.724213,22.606177],[106.724067,22.60627],[106.72134,22.608],[106.717813,22.608934],[106.715766,22.609912],[106.713427,22.613222],[106.712807,22.615141],[106.71282,22.616216],[106.71386,22.617041],[106.7169,22.618263],[106.719997,22.618947],[106.721294,22.619829],[106.722486,22.622504],[106.723936,22.626075],[106.724205,22.626738],[106.724455,22.627506],[106.726886,22.631542],[106.727295,22.633329],[106.726668,22.63471],[106.725488,22.636151],[106.723954,22.637004],[106.722287,22.6375],[106.721202,22.638228],[106.720956,22.639187],[106.72123,22.640498],[106.722997,22.642809],[106.723724,22.644414],[106.724773,22.645956],[106.727686,22.647239],[106.730025,22.649065],[106.730749,22.650312],[106.730828,22.651506],[106.729317,22.65415],[106.729653,22.655341],[106.731279,22.656698],[106.732835,22.657577],[106.733749,22.658583],[106.734744,22.660961],[106.736466,22.664766],[106.737447,22.66601],[106.738616,22.666893],[106.739274,22.667961],[106.739358,22.669513],[106.739887,22.670642],[106.740666,22.671172],[106.742859,22.671566],[106.745565,22.671775],[106.74686,22.672359],[106.748166,22.673838],[106.749139,22.674365],[106.75017,22.674473],[106.752036,22.674393],[106.753068,22.674561],[106.754888,22.675974],[106.755619,22.677818],[106.756635,22.681749],[106.757568,22.684248],[106.757587,22.685682],[106.756768,22.687124],[106.753152,22.691286],[106.751115,22.6931],[106.750682,22.694538],[106.750703,22.696211],[106.751235,22.697519],[106.753824,22.698626],[106.75666,22.698833],[106.759119,22.699822],[106.763076,22.702168],[106.763987,22.702934],[106.764135,22.704366],[106.764089,22.7058],[106.764874,22.706807],[106.767461,22.707675],[106.769849,22.708126],[106.773712,22.708143],[106.776366,22.708545],[106.777371,22.709738],[106.777074,22.710659],[106.775423,22.712053],[106.769774,22.71504],[106.767334,22.717533],[106.764761,22.719339],[106.763542,22.720672],[106.763068,22.722283],[106.762011,22.726653],[106.760148,22.730802],[106.759853,22.731895],[106.760051,22.732867],[106.760739,22.733491],[106.763044,22.734899],[106.766343,22.73664],[106.767535,22.737946],[106.767483,22.738749],[106.766877,22.739674],[106.764116,22.741367],[106.763079,22.742411],[106.76309,22.743328],[106.763658,22.744182],[106.764966,22.74497],[106.767571,22.745572],[106.77168,22.74532],[106.773557,22.746076],[106.774795,22.747197],[106.775464,22.749101],[106.775737,22.750293],[106.776656,22.751657],[106.777954,22.752419],[106.782341,22.754034],[106.783912,22.754569],[106.785003,22.755273],[106.78563,22.755911],[106.78595,22.756768],[106.786457,22.760059],[106.786562,22.762173],[106.786418,22.762999],[106.785506,22.764192],[106.783665,22.765616],[106.783161,22.766518],[106.783234,22.767174],[106.784146,22.768],[106.785307,22.768107],[106.789599,22.766266],[106.790499,22.766137],[106.791272,22.766128],[106.792053,22.766777],[106.792149,22.769165],[106.792424,22.770536],[106.7934,22.771241],[106.794821,22.771584],[106.7972,22.771199],[106.800545,22.770922],[106.807053,22.771028],[106.80966,22.771455],[106.812376,22.772251],[106.815918,22.773587],[106.820057,22.777688],[106.820942,22.779169],[106.821213,22.780943],[106.820913,22.781635],[106.820131,22.783307],[106.820146,22.784396],[106.820411,22.785712],[106.821629,22.788966],[106.822888,22.790615],[106.82502,22.792065],[106.826386,22.793017],[106.827018,22.794085],[106.828159,22.795541],[106.829608,22.796958],[106.82985,22.797744],[106.829529,22.799755],[106.829661,22.800936],[106.83025,22.80161],[106.832424,22.802338],[106.833866,22.803181],[106.834297,22.803606],[106.834385,22.80443],[106.834015,22.805688],[106.833411,22.806734],[106.832343,22.807822],[106.830542,22.809025],[106.828695,22.80962],[106.827581,22.810206],[106.826669,22.811364],[106.825879,22.813021],[106.825117,22.813818],[106.824308,22.814043],[106.82338,22.814089],[106.822066,22.814104],[106.821028,22.81451],[106.820459,22.815341],[106.820269,22.816084],[106.819948,22.817605],[106.819727,22.818468],[106.819293,22.818831],[106.819077,22.819013],[106.816932,22.820471],[106.815543,22.820701],[106.812914,22.820696],[106.811176,22.820823],[106.808943,22.821565],[106.807132,22.822016],[106.805003,22.821861],[106.802637,22.821278],[106.800968,22.820724],[106.799494,22.820418],[106.797792,22.820329],[106.796589,22.819949],[106.795222,22.818961],[106.793456,22.816938],[106.792556,22.816123],[106.791433,22.815993],[106.789701,22.81655],[106.787806,22.816535],[106.786333,22.816229],[106.78466,22.815424],[106.78307,22.815011],[106.781414,22.815496],[106.779034,22.816848],[106.777998,22.817469],[106.777034,22.817623],[106.771586,22.817863],[106.770342,22.817375],[106.768855,22.815958],[106.76791,22.814643],[106.766734,22.813401],[106.765818,22.812959],[106.764593,22.812828],[106.763885,22.81321],[106.763754,22.813295],[106.763618,22.813623],[106.763628,22.814407],[106.763635,22.814994],[106.764075,22.816296],[106.765963,22.821889],[106.766271,22.822802],[106.766723,22.825083],[106.766781,22.82676],[106.765327,22.827923],[106.760632,22.829623],[106.755631,22.831614],[106.752547,22.832365],[106.751707,22.833162],[106.750729,22.835323],[106.749582,22.83634],[106.74674,22.837876],[106.742134,22.840507],[106.741384,22.841364],[106.740964,22.843758],[106.739948,22.845023],[106.738216,22.845639],[106.736617,22.846553],[106.735348,22.848179],[106.734327,22.848967],[106.732146,22.849767],[106.728492,22.851918],[106.723508,22.855145],[106.722168,22.856013],[106.720712,22.856695],[106.718617,22.857677],[106.716779,22.859667],[106.713929,22.862661],[106.712141,22.864018],[106.710297,22.864946],[106.707253,22.86677],[106.706102,22.868732],[106.706234,22.869419],[106.708729,22.870998],[106.711876,22.871619],[106.713636,22.872126],[106.714473,22.873073],[106.715506,22.877315],[106.715365,22.878463],[106.714761,22.879616],[106.714249,22.879909],[106.712808,22.880163],[106.711213,22.880467],[106.709778,22.881199],[106.708095,22.882699],[106.706674,22.88453],[106.705263,22.887221],[106.704454,22.88852],[106.703844,22.889244],[106.702505,22.889354],[106.700236,22.889426],[106.697147,22.889841],[106.695352,22.890673],[106.691193,22.892198],[106.689698,22.892262],[106.687837,22.891899],[106.686282,22.891295],[106.684042,22.88955],[106.681449,22.888335],[106.678709,22.887839],[106.677319,22.888044],[106.676499,22.888483],[106.67589,22.889302],[106.675692,22.889973],[106.676178,22.891736],[106.675781,22.892983],[106.675271,22.893466],[106.674395,22.893523],[106.672841,22.893014],[106.671654,22.892931],[106.670109,22.893138],[106.668001,22.893686],[106.666552,22.893367],[106.664566,22.891237],[106.664083,22.889665],[106.664116,22.888135],[106.664713,22.886361],[106.665004,22.884829],[106.664934,22.8833],[106.664769,22.882442],[106.664291,22.8813],[106.664227,22.880345],[106.664208,22.87872],[106.663936,22.877624],[106.662941,22.876344],[106.660378,22.873408],[106.658564,22.872662],[106.656961,22.872296],[106.655508,22.871547],[106.654252,22.870031],[106.653047,22.868466],[106.65221,22.867519],[106.651018,22.867054],[106.649372,22.867405],[106.646037,22.868826],[106.644458,22.870467],[106.643462,22.873344],[106.642657,22.875073],[106.641739,22.875943],[106.639216,22.876256],[106.63736,22.876275],[106.636074,22.876575],[106.635721,22.877247],[106.635524,22.878062],[106.63632,22.879917],[106.637469,22.8811],[106.637744,22.882531],[106.636295,22.886417],[106.635226,22.887575],[106.634612,22.888011],[106.633529,22.88807],[106.631563,22.887517],[106.630478,22.887385],[106.628729,22.887737],[106.628014,22.888318],[106.627724,22.889946],[106.627593,22.892002],[106.626938,22.893251],[106.625048,22.8948],[106.620378,22.896855],[106.615694,22.900529],[106.613883,22.902543],[106.611679,22.905381],[106.610726,22.907685],[106.608692,22.910142],[106.607979,22.910962],[106.60764,22.912829],[106.60776,22.914262],[106.607777,22.915648],[106.60696,22.920721],[106.606097,22.921925],[106.604557,22.922562],[106.603846,22.923525],[106.603444,22.924437],[106.60342,22.926827],[106.603021,22.928025],[106.602256,22.928702],[106.600105,22.93011],[106.599282,22.930309],[106.597475,22.930232],[106.595978,22.930151],[106.594434,22.930501],[106.593464,22.931371],[106.592003,22.93375],[106.591065,22.934407],[106.587638,22.934439],[106.585581,22.933886],[106.583472,22.932222],[106.581418,22.928659],[106.58005,22.927454],[106.578806,22.927],[106.577451,22.926906],[106.575517,22.927033],[106.572719,22.92656],[106.570805,22.926101],[106.569454,22.925302],[106.566895,22.922603],[106.565488,22.921423],[106.564505,22.921145],[106.562858,22.921496],[106.560039,22.923101],[106.55618,22.924047],[106.550367,22.925585],[106.547696,22.926567],[106.54621,22.927537],[106.543444,22.929237],[106.542367,22.929821],[106.541604,22.930784],[106.541207,22.932222],[106.540099,22.934622],[106.538777,22.936355],[106.53833,22.937841],[106.53887,22.940034],[106.539092,22.94137],[106.538741,22.942234],[106.537871,22.942911],[106.536738,22.943114],[106.533552,22.942706],[106.531517,22.942256],[106.529397,22.941894],[106.528419,22.942142],[106.52745,22.943108],[106.526591,22.944789],[106.52446,22.948011],[106.523542,22.948928],[106.521329,22.949475],[106.519939,22.949523],[106.51942,22.949541],[106.516881,22.949118],[106.512284,22.948223],[106.510313,22.947238],[106.508738,22.944864],[106.507487,22.939045],[106.505313,22.933761],[106.50442,22.932384],[106.503122,22.931631],[106.498699,22.928232],[106.49811,22.921595],[106.500383,22.917176],[106.501098,22.916548],[106.501296,22.915734],[106.500968,22.914112],[106.500376,22.911824],[106.49948,22.910112],[106.497442,22.907789],[106.496922,22.907412],[106.496044,22.907277],[106.49455,22.907482],[106.488188,22.905965],[106.487034,22.904207],[106.486099,22.903595],[106.484702,22.903225],[106.48321,22.903622],[106.480746,22.904744],[106.479258,22.905427],[106.478549,22.906628],[106.477133,22.90927],[106.474721,22.910439],[106.473897,22.910638],[106.472812,22.910409],[106.471462,22.909657],[106.470469,22.908424],[106.470095,22.907232],[106.470132,22.905942],[106.467356,22.902048],[106.46289,22.89927],[106.457212,22.898892],[106.455021,22.901493],[106.453084,22.903661],[106.452009,22.904483],[106.447629,22.904906],[106.446697,22.904627],[106.445606,22.903873],[106.442562,22.89893],[106.442133,22.897452],[106.441958,22.895494],[106.441371,22.893684],[106.440451,22.892594],[106.435313,22.889629],[106.43202,22.885429],[106.430698,22.884868],[106.429615,22.884877],[106.428005,22.886254],[106.424078,22.890962],[106.422623,22.892409],[106.419461,22.893441],[106.416364,22.893254],[106.413176,22.891705],[106.410448,22.889794],[106.409423,22.887939],[106.409707,22.885499],[106.411846,22.882827],[106.413294,22.880664],[106.413273,22.878657],[106.412252,22.87716],[106.410779,22.876958],[106.406528,22.877283],[106.404828,22.877513],[106.403752,22.878167],[106.397374,22.882453],[106.39042,22.883375],[106.382739,22.884154],[106.374962,22.884943],[106.372328,22.884679],[106.368213,22.88328],[106.363471,22.881027],[106.362527,22.879386],[106.362036,22.876738],[106.361292,22.872013],[106.361177,22.868214],[106.35859,22.864795],[106.35515,22.861168],[106.35055,22.857551],[106.347679,22.856644],[106.345823,22.856659],[106.344049,22.857176],[106.342978,22.858404],[106.337079,22.864332],[106.328041,22.872557],[106.326057,22.874407],[106.324925,22.875019],[106.324441,22.87528],[106.323746,22.875394],[106.322698,22.875044],[106.322057,22.874258],[106.321915,22.874083],[106.321199,22.872046],[106.320485,22.870259],[106.319938,22.869654],[106.315546,22.867504],[106.314692,22.867224],[106.30903,22.865622],[106.307868,22.865488],[106.306867,22.865963],[106.305339,22.867983],[106.303184,22.871281],[106.299937,22.873475],[106.297897,22.874567],[106.295007,22.87581],[106.291145,22.876486],[106.290021,22.876209],[106.289321,22.875856],[106.288889,22.875142],[106.288681,22.873567],[106.288821,22.871989],[106.288305,22.870595],[106.28729,22.869707],[106.286047,22.869072],[106.284771,22.86919],[106.278096,22.870964],[106.275288,22.872743],[106.267742,22.876567],[106.266385,22.876219],[106.264994,22.876446],[106.26314,22.876783],[106.261403,22.877191],[106.259205,22.877961],[106.257472,22.878799],[106.256781,22.879342],[106.256672,22.880096],[106.256836,22.881134],[106.257694,22.881916],[106.259441,22.882548],[106.257691,22.885788],[106.256224,22.886122],[106.25503,22.886705],[106.250456,22.889895],[106.249114,22.891232],[106.247856,22.892704],[106.247712,22.893924],[106.248033,22.895212],[106.249475,22.896857],[106.250406,22.897101],[106.253232,22.897458],[106.255209,22.897708],[106.257659,22.899087],[106.259065,22.902248],[106.259974,22.904291],[106.262361,22.90966],[106.26253,22.9112],[106.26231,22.912456],[106.261285,22.914615],[106.259841,22.917458],[106.255631,22.92251],[106.254476,22.9232],[106.25293,22.923356],[106.251305,22.923369],[106.250148,22.923808],[106.247352,22.926984],[106.246133,22.929109],[106.241823,22.936025],[106.239031,22.939818],[106.236012,22.943921],[106.233804,22.947953],[106.234239,22.948989],[106.234966,22.952317],[106.234937,22.953464],[106.234252,22.954724],[106.2326,22.956063],[106.22921,22.957882],[106.226662,22.95869],[106.22224,22.963742],[106.219511,22.965808],[106.215703,22.968691],[106.210574,22.972315],[106.208782,22.973941],[106.205308,22.978318],[106.204549,22.979996],[106.203664,22.982154],[106.201874,22.98402],[106.199246,22.985951],[106.197765,22.986381],[106.194729,22.986045],[106.187336,22.989148],[106.180957,22.986936],[106.179593,22.985931],[106.177459,22.985409],[106.175914,22.985333],[106.171853,22.985153],[106.170691,22.985101],[106.16808,22.985419],[106.165569,22.985976],[106.163508,22.986469],[106.158013,22.989108],[106.153516,22.991471],[106.148215,22.994234],[106.144682,22.996075],[106.140785,22.99691],[106.134046,22.997556],[106.132949,22.997474],[106.130452,22.996088],[106.129219,22.99526],[106.128988,22.994635],[106.124369,22.990127],[106.116532,22.986627],[106.115852,22.986334],[106.115078,22.986369],[106.114048,22.986705],[106.111835,22.988274],[106.110552,22.989209],[106.103421,22.989109],[106.101606,22.988166],[106.100506,22.987785],[106.099377,22.987793],[106.098379,22.988099],[106.09806,22.988519],[106.095967,22.993104],[106.095396,22.994333],[106.094571,22.996071],[106.093995,22.996553],[106.093158,22.996798],[106.091867,22.996807],[106.090702,22.996337],[106.086071,22.997534],[106.083693,23.000418],[106.082732,23.001249],[106.081535,23.001615],[106.080642,23.001406],[106.076021,22.999753],[106.069568,22.99657],[106.068284,22.99579],[106.066769,22.995084],[106.06253,22.993212],[106.0593,22.992875],[106.055364,22.992841],[106.053754,22.99327],[106.045167,22.993454],[106.037882,22.993147],[106.032,22.993651],[106.028537,22.993509],[106.023403,22.993298],[106.021465,22.993218],[106.019051,22.993244],[106.013218,22.993307],[106.008883,22.993378],[106.002791,22.993221],[106.001777,22.992932],[106.00136,22.992813],[106.000879,22.992676],[106.000333,22.99252],[106.000308,22.992484],[105.99942,22.991211],[105.999006,22.98751],[106.000133,22.982842],[106.003689,22.977018],[106.005441,22.97391],[106.00595,22.97169],[106.005956,22.971666],[106.005983,22.971547],[106.006044,22.971281],[106.006139,22.970866],[106.006352,22.969937],[106.006154,22.969341],[106.006004,22.968886],[106.00594,22.968694],[106.005846,22.96841],[106.005763,22.968158],[106.002934,22.959606],[106.001315,22.952552],[106.00025,22.949753],[105.996239,22.943876],[105.994557,22.942242],[105.991727,22.940808],[105.987973,22.941509],[105.984546,22.944046],[105.978311,22.948245],[105.973727,22.949628],[105.966628,22.949865],[105.958497,22.951849],[105.956304,22.951766],[105.954097,22.949844],[105.953536,22.94513],[105.952743,22.942387],[105.951702,22.941198],[105.94766,22.940109],[105.945082,22.939926],[105.944767,22.939903],[105.938885,22.939484],[105.934298,22.940479],[105.929609,22.941958],[105.924626,22.946245],[105.920458,22.947527],[105.910187,22.94178],[105.906734,22.940736],[105.901417,22.941927],[105.894407,22.939838],[105.890865,22.941019],[105.887518,22.940167],[105.884985,22.93602],[105.8817,22.928491],[105.881896,22.926651],[105.8847,22.924217],[105.885621,22.921405],[105.88289,22.918905],[105.877251,22.918646],[105.874015,22.91876],[105.869858,22.921686],[105.86852,22.924693],[105.868653,22.929144],[105.869925,22.932136],[105.869937,22.934071],[105.867866,22.936792],[105.864963,22.940001],[105.86278,22.941561],[105.858086,22.942264],[105.853501,22.94374],[105.851016,22.94714],[105.849803,22.953436],[105.843678,22.959275],[105.844423,22.961593],[105.846512,22.961582],[105.849021,22.962053],[105.85282,22.968419],[105.85252,22.970452],[105.849406,22.973565],[105.843851,22.970305],[105.838002,22.970336],[105.836451,22.972763],[105.836565,22.974408],[105.838136,22.975077],[105.840753,22.976127],[105.841179,22.977383],[105.840668,22.979224],[105.839838,22.980099],[105.835993,22.983216],[105.83384,22.989904],[105.83218,22.991655],[105.825632,22.997011],[105.820933,22.997326],[105.817274,22.996861],[105.816097,22.992222],[105.812636,22.989918],[105.801576,22.992006],[105.801799,22.994327],[105.79317,23.001338],[105.792158,23.006858],[105.783842,23.01406],[105.78158,23.020361],[105.778047,23.023765],[105.771269,23.026121],[105.762611,23.028582],[105.757492,23.028703],[105.756454,23.029966],[105.75595,23.033258],[105.75355,23.03385],[105.748437,23.035036],[105.746034,23.035241],[105.745248,23.034944],[105.739961,23.032947],[105.739678,23.032961],[105.737872,23.033053],[105.736101,23.034029],[105.729747,23.037736],[105.728406,23.040935],[105.727072,23.045392],[105.727915,23.04684],[105.727937,23.050807],[105.726599,23.054684],[105.723155,23.055571],[105.720765,23.058194],[105.720785,23.061871],[105.71986,23.064778],[105.718088,23.065754],[105.715476,23.065959],[105.713395,23.067711],[105.710387,23.071534],[105.709346,23.072857],[105.70786,23.072152],[105.706517,23.071515],[105.708884,23.064344],[105.707313,23.063867],[105.700214,23.065254],[105.695188,23.063534],[105.689132,23.064528],[105.68328,23.064747],[105.678472,23.064768],[105.674082,23.06469],[105.671375,23.066637],[105.664286,23.070344],[105.661826,23.072252],[105.658767,23.074625],[105.656266,23.076086],[105.651459,23.0763],[105.649162,23.07689],[105.646773,23.079996],[105.641699,23.08318],[105.639684,23.083106],[105.637693,23.083033],[105.633822,23.082177],[105.631518,23.081316],[105.627949,23.07804],[105.625107,23.073697],[105.623115,23.072447],[105.618815,23.069174],[105.617557,23.068404],[105.616304,23.068603],[105.613594,23.070355],[105.609948,23.073079],[105.605884,23.075707],[105.602757,23.077848],[105.600249,23.077857],[105.594709,23.077878],[105.592405,23.076823],[105.589248,23.071996],[105.587468,23.071132],[105.584854,23.071045],[105.58297,23.070374],[105.579103,23.070389],[105.576388,23.070979],[105.570231,23.073227],[105.568482,23.07479],[105.567731,23.075462],[105.567072,23.076359],[105.565237,23.078857],[105.564104,23.082926],[105.562967,23.085929],[105.560153,23.087875],[105.55995,23.089424],[105.560063,23.091455],[105.561658,23.097933],[105.563983,23.103924],[105.562217,23.10664],[105.561809,23.109061],[105.563279,23.1107]]]},"properties":{"npp":"NPP Tuấn Huyền"}},{"type":"Feature","geometry":{"type":"Polygon","coordinates":[[[105.496266,22.639838],[105.492908,22.650996],[105.493481,22.660987],[105.491135,22.666641],[105.490128,22.667533],[105.485633,22.67317],[105.484924,22.675504],[105.484931,22.677502],[105.489799,22.684483],[105.494468,22.690625],[105.497554,22.696284],[105.497745,22.699448],[105.49722,22.702947],[105.494,22.705622],[105.487915,22.709638],[105.478359,22.714334],[105.474166,22.719761],[105.473226,22.730268],[105.474641,22.736242],[105.473953,22.744905],[105.469132,22.752081],[105.466368,22.753874],[105.455064,22.758034],[105.4523,22.759943],[105.445583,22.767721],[105.438063,22.773405],[105.426594,22.779098],[105.409037,22.79047],[105.393596,22.799129],[105.392191,22.800505],[105.389775,22.802979],[105.38718,22.805847],[105.378579,22.811864],[105.36315,22.81623],[105.353099,22.817918],[105.347359,22.819929],[105.336249,22.828947],[105.320278,22.843772],[105.319317,22.844721],[105.315911,22.847559],[105.311663,22.849337],[105.308888,22.850605],[105.301257,22.85498],[105.29323,22.857175],[105.286199,22.858048],[105.277168,22.858475],[105.268758,22.865575],[105.264845,22.868488],[105.265506,22.877095],[105.265869,22.880294],[105.267308,22.880958],[105.270721,22.880952],[105.278083,22.879441],[105.289243,22.877385],[105.295877,22.876154],[105.29963,22.875404],[105.300888,22.875735],[105.302147,22.876399],[105.302688,22.877564],[105.302701,22.883559],[105.303514,22.891724],[105.303693,22.893307],[105.303327,22.904935],[105.306287,22.913649],[105.316484,22.916173],[105.320251,22.918876],[105.321785,22.919977],[105.325834,22.924598],[105.333628,22.932213],[105.336865,22.933206],[105.342936,22.935518],[105.344419,22.935688],[105.35053,22.936007],[105.354849,22.938329],[105.355199,22.938613],[105.359532,22.942133],[105.360882,22.943229],[105.360896,22.948559],[105.360867,22.958882],[105.360704,22.962222],[105.359487,22.968978],[105.358772,22.972945],[105.359659,22.97939],[105.360538,22.982952],[105.366482,22.987435],[105.378754,22.992032],[105.38924,22.993506],[105.411096,22.997318],[105.422615,23.001618],[105.434305,23.002586],[105.454449,23.004861],[105.45889,23.005388],[105.470656,23.008076],[105.485806,23.009926],[105.487423,23.010147],[105.487288,23.010432],[105.487197,23.011248],[105.490888,23.026779],[105.492251,23.031149],[105.493834,23.035155],[105.51462,23.073599],[105.516577,23.077744],[105.517198,23.079684],[105.519055,23.087509],[105.525768,23.104171],[105.5276,23.109301],[105.529033,23.112133],[105.532953,23.111496],[105.536962,23.111049],[105.544811,23.110477],[105.552088,23.114267],[105.557409,23.119516],[105.561348,23.119536],[105.562493,23.122702],[105.558121,23.127556],[105.558129,23.129394],[105.558552,23.130457],[105.56086,23.132288],[105.562746,23.133345],[105.5638,23.13518],[105.564331,23.13721],[105.563924,23.139921],[105.56216,23.143121],[105.562165,23.144282],[105.562899,23.144957],[105.565732,23.147172],[105.569406,23.150449],[105.570462,23.152671],[105.571204,23.155087],[105.572795,23.160307],[105.571547,23.162053],[105.56841,23.162064],[105.56612,23.164685],[105.561633,23.167217],[105.557154,23.171781],[105.555703,23.175076],[105.554887,23.180014],[105.554372,23.182145],[105.551673,23.187089],[105.550113,23.189224],[105.548128,23.189908],[105.546454,23.189914],[105.545409,23.190208],[105.543433,23.193021],[105.541029,23.193706],[105.538727,23.193617],[105.536351,23.193217],[105.534226,23.192859],[105.528045,23.190751],[105.52459,23.189988],[105.522291,23.190576],[105.519685,23.193004],[105.516659,23.195143],[105.514053,23.197571],[105.510992,23.197581],[105.510391,23.197582],[105.506558,23.199105],[105.500783,23.202065],[105.49765,23.203526],[105.495773,23.205274],[105.495678,23.207983],[105.496002,23.210498],[105.495382,23.212726],[105.493514,23.216893],[105.492058,23.219316],[105.489868,23.221452],[105.4904,23.223676],[105.490133,23.229449],[105.490109,23.229967],[105.489704,23.233645],[105.489186,23.235098],[105.488035,23.235198],[105.485838,23.235302],[105.485215,23.236755],[105.48418,23.239855],[105.481369,23.243928],[105.477614,23.247519],[105.475312,23.24772],[105.474063,23.249659],[105.470621,23.253056],[105.468747,23.255868],[105.466773,23.260132],[105.462709,23.265369],[105.461042,23.267599],[105.459169,23.270798],[105.45575,23.273372],[105.452355,23.275511],[105.450372,23.277404],[105.447089,23.281525],[105.444959,23.286467],[105.444602,23.28937],[105.443313,23.295325],[105.442324,23.297021],[105.439614,23.300658],[105.436477,23.301828],[105.430279,23.303777],[105.427191,23.30374],[105.425717,23.301422],[105.424869,23.298134],[105.42674,23.293678],[105.426734,23.291742],[105.422325,23.288077],[105.418968,23.285957],[105.414365,23.286937],[105.409555,23.288885],[105.401827,23.295098],[105.399115,23.298589],[105.392236,23.30925],[105.384515,23.317006],[105.38451,23.317011],[105.384502,23.317003],[105.379845,23.312473],[105.379741,23.312541],[105.377257,23.314183],[105.37581,23.315171],[105.370934,23.3185],[105.368269,23.320686],[105.367408,23.323556],[105.367212,23.324215],[105.363633,23.328555],[105.360166,23.33275],[105.35847,23.335024],[105.355053,23.338528],[105.352499,23.341402],[105.350566,23.344632],[105.349638,23.346355],[105.34941,23.34822],[105.349112,23.353024],[105.348426,23.357686],[105.349135,23.361772],[105.348911,23.364927],[105.348141,23.367581],[105.346052,23.370597],[105.342409,23.373402],[105.333648,23.379587],[105.328611,23.384401],[105.327142,23.387057],[105.326534,23.388412],[105.325597,23.390502],[105.323738,23.3928],[105.322263,23.393305],[105.32215,23.393305],[105.320943,23.393308],[105.32001,23.392951],[105.316998,23.389984],[105.315349,23.388339],[105.311525,23.384521],[105.309426,23.382977],[105.30691,23.382208],[105.304601,23.380471],[105.29903,23.37216],[105.295245,23.366167],[105.292832,23.36443],[105.289685,23.362404],[105.286432,23.359991],[105.285791,23.353702],[105.282734,23.344902],[105.282025,23.343598],[105.281683,23.342969],[105.271729,23.340857],[105.270348,23.341235],[105.26817,23.341831],[105.264613,23.343869],[105.261366,23.343875],[105.258433,23.34388],[105.254554,23.341854],[105.252247,23.339922],[105.249519,23.337314],[105.247837,23.334317],[105.248251,23.331317],[105.249266,23.330829],[105.251285,23.32986],[105.252747,23.327536],[105.253895,23.325308],[105.256189,23.320369],[105.256184,23.317757],[105.255551,23.315339],[105.254186,23.313212],[105.25251,23.312828],[105.249891,23.312154],[105.247898,23.310416],[105.248522,23.308092],[105.249407,23.301843],[105.245673,23.296195],[105.243678,23.293392],[105.241688,23.292621],[105.236555,23.29108],[105.232783,23.289634],[105.232465,23.287312],[105.233611,23.283827],[105.236748,23.281887],[105.236415,23.27105],[105.23557,23.266697],[105.232948,23.263797],[105.228758,23.261965],[105.225827,23.261873],[105.224468,23.262745],[105.223949,23.265649],[105.223953,23.267778],[105.22134,23.270201],[105.219039,23.271268],[105.216736,23.271175],[105.208254,23.269251],[105.201559,23.272163],[105.198387,23.274011],[105.197898,23.274296],[105.19654,23.276137],[105.196391,23.277213],[105.196125,23.279137],[105.19529,23.28088],[105.193303,23.281656],[105.187754,23.28147],[105.185239,23.279731],[105.181678,23.27838],[105.180527,23.278865],[105.180738,23.28051],[105.179071,23.286318],[105.176876,23.289127],[105.17091,23.290295],[105.168606,23.289716],[105.168709,23.287684],[105.165562,23.282849],[105.162205,23.278022],[105.159375,23.273953],[105.155182,23.269022],[105.153191,23.267282],[105.15162,23.266413],[105.145756,23.264774],[105.140625,23.262553],[105.136016,23.259847],[105.12764,23.257435],[105.123242,23.25531],[105.114342,23.250768],[105.107954,23.247096],[105.105128,23.246904],[105.100733,23.247778],[105.098641,23.248844],[105.098434,23.25194],[105.099691,23.254068],[105.099902,23.256391],[105.09959,23.258133],[105.095719,23.260845],[105.091185,23.262944],[105.087138,23.264817],[105.08086,23.267723],[105.077928,23.267144],[105.074997,23.265888],[105.073949,23.264243],[105.073705,23.263905],[105.072692,23.262502],[105.067457,23.25873],[105.063374,23.256797],[105.06128,23.256507],[105.056899,23.252604],[105.051962,23.249834],[105.049764,23.24877],[105.045576,23.244901],[105.045161,23.244182],[105.044738,23.243449],[105.044737,23.241127],[105.039921,23.235225],[105.037619,23.234161],[105.034165,23.233388],[105.031031,23.230192],[105.028408,23.227293],[105.026105,23.222842],[105.02307,23.220617],[105.019407,23.219359],[105.013547,23.217908],[105.008211,23.217909],[105.00413,23.218102],[105.000258,23.217522],[104.999003,23.213264],[104.995759,23.205813],[104.995222,23.204881],[104.994922,23.204361],[104.987238,23.202391],[104.985633,23.202312],[104.984513,23.202811],[104.981024,23.204706],[104.978844,23.205819],[104.977603,23.206145],[104.974954,23.205652],[104.968197,23.20322],[104.96096,23.199867],[104.959375,23.198475],[104.955842,23.192841],[104.954857,23.184034],[104.954126,23.180743],[104.94823,23.172852],[104.946334,23.171684],[104.945342,23.171358],[104.945344,23.168548],[104.948835,23.163718],[104.948166,23.157188],[104.947779,23.15566],[104.946061,23.152214],[104.943677,23.152581],[104.93468,23.156641],[104.928404,23.157897],[104.925684,23.158669],[104.924532,23.161572],[104.924427,23.163217],[104.923694,23.164958],[104.919926,23.16786],[104.91459,23.170663],[104.916156,23.174728],[104.914481,23.177437],[104.908935,23.180046],[104.904332,23.180915],[104.900847,23.180033],[104.89973,23.179751],[104.894815,23.177038],[104.889274,23.173841],[104.881268,23.168603],[104.880639,23.167702],[104.879894,23.166026],[104.879537,23.164236],[104.880145,23.154547],[104.879985,23.146724],[104.879887,23.143255],[104.876022,23.138607],[104.875189,23.134833],[104.875228,23.134043],[104.875313,23.132353],[104.876152,23.13105],[104.876422,23.130281],[104.876437,23.129329],[104.875048,23.127763],[104.874032,23.126915],[104.872371,23.126238],[104.863117,23.12483],[104.861844,23.124782],[104.860297,23.124998],[104.859902,23.125528],[104.859169,23.127065],[104.854775,23.128253],[104.852827,23.125489],[104.851946,23.124286],[104.850226,23.123251],[104.844169,23.119953],[104.842265,23.118752],[104.837993,23.116058],[104.832335,23.117181],[104.830139,23.117469],[104.827007,23.116015],[104.826586,23.11582],[104.824083,23.110979],[104.821992,23.11088],[104.820633,23.111265],[104.819173,23.117534],[104.818768,23.118534],[104.818142,23.118884],[104.802789,23.118235],[104.801476,23.117857],[104.80025,23.116907],[104.800121,23.115326],[104.800683,23.109428],[104.801303,23.102726],[104.804465,23.084635],[104.805304,23.083087],[104.808233,23.081252],[104.81001,23.081351],[104.813564,23.081259],[104.815133,23.08068],[104.815346,23.077777],[104.815139,23.076132],[104.813678,23.074872],[104.812158,23.073109],[104.812008,23.072935],[104.812011,23.070709],[104.813059,23.068388],[104.813271,23.066549],[104.813066,23.063743],[104.812024,23.061129],[104.812027,23.059194],[104.813911,23.057454],[104.817779,23.056394],[104.818827,23.05446],[104.818831,23.051363],[104.818222,23.037815],[104.820004,23.033946],[104.825973,23.024082],[104.826606,23.018664],[104.826717,23.014212],[104.829133,23.00357],[104.830079,22.999217],[104.830814,22.995831],[104.830611,22.991573],[104.830511,22.987798],[104.830827,22.985283],[104.832292,22.983446],[104.835113,22.983255],[104.83814,22.985],[104.840751,22.985003],[104.842738,22.983456],[104.84786,22.979494],[104.849846,22.979012],[104.854128,22.979306],[104.856113,22.979211],[104.857785,22.977955],[104.858519,22.97573],[104.859675,22.968473],[104.861245,22.965474],[104.863546,22.961606],[104.863656,22.95667],[104.863136,22.953767],[104.861782,22.951056],[104.860426,22.94941],[104.853333,22.941855],[104.846173,22.93478],[104.845197,22.933815],[104.843924,22.932847],[104.838833,22.928971],[104.837898,22.925002],[104.836647,22.923549],[104.834663,22.923547],[104.830589,22.924898],[104.82756,22.925572],[104.824637,22.925375],[104.819105,22.924111],[104.813886,22.922847],[104.810652,22.921101],[104.807941,22.918775],[104.806169,22.916547],[104.799074,22.913055],[104.796675,22.911794],[104.792189,22.909465],[104.787182,22.907136],[104.784051,22.906455],[104.782381,22.906452],[104.778622,22.906447],[104.776222,22.90596],[104.771322,22.901889],[104.769246,22.894918],[104.767586,22.889109],[104.764254,22.884266],[104.763005,22.882329],[104.760414,22.871874],[104.758438,22.867709],[104.75771,22.866257],[104.75646,22.86461],[104.75521,22.863447],[104.755213,22.861898],[104.75386,22.859961],[104.751463,22.858022],[104.742475,22.859097],[104.740294,22.859359],[104.734867,22.85935],[104.731634,22.858376],[104.727674,22.855467],[104.723402,22.852266],[104.723407,22.84975],[104.729053,22.844243],[104.730317,22.838343],[104.732733,22.830218],[104.731904,22.826829],[104.730553,22.824505],[104.726697,22.822369],[104.722734,22.821491],[104.719707,22.822067],[104.711564,22.824665],[104.702063,22.827454],[104.697994,22.827446],[104.691685,22.82554],[104.687359,22.824232],[104.679957,22.821895],[104.672243,22.819266],[104.669842,22.819552],[104.667959,22.82158],[104.665492,22.825696],[104.665236,22.826123],[104.661159,22.829307],[104.657708,22.8323],[104.651857,22.835481],[104.650581,22.835879],[104.646009,22.837307],[104.640583,22.837391],[104.636414,22.835543],[104.631509,22.836112],[104.627121,22.838231],[104.625237,22.840356],[104.621778,22.847661],[104.618968,22.844845],[104.617495,22.84249],[104.61736,22.840595],[104.618003,22.837199],[104.61964,22.831128],[104.619021,22.8259],[104.617478,22.823348],[104.615794,22.821319],[104.612351,22.818175],[104.611174,22.81729],[104.609268,22.818788],[104.608245,22.819504],[104.605602,22.819955],[104.602995,22.819499],[104.601766,22.819096],[104.599901,22.818765],[104.598315,22.818989],[104.597539,22.819608],[104.596762,22.820357],[104.596301,22.821369],[104.596299,22.822153],[104.596506,22.823656],[104.597451,22.825357],[104.599308,22.827716],[104.599945,22.828401],[104.601207,22.830233],[104.601202,22.832062],[104.601055,22.834152],[104.599388,22.8377],[104.59682,22.842782],[104.596233,22.844985],[104.59524,22.847073],[104.590599,22.85117],[104.590413,22.851425],[104.589235,22.853005],[104.589119,22.85316],[104.588439,22.853226],[104.583775,22.852446],[104.579284,22.853498],[104.574904,22.852616],[104.57136,22.851445],[104.561563,22.847644],[104.552809,22.84404],[104.546244,22.841408],[104.543748,22.838788],[104.546569,22.837635],[104.54887,22.83619],[104.548665,22.835028],[104.54565,22.831826],[104.541695,22.828912],[104.538258,22.827063],[104.533155,22.824145],[104.528679,22.821132],[104.525454,22.818607],[104.523376,22.816181],[104.522453,22.81163],[104.520908,22.805819],[104.518417,22.802231],[104.514887,22.797576],[104.508478,22.794408],[104.507598,22.793973],[104.506769,22.792325],[104.504797,22.789706],[104.502403,22.788441],[104.499484,22.788045],[104.497194,22.786586],[104.494185,22.782318],[104.491174,22.778535],[104.48288,22.771716],[104.47984,22.769595],[104.470172,22.761435],[104.455815,22.752871],[104.443012,22.747311],[104.432077,22.743982],[104.421673,22.738526],[104.419492,22.736389],[104.414511,22.730855],[104.410976,22.728616],[104.407133,22.725312],[104.404031,22.719397],[104.396494,22.702531],[104.389391,22.705794],[104.384496,22.704905],[104.376407,22.695777],[104.371947,22.690921],[104.367888,22.689647],[104.365277,22.690701],[104.362764,22.693207],[104.360989,22.693877],[104.352859,22.693942],[104.350456,22.695093],[104.347095,22.700595],[104.341456,22.714537],[104.338134,22.704969],[104.334774,22.696004],[104.334341,22.691685],[104.335717,22.688531],[104.34414,22.682142],[104.352786,22.676491],[104.357443,22.674825],[104.36663,22.674546],[104.378296,22.677645],[104.388505,22.680033],[104.400005,22.660877],[104.403218,22.655857],[104.402249,22.651341],[104.404356,22.646194],[104.406818,22.639607],[104.414245,22.631113],[104.42832,22.615152],[104.431941,22.612665],[104.441237,22.61318],[104.450542,22.612413],[104.458653,22.611228],[104.458188,22.606011],[104.460604,22.596858],[104.461888,22.587279],[104.464081,22.576861],[104.461828,22.573378],[104.454801,22.573881],[104.443682,22.577108],[104.436089,22.577292],[104.428726,22.576634],[104.424428,22.574513],[104.421951,22.570607],[104.420954,22.565338],[104.41985,22.558174],[104.421022,22.548911],[104.420013,22.546485],[104.416858,22.542156],[104.414384,22.537829],[104.412816,22.533611],[104.412823,22.532032],[104.414533,22.5293],[104.416693,22.527518],[104.421232,22.525744],[104.427014,22.524606],[104.432577,22.521677],[104.435539,22.51737],[104.438401,22.509903],[104.440221,22.508014],[104.448975,22.499936],[104.455218,22.496482],[104.464065,22.493141],[104.468492,22.490418],[104.471675,22.487375],[104.471681,22.485584],[104.471461,22.484004],[104.468187,22.481255],[104.464121,22.478504],[104.460739,22.474491],[104.456122,22.468051],[104.451492,22.464666],[104.447882,22.461284],[104.447101,22.458543],[104.447116,22.454541],[104.448038,22.450648],[104.451343,22.445078],[104.455666,22.439722],[104.460099,22.435208],[104.462947,22.430479],[104.464775,22.426167],[104.466931,22.424911],[104.470559,22.423238],[104.475429,22.422517],[104.481318,22.422009],[104.485622,22.42118],[104.48835,22.418135],[104.490866,22.410982],[104.492461,22.408354],[104.49439,22.406781],[104.495865,22.405837],[104.49926,22.406059],[104.504695,22.405549],[104.50685,22.404292],[104.512295,22.400622],[104.519551,22.397169],[104.523752,22.393179],[104.529199,22.388772],[104.534186,22.386575],[104.543363,22.383442],[104.547216,22.381663],[104.549492,22.377878],[104.551548,22.37167],[104.549971,22.369454],[104.54625,22.365653],[104.544788,22.362805],[104.545361,22.360385],[104.547972,22.357759],[104.551032,22.356188],[104.558841,22.355788],[104.565515,22.356122],[104.568795,22.356447],[104.573098,22.3553],[104.576842,22.352045],[104.579227,22.348892],[104.578898,22.345521],[104.574497,22.341929],[104.569529,22.338546],[104.565467,22.335165],[104.563891,22.332528],[104.565141,22.330741],[104.580626,22.312019],[104.570702,22.292801],[104.543039,22.274549],[104.548606,22.251197],[104.552509,22.241006],[104.574122,22.244246],[104.579748,22.251655],[104.586162,22.250706],[104.585325,22.263438],[104.60899,22.292042],[104.660815,22.273455],[104.670245,22.276519],[104.682415,22.261751],[104.704584,22.263934],[104.722209,22.25756],[104.729448,22.224978],[104.724049,22.207903],[104.741501,22.185359],[104.756371,22.18743],[104.756863,22.173159],[104.780267,22.165994],[104.818611,22.179206],[104.817583,22.185749],[104.832255,22.178857],[104.848997,22.185248],[104.854862,22.189804],[104.856893,22.198608],[104.870278,22.201257],[104.876556,22.198864],[104.874987,22.194014],[104.877874,22.189082],[104.882703,22.184657],[104.889423,22.185671],[104.893371,22.182778],[104.897688,22.185826],[104.894505,22.190473],[104.900679,22.204606],[104.906782,22.213057],[104.911375,22.211824],[104.912988,22.226374],[104.912101,22.235638],[104.91528,22.239402],[104.918903,22.240771],[104.916167,22.247787],[104.909662,22.249429],[104.907518,22.257024],[104.902451,22.263399],[104.892939,22.270119],[104.893825,22.274872],[104.897633,22.276511],[104.904585,22.274176],[104.907994,22.27897],[104.911714,22.283518],[104.911891,22.28763],[104.914503,22.289678],[104.921234,22.288203],[104.921775,22.29278],[104.915409,22.297012],[104.918438,22.304501],[104.911836,22.31047],[104.910744,22.313386],[104.904468,22.313596],[104.901934,22.315593],[104.896822,22.315646],[104.895603,22.320217],[104.891289,22.324396],[104.897909,22.329861],[104.896347,22.338977],[104.900962,22.344082],[104.900297,22.349227],[104.907647,22.349007],[104.914666,22.336213],[104.920114,22.332942],[104.928479,22.332909],[104.939316,22.332189],[104.94752,22.321661],[104.960825,22.31842],[104.981307,22.324352],[105.008814,22.294198],[105.011085,22.268146],[105.059105,22.312413],[105.047699,22.357177],[105.081507,22.352796],[105.082483,22.367258],[105.072563,22.383638],[105.076928,22.39508],[105.090369,22.39481],[105.100333,22.416992],[105.095299,22.430064],[105.086558,22.438566],[105.107964,22.450898],[105.117677,22.45633],[105.109379,22.473954],[105.111681,22.484782],[105.10685,22.49115],[105.118199,22.510636],[105.127177,22.537507],[105.118021,22.569093],[105.113096,22.574574],[105.121856,22.580066],[105.122109,22.583558],[105.132442,22.588875],[105.133073,22.591788],[105.128971,22.595065],[105.125974,22.604824],[105.133002,22.610695],[105.138959,22.613391],[105.140848,22.623321],[105.142486,22.625488],[105.153037,22.618641],[105.158729,22.622301],[105.153996,22.629797],[105.156618,22.631332],[105.143918,22.653039],[105.131784,22.671629],[105.141554,22.69027],[105.149522,22.697036],[105.209723,22.671149],[105.212312,22.664604],[105.237765,22.658813],[105.245952,22.649371],[105.253059,22.6543],[105.279853,22.643015],[105.28857,22.625326],[105.286397,22.617202],[105.296022,22.613272],[105.31486,22.609928],[105.324257,22.63143],[105.32385,22.635921],[105.331836,22.640541],[105.362563,22.638568],[105.385887,22.627232],[105.394864,22.62996],[105.416009,22.611116],[105.450962,22.607141],[105.476856,22.620104],[105.499124,22.634118],[105.496266,22.639838]]]},"properties":{"npp":"NPP Hùng Huệ"}},{"type":"Feature","geometry":{"type":"Polygon","coordinates":[[[105.499124,22.634118],[105.476856,22.620104],[105.450962,22.607141],[105.416009,22.611116],[105.394864,22.62996],[105.385887,22.627232],[105.362563,22.638568],[105.331836,22.640541],[105.32385,22.635921],[105.324257,22.63143],[105.31486,22.609928],[105.296022,22.613272],[105.286397,22.617202],[105.28857,22.625326],[105.279853,22.643015],[105.253059,22.6543],[105.245952,22.649371],[105.237765,22.658813],[105.212312,22.664604],[105.209723,22.671149],[105.149522,22.697036],[105.141554,22.69027],[105.131784,22.671629],[105.143918,22.653039],[105.156618,22.631332],[105.153996,22.629797],[105.158729,22.622301],[105.153037,22.618641],[105.142486,22.625488],[105.140848,22.623321],[105.138959,22.613391],[105.133002,22.610695],[105.125974,22.604824],[105.128971,22.595065],[105.133073,22.591788],[105.132442,22.588875],[105.122109,22.583558],[105.121856,22.580066],[105.113096,22.574574],[105.118021,22.569093],[105.127177,22.537507],[105.118199,22.510636],[105.10685,22.49115],[105.111681,22.484782],[105.109379,22.473954],[105.117677,22.45633],[105.107964,22.450898],[105.086558,22.438566],[105.095299,22.430064],[105.100333,22.416992],[105.090369,22.39481],[105.076928,22.39508],[105.072563,22.383638],[105.082483,22.367258],[105.081507,22.352796],[105.047699,22.357177],[105.059105,22.312413],[105.011085,22.268146],[105.008814,22.294198],[104.981307,22.324352],[104.960825,22.31842],[104.94752,22.321661],[104.939316,22.332189],[104.928479,22.332909],[104.920114,22.332942],[104.914666,22.336213],[104.907647,22.349007],[104.900297,22.349227],[104.900962,22.344082],[104.896347,22.338977],[104.897909,22.329861],[104.891289,22.324396],[104.895603,22.320217],[104.896822,22.315646],[104.901934,22.315593],[104.904468,22.313596],[104.910744,22.313386],[104.911836,22.31047],[104.918438,22.304501],[104.915409,22.297012],[104.921775,22.29278],[104.921234,22.288203],[104.914503,22.289678],[104.911891,22.28763],[104.911714,22.283518],[104.907994,22.27897],[104.904585,22.274176],[104.897633,22.276511],[104.893825,22.274872],[104.892939,22.270119],[104.902451,22.263399],[104.907518,22.257024],[104.909662,22.249429],[104.916167,22.247787],[104.918903,22.240771],[104.91528,22.239402],[104.912101,22.235638],[104.912988,22.226374],[104.911375,22.211824],[104.906782,22.213057],[104.900679,22.204606],[104.894505,22.190473],[104.897688,22.185826],[104.893371,22.182778],[104.889423,22.185671],[104.882703,22.184657],[104.877874,22.189082],[104.874987,22.194014],[104.876556,22.198864],[104.870278,22.201257],[104.856893,22.198608],[104.854862,22.189804],[104.848997,22.185248],[104.849104,22.180598],[104.848912,22.177074],[104.852647,22.172127],[104.854345,22.168548],[104.852994,22.164018],[104.852209,22.15812],[104.854684,22.157145],[104.855152,22.152752],[104.859676,22.148859],[104.862196,22.147603],[104.860584,22.14391],[104.859571,22.140644],[104.859688,22.136221],[104.859917,22.132746],[104.859921,22.129481],[104.860377,22.124637],[104.86402,22.119091],[104.862081,22.11516],[104.864449,22.112033],[104.863103,22.109579],[104.86563,22.106068],[104.862773,22.100416],[104.863114,22.097783],[104.865572,22.096722],[104.867975,22.092732],[104.871904,22.092048],[104.870238,22.088416],[104.870693,22.08452],[104.873513,22.083541],[104.872843,22.080414],[104.87684,22.079364],[104.877477,22.075784],[104.881206,22.072943],[104.885384,22.072735],[104.886927,22.070713],[104.890013,22.073054],[104.893289,22.072214],[104.897356,22.069373],[104.901197,22.065795],[104.903682,22.064743],[104.907634,22.065482],[104.910005,22.064957],[104.913004,22.064447],[104.913733,22.061905],[104.917008,22.060748],[104.920282,22.062014],[104.923105,22.062647],[104.926492,22.062543],[104.928073,22.062123],[104.935075,22.057807],[104.938916,22.054123],[104.940046,22.05149],[104.939145,22.046751],[104.939598,22.043802],[104.941744,22.04138],[104.944906,22.03759],[104.946869,22.035761],[104.949761,22.036433],[104.953035,22.036434],[104.956874,22.034118],[104.960036,22.031276],[104.962294,22.029696],[104.963874,22.030329],[104.965905,22.033278],[104.968614,22.036965],[104.970194,22.039492],[104.972903,22.041705],[104.977735,22.041403],[104.982837,22.044655],[104.991417,22.046446],[104.994014,22.045709],[104.996498,22.043602],[104.996272,22.041285],[104.993563,22.039074],[104.992434,22.036441],[104.993821,22.032675],[104.991757,22.030016],[104.994344,22.026492],[104.99187,22.025488],[104.990967,22.02296],[104.990967,22.020432],[104.992322,22.017378],[104.99379,22.015272],[104.992548,22.012639],[104.989614,22.009163],[104.988485,22.00474],[104.988373,22.000633],[104.988354,22.000006],[104.988903,21.997562],[104.988675,21.994952],[104.991392,21.994389],[104.995618,21.993544],[104.996675,21.990445],[104.999967,21.987451],[104.996373,21.984951],[104.991997,21.976921],[104.990789,21.971145],[104.991394,21.963256],[104.991092,21.957058],[104.987019,21.946774],[104.985057,21.941279],[104.985058,21.938039],[104.988378,21.933532],[104.99215,21.931137],[104.995771,21.930996],[104.999128,21.932814],[105.00152,21.935119],[105.001688,21.935247],[105.004561,21.936583],[105.008143,21.935013],[105.008871,21.937347],[105.011334,21.937346],[105.013591,21.936964],[105.016464,21.935437],[105.017695,21.933336],[105.018721,21.930281],[105.019747,21.927035],[105.019952,21.92608],[105.023079,21.923597],[105.020156,21.920734],[105.01913,21.917488],[105.015641,21.912525],[105.012973,21.906606],[105.011946,21.901642],[105.012151,21.89935],[105.013998,21.897441],[105.01728,21.895722],[105.020563,21.895531],[105.023422,21.894013],[105.025573,21.892073],[105.02877,21.89362],[105.033283,21.892665],[105.036566,21.890564],[105.039847,21.886744],[105.042995,21.883139],[105.040667,21.882162],[105.04186,21.88009],[105.042995,21.877983],[105.040255,21.877961],[105.041442,21.875267],[105.040664,21.872997],[105.042935,21.871865],[105.041483,21.868414],[105.043329,21.86574],[105.047225,21.862684],[105.054198,21.859627],[105.057794,21.856707],[105.059521,21.851649],[105.061988,21.84659],[105.06569,21.842451],[105.070134,21.839001],[105.072354,21.835552],[105.074822,21.832792],[105.077784,21.831411],[105.082229,21.830719],[105.085932,21.830258],[105.0884,21.827957],[105.09136,21.823128],[105.092609,21.820836],[105.097282,21.817608],[105.098268,21.815308],[105.099254,21.813468],[105.099006,21.812319],[105.096289,21.810482],[105.089129,21.809566],[105.085918,21.806579],[105.083693,21.801293],[105.07995,21.786721],[105.075538,21.786124],[105.073561,21.781987],[105.07356,21.779688],[105.0743,21.777389],[105.076766,21.774399],[105.077999,21.7721],[105.078492,21.77003],[105.077009,21.766353],[105.073304,21.761527],[105.072705,21.756648],[105.071451,21.754373],[105.068859,21.754632],[105.069419,21.751876],[105.065896,21.751645],[105.063403,21.750587],[105.060747,21.750217],[105.058357,21.749847],[105.057468,21.748944],[105.05677,21.747596],[105.056454,21.745719],[105.06221,21.743435],[105.06458,21.742387],[105.069463,21.739142],[105.073989,21.736412],[105.074206,21.736281],[105.075042,21.734721],[105.072807,21.729653],[105.072806,21.727833],[105.0742,21.724583],[105.075455,21.723543],[105.07717,21.72349],[105.081022,21.724736],[105.086317,21.718838],[105.086695,21.718174],[105.089583,21.718893],[105.092452,21.719246],[105.093512,21.718421],[105.095444,21.718521],[105.099717,21.716336],[105.101132,21.717279],[105.101873,21.717034],[105.102595,21.71582],[105.104053,21.715043],[105.104443,21.714273],[105.104463,21.713406],[105.104648,21.712472],[105.105263,21.712228],[105.106385,21.712228],[105.109087,21.7059],[105.1098,21.705773],[105.110649,21.705792],[105.113049,21.70648],[105.113802,21.706421],[105.116046,21.704862],[105.119286,21.705397],[105.123949,21.704472],[105.125715,21.703448],[105.126993,21.702937],[105.127568,21.702547],[105.128905,21.70058],[105.132212,21.697018],[105.133274,21.696497],[105.134152,21.696243],[105.135749,21.699726],[105.140347,21.698238],[105.143715,21.698052],[105.146242,21.69971],[105.149149,21.700037],[105.150398,21.699257],[105.151402,21.697855],[105.150807,21.696332],[105.150544,21.695598],[105.150397,21.695217],[105.150446,21.694556],[105.150739,21.693912],[105.150563,21.693295],[105.151109,21.692779],[105.151295,21.6917],[105.152105,21.69083],[105.152645,21.690502],[105.15365,21.689079],[105.15525,21.688725],[105.160557,21.684597],[105.162122,21.688491],[105.165123,21.688006],[105.166801,21.688305],[105.168869,21.68786],[105.17126,21.686301],[105.173724,21.685781],[105.175246,21.686025],[105.1771,21.687104],[105.17949,21.682163],[105.18039,21.680436],[105.184673,21.679565],[105.185425,21.678523],[105.185259,21.677027],[105.195008,21.67326],[105.195077,21.672462],[105.193935,21.671482],[105.194968,21.669429],[105.19689,21.668105],[105.199661,21.668042],[105.199993,21.666156],[105.202247,21.664143],[105.20582,21.662093],[105.208522,21.661077],[105.212054,21.661059],[105.216367,21.66232],[105.219284,21.661748],[105.221567,21.660198],[105.223236,21.659799],[105.227889,21.65979],[105.23029,21.659889],[105.232936,21.659846],[105.234807,21.658284],[105.2382,21.644757],[105.225021,21.629744],[105.226189,21.627014],[105.228861,21.622929],[105.229509,21.620574],[105.233333,21.61753],[105.23765,21.617387],[105.244049,21.616144],[105.247055,21.615977],[105.248058,21.613421],[105.250109,21.610725],[105.250161,21.608551],[105.250212,21.603796],[105.249834,21.603579],[105.248923,21.602074],[105.248433,21.601897],[105.248315,21.601719],[105.245672,21.600839],[105.244919,21.600096],[105.244227,21.597899],[105.247914,21.593972],[105.248465,21.584359],[105.26046,21.570308],[105.270528,21.564326],[105.275186,21.558988],[105.271931,21.553355],[105.266119,21.548439],[105.268763,21.544008],[105.271266,21.543266],[105.278541,21.543143],[105.292178,21.538664],[105.297649,21.532372],[105.293793,21.523762],[105.295687,21.515768],[105.305243,21.508112],[105.314016,21.512417],[105.32361,21.511655],[105.32467,21.50717],[105.34136,21.502985],[105.337353,21.507699],[105.338548,21.512149],[105.343516,21.514288],[105.344435,21.517711],[105.347901,21.5192],[105.353818,21.517626],[105.362944,21.519441],[105.3655,21.523616],[105.367556,21.522196],[105.368536,21.523702],[105.371322,21.524274],[105.377513,21.522118],[105.381569,21.522488],[105.383958,21.520265],[105.387832,21.518851],[105.388826,21.513043],[105.389801,21.511134],[105.395816,21.509856],[105.402069,21.51371],[105.405913,21.511653],[105.412206,21.51282],[105.412982,21.511968],[105.413321,21.510634],[105.415432,21.508911],[105.417782,21.508411],[105.419037,21.506354],[105.418817,21.505224],[105.42051,21.501166],[105.423139,21.497812],[105.427062,21.503204],[105.43032,21.505791],[105.435807,21.507141],[105.4396,21.509774],[105.442886,21.509737],[105.444626,21.50867],[105.446889,21.509811],[105.455932,21.510812],[105.45651,21.511868],[105.457834,21.518293],[105.45875,21.518386],[105.464147,21.516125],[105.466574,21.517508],[105.469083,21.517378],[105.472608,21.519601],[105.473046,21.520491],[105.472508,21.521769],[105.473862,21.523599],[105.475504,21.523087],[105.476818,21.521346],[105.485775,21.517303],[105.491112,21.52023],[105.490754,21.521397],[105.493829,21.528197],[105.496816,21.526955],[105.497293,21.525125],[105.501236,21.528303],[105.50535,21.527774],[105.505223,21.529746],[105.506362,21.531601],[105.509716,21.53275],[105.509811,21.533986],[105.513608,21.536607],[105.518545,21.5339],[105.522342,21.535432],[105.524704,21.544334],[105.542681,21.573734],[105.496514,21.61772],[105.481429,21.67834],[105.477472,21.696489],[105.485134,21.702371],[105.490289,21.703547],[105.494541,21.716347],[105.500458,21.71761],[105.499333,21.723095],[105.502801,21.726317],[105.50449,21.730059],[105.509223,21.73106],[105.516112,21.737198],[105.516346,21.740275],[105.511848,21.743278],[105.508989,21.750242],[105.510582,21.764301],[105.495995,21.772666],[105.493389,21.779112],[105.497963,21.792292],[105.495292,21.797339],[105.495926,21.799728],[105.492938,21.804752],[105.495386,21.818441],[105.493606,21.828148],[105.497743,21.832399],[105.520675,21.830874],[105.528078,21.834577],[105.529233,21.851275],[105.522694,21.869936],[105.518266,21.876205],[105.520406,21.883468],[105.52567,21.888381],[105.543009,21.890599],[105.547039,21.896947],[105.545165,21.903687],[105.553001,21.908728],[105.553813,21.918906],[105.550905,21.921346],[105.550624,21.931084],[105.552341,21.944289],[105.549563,21.947911],[105.555784,21.957699],[105.553061,21.959283],[105.542234,21.965037],[105.533392,21.969944],[105.528709,21.975005],[105.524213,21.981747],[105.519344,21.985631],[105.513925,21.987498],[105.509774,21.989866],[105.506893,21.993238],[105.504375,21.997451],[105.504603,22],[105.504601,22.000011],[105.504601,22.000015],[105.503612,22.005635],[105.502443,22.007099],[105.49763,22.012228],[105.493717,22.016237],[105.490179,22.025576],[105.487728,22.039908],[105.486083,22.048051],[105.479564,22.055395],[105.478394,22.056494],[105.466401,22.069952],[105.464635,22.075953],[105.465002,22.07895],[105.466812,22.086274],[105.46941,22.094562],[105.47133,22.098115],[105.470369,22.102115],[105.464923,22.105037],[105.462205,22.108134],[105.46106,22.115404],[105.465761,22.123022],[105.470258,22.127369],[105.472214,22.129362],[105.472804,22.130995],[105.472827,22.137899],[105.478696,22.144423],[105.486317,22.150214],[105.490613,22.152563],[105.490825,22.157468],[105.489079,22.159835],[105.475838,22.164053],[105.468622,22.162984],[105.46551,22.164991],[105.459492,22.172821],[105.459494,22.173491],[105.460064,22.180818],[105.460075,22.184315],[105.459008,22.185984],[105.455977,22.188324],[105.450445,22.191171],[105.442071,22.199523],[105.433697,22.208539],[105.429601,22.213714],[105.430587,22.216462],[105.430959,22.217265],[105.430875,22.221039],[105.434117,22.229025],[105.437169,22.232848],[105.437355,22.235346],[105.437366,22.238844],[105.435934,22.245705],[105.435938,22.247012],[105.434805,22.259006],[105.437156,22.26227],[105.442974,22.264169],[105.448808,22.266545],[105.455962,22.266525],[105.459181,22.266516],[105.463117,22.267171],[105.465632,22.270495],[105.468147,22.273819],[105.46744,22.276486],[105.462439,22.278499],[105.460656,22.28017],[105.460304,22.281837],[105.460669,22.284167],[105.464123,22.285844],[105.464935,22.286356],[105.479579,22.289765],[105.486813,22.294104],[105.486822,22.296648],[105.483712,22.300109],[105.482278,22.301504],[105.478281,22.308767],[105.478291,22.311765],[105.480089,22.314425],[105.485111,22.318074],[105.486695,22.31846],[105.494422,22.320378],[105.49659,22.326368],[105.496609,22.331697],[105.496638,22.340025],[105.497721,22.342687],[105.501308,22.345008],[105.508119,22.347985],[105.511352,22.351306],[105.513418,22.358046],[105.51399,22.362695],[105.51396,22.363949],[105.51217,22.379285],[105.516882,22.395259],[105.519774,22.402578],[105.521614,22.403633],[105.526592,22.406887],[105.536027,22.408042],[105.544847,22.405827],[105.55307,22.402801],[105.557008,22.402788],[105.559166,22.405112],[105.559533,22.407442],[105.559541,22.409441],[105.554546,22.413789],[105.550624,22.418133],[105.549923,22.421799],[105.549951,22.429128],[105.551426,22.439782],[105.556129,22.451758],[105.564065,22.465721],[105.570905,22.474358],[105.585994,22.484963],[105.591743,22.48894],[105.593912,22.493595],[105.593017,22.53557],[105.581978,22.555172],[105.562676,22.564992],[105.546892,22.58903],[105.549875,22.598185],[105.529039,22.619033],[105.53163,22.633075],[105.528938,22.634074],[105.51622,22.63639],[105.499124,22.634118]]]},"properties":{"npp":"NPP Long Châm"}},{"type":"Feature","geometry":{"type":"Polygon","coordinates":[[[105.099644,21.682782],[105.09546,21.68038],[105.094742,21.677816],[105.093534,21.678549],[105.09185,21.678171],[105.091585,21.678939],[105.093009,21.679857],[105.092099,21.681207],[105.090698,21.680649],[105.090047,21.68211],[105.086996,21.68259],[105.079474,21.682183],[105.077647,21.680845],[105.073197,21.681083],[105.061142,21.689649],[105.058565,21.685408],[105.054641,21.686032],[105.053923,21.687647],[105.049515,21.687811],[105.048346,21.689387],[105.044777,21.690068],[105.039087,21.697153],[105.031557,21.700984],[105.030045,21.700176],[105.028609,21.697612],[105.027135,21.695997],[105.021263,21.696425],[105.019688,21.69533],[105.021276,21.692766],[105.020147,21.691443],[105.020147,21.688598],[105.018038,21.68775],[105.015631,21.688649],[105.006371,21.68793],[105.004399,21.689055],[104.999636,21.687439],[104.999212,21.685765],[105.002136,21.684095],[105.001229,21.679177],[104.999169,21.679202],[104.994719,21.678163],[104.991023,21.678791],[104.989246,21.676016],[104.980427,21.672808],[104.981115,21.67137],[104.984882,21.668881],[104.986621,21.667757],[104.986054,21.661574],[104.983144,21.660099],[104.979893,21.659923],[104.976429,21.656808],[104.973027,21.656808],[104.973178,21.653962],[104.970268,21.650379],[104.972876,21.648763],[104.971895,21.645728],[104.968477,21.647526],[104.957612,21.660672],[104.955788,21.660354],[104.952673,21.659134],[104.95163,21.655753],[104.949459,21.656018],[104.94621,21.655114],[104.943806,21.652438],[104.938802,21.651681],[104.93507,21.641528],[104.918281,21.63956],[104.903252,21.628298],[104.905816,21.60871],[104.9026,21.61038],[104.897573,21.607955],[104.89494,21.608869],[104.890717,21.601595],[104.898179,21.575498],[104.896123,21.571596],[104.897815,21.568689],[104.897022,21.567572],[104.898991,21.564222],[104.889896,21.557995],[104.87363,21.555853],[104.868067,21.549531],[104.868565,21.541726],[104.878267,21.535401],[104.885502,21.521977],[104.883251,21.519001],[104.884893,21.500424],[104.902545,21.461324],[104.911898,21.447497],[104.912437,21.438277],[104.911181,21.431847],[104.905779,21.428089],[104.907519,21.422225],[104.908105,21.413842],[104.903032,21.408994],[104.900281,21.40129],[104.894459,21.392506],[104.886797,21.392977],[104.882868,21.390349],[104.88189,21.38294],[104.883858,21.372586],[104.889569,21.366586],[104.896476,21.360689],[104.900994,21.350881],[104.897667,21.344227],[104.89927,21.340453],[104.901369,21.340099],[104.901719,21.338898],[104.903195,21.339023],[104.908412,21.332987],[104.908922,21.33056],[104.90817,21.328961],[104.914541,21.328105],[104.922355,21.328755],[104.926385,21.326342],[104.928283,21.320108],[104.930323,21.318282],[104.931908,21.318132],[104.933062,21.31548],[104.938137,21.312578],[104.939559,21.304441],[104.963242,21.307315],[104.965794,21.301635],[104.967539,21.30211],[104.973742,21.297032],[104.982925,21.295305],[104.987249,21.291152],[104.992028,21.291226],[104.992995,21.289251],[104.998794,21.288692],[105.002418,21.289868],[105.00736,21.294571],[105.013616,21.289743],[105.020222,21.292445],[105.022719,21.292345],[105.024706,21.289442],[105.031151,21.288417],[105.032225,21.286215],[105.037085,21.283963],[105.038324,21.284457],[105.040069,21.280654],[105.045816,21.278427],[105.050595,21.274124],[105.055562,21.272796],[105.06623,21.267919],[105.07251,21.273517],[105.083671,21.266097],[105.085393,21.267181],[105.088233,21.266598],[105.094473,21.273586],[105.101274,21.275591],[105.103265,21.281427],[105.106797,21.284733],[105.107629,21.288311],[105.10696,21.294503],[105.104221,21.299381],[105.104812,21.301583],[105.104114,21.302309],[105.105349,21.307187],[105.109457,21.308763],[105.110961,21.307862],[105.114291,21.308888],[105.116815,21.312816],[105.127717,21.31134],[105.130236,21.314202],[105.13046,21.3076],[105.137361,21.303747],[105.13274,21.299332],[105.13846,21.290175],[105.146526,21.293242],[105.148436,21.289012],[105.147818,21.287311],[105.148628,21.274397],[105.145094,21.272063],[105.147018,21.268728],[105.154452,21.272947],[105.163823,21.273873],[105.167636,21.278803],[105.166132,21.283457],[105.170715,21.288511],[105.184501,21.294154],[105.183774,21.302546],[105.186719,21.306796],[105.184997,21.310276],[105.186191,21.312828],[105.184587,21.314753],[105.18503,21.316854],[105.187023,21.318862],[105.191847,21.318665],[105.194384,21.3154],[105.195965,21.312478],[105.197581,21.311458],[105.199278,21.312889],[105.20144,21.320345],[105.202915,21.322459],[105.202915,21.327944],[105.21385,21.331861],[105.219838,21.391028],[105.234302,21.397077],[105.249584,21.381745],[105.252429,21.383428],[105.255898,21.38243],[105.258234,21.385863],[105.262065,21.383855],[105.266098,21.385265],[105.264128,21.387348],[105.269816,21.389036],[105.270981,21.39319],[105.276001,21.39612],[105.274577,21.400981],[105.27699,21.405217],[105.280392,21.406469],[105.280866,21.410336],[105.273864,21.420729],[105.277346,21.424595],[105.279376,21.43179],[105.277241,21.437302],[105.281751,21.437892],[105.279367,21.442089],[105.280026,21.442736],[105.281207,21.443423],[105.282948,21.443524],[105.283904,21.443012],[105.28358,21.44391],[105.284071,21.445205],[105.283801,21.447472],[105.283521,21.448168],[105.281681,21.448773],[105.280841,21.450198],[105.281672,21.457682],[105.280147,21.459565],[105.282526,21.465944],[105.280989,21.466885],[105.281181,21.472718],[105.287889,21.477428],[105.293562,21.474706],[105.295659,21.48078],[105.298709,21.481199],[105.30005,21.484461],[105.297914,21.487148],[105.29467,21.48689],[105.293523,21.490903],[105.293523,21.495172],[105.283171,21.487605],[105.280904,21.491381],[105.279559,21.487995],[105.272319,21.492449],[105.2705,21.48505],[105.266465,21.488105],[105.264803,21.486338],[105.263102,21.487884],[105.25701,21.485528],[105.252461,21.486596],[105.252224,21.4877],[105.253173,21.488657],[105.252382,21.489909],[105.254914,21.492485],[105.254439,21.49624],[105.25313,21.496272],[105.253997,21.500521],[105.255696,21.502179],[105.253242,21.50134],[105.251301,21.505478],[105.250483,21.504464],[105.247883,21.504932],[105.244549,21.508132],[105.245185,21.509649],[105.24053,21.510644],[105.241069,21.520305],[105.243959,21.524855],[105.251868,21.525093],[105.253964,21.527817],[105.261362,21.529693],[105.260571,21.532085],[105.266307,21.533668],[105.267137,21.536832],[105.268763,21.544008],[105.266119,21.548439],[105.271931,21.553355],[105.275186,21.558988],[105.270528,21.564326],[105.26046,21.570308],[105.248465,21.584359],[105.247914,21.593972],[105.244227,21.597899],[105.244919,21.600096],[105.245672,21.600839],[105.248315,21.601719],[105.248433,21.601897],[105.248923,21.602074],[105.249834,21.603579],[105.250212,21.603796],[105.250161,21.608551],[105.250109,21.610725],[105.248058,21.613421],[105.247055,21.615977],[105.244049,21.616144],[105.23765,21.617387],[105.233333,21.61753],[105.229509,21.620574],[105.228861,21.622929],[105.226189,21.627014],[105.225021,21.629744],[105.2382,21.644757],[105.234807,21.658284],[105.232936,21.659846],[105.23029,21.659889],[105.227889,21.65979],[105.223236,21.659799],[105.221567,21.660198],[105.219284,21.661748],[105.216367,21.66232],[105.212054,21.661059],[105.208522,21.661077],[105.20582,21.662093],[105.202247,21.664143],[105.199993,21.666156],[105.199661,21.668042],[105.19689,21.668105],[105.194968,21.669429],[105.193935,21.671482],[105.195077,21.672462],[105.195008,21.67326],[105.185259,21.677027],[105.185425,21.678523],[105.184673,21.679565],[105.18039,21.680436],[105.17949,21.682163],[105.1771,21.687104],[105.175246,21.686025],[105.173724,21.685781],[105.17126,21.686301],[105.168869,21.68786],[105.166801,21.688305],[105.165123,21.688006],[105.162122,21.688491],[105.160557,21.684597],[105.15525,21.688725],[105.15365,21.689079],[105.152645,21.690502],[105.152105,21.69083],[105.151295,21.6917],[105.151109,21.692779],[105.150563,21.693295],[105.150739,21.693912],[105.150446,21.694556],[105.150397,21.695217],[105.150544,21.695598],[105.150807,21.696332],[105.151402,21.697855],[105.150398,21.699257],[105.149149,21.700037],[105.146242,21.69971],[105.143715,21.698052],[105.140347,21.698238],[105.135749,21.699726],[105.134152,21.696243],[105.133274,21.696497],[105.132212,21.697018],[105.128905,21.70058],[105.127568,21.702547],[105.126993,21.702937],[105.125715,21.703448],[105.123949,21.704472],[105.119286,21.705397],[105.116046,21.704862],[105.113802,21.706421],[105.113049,21.70648],[105.110649,21.705792],[105.1098,21.705773],[105.109087,21.7059],[105.106385,21.712228],[105.105263,21.712228],[105.104648,21.712472],[105.104463,21.713406],[105.104443,21.714273],[105.104053,21.715043],[105.102595,21.71582],[105.101873,21.717034],[105.101132,21.717279],[105.099717,21.716336],[105.095444,21.718521],[105.093512,21.718421],[105.092452,21.719246],[105.089583,21.718893],[105.086695,21.718174],[105.088059,21.715283],[105.090717,21.713865],[105.092241,21.710565],[105.089865,21.70779],[105.086856,21.706257],[105.086001,21.704015],[105.087928,21.70147],[105.096367,21.700127],[105.095826,21.695147],[105.099214,21.689984],[105.100489,21.684994],[105.099644,21.682782]]]},"properties":{"npp":"NPP Thảo Nam"}},{"type":"Feature","geometry":{"type":"Polygon","coordinates":[[[106.029674,21.967587],[106.019331,21.954439],[106.012647,21.937506],[105.996651,21.93385],[105.974051,21.939383],[105.969854,21.932983],[105.970569,21.923679],[105.960564,21.921733],[105.957387,21.91068],[105.934268,21.897275],[105.909205,21.893442],[105.87322,21.855535],[105.863772,21.861051],[105.86466,21.851527],[105.85395,21.843729],[105.821455,21.846345],[105.804593,21.833712],[105.799422,21.805254],[105.796376,21.802766],[105.794674,21.799462],[105.797918,21.794156],[105.798138,21.789608],[105.792802,21.782427],[105.791578,21.779291],[105.789449,21.775461],[105.789836,21.773484],[105.792547,21.771945],[105.796238,21.770488],[105.798882,21.768996],[105.800051,21.768464],[105.803623,21.762812],[105.800689,21.76187],[105.79963,21.759861],[105.796872,21.757628],[105.797291,21.756583],[105.79347,21.754207],[105.790254,21.752506],[105.79633,21.751207],[105.800072,21.751113],[105.8038,21.747752],[105.806295,21.745723],[105.808592,21.742896],[105.809651,21.739576],[105.80846,21.73601],[105.811527,21.733612],[105.814045,21.734607],[105.814296,21.734219],[105.817131,21.733346],[105.821919,21.727505],[105.821059,21.725296],[105.822869,21.723614],[105.823119,21.722254],[105.82203,21.719741],[105.81947,21.717117],[105.816864,21.715674],[105.815298,21.709955],[105.812341,21.709114],[105.808281,21.709135],[105.804442,21.70729],[105.803008,21.70524],[105.800304,21.704781],[105.797502,21.704371],[105.794146,21.700769],[105.792497,21.698767],[105.790864,21.696185],[105.786937,21.695426],[105.786386,21.692863],[105.788124,21.691172],[105.790953,21.687964],[105.792807,21.68546],[105.793005,21.682537],[105.792078,21.678318],[105.794064,21.673664],[105.791356,21.669243],[105.790871,21.666414],[105.789038,21.666861],[105.787513,21.666541],[105.787466,21.667515],[105.785206,21.667123],[105.785191,21.665982],[105.78451,21.665299],[105.783205,21.665163],[105.782306,21.664494],[105.780922,21.663869],[105.779491,21.663746],[105.778068,21.661515],[105.778662,21.660675],[105.776603,21.6597],[105.774751,21.657926],[105.774696,21.656792],[105.775493,21.656283],[105.777456,21.65677],[105.777917,21.656392],[105.7766,21.655277],[105.774394,21.651998],[105.774926,21.651503],[105.776388,21.651612],[105.776927,21.651169],[105.77721,21.649438],[105.777547,21.649278],[105.777977,21.649459],[105.778336,21.649336],[105.778462,21.647279],[105.778173,21.644604],[105.777453,21.645447],[105.776366,21.645716],[105.775616,21.644131],[105.775452,21.644167],[105.775022,21.643448],[105.775671,21.643114],[105.775006,21.642271],[105.773949,21.641084],[105.772894,21.640503],[105.772456,21.639456],[105.770587,21.638816],[105.769736,21.637436],[105.769446,21.637552],[105.768703,21.635764],[105.768047,21.634318],[105.772504,21.632428],[105.772272,21.631552],[105.771811,21.631675],[105.771146,21.630033],[105.770576,21.631167],[105.769716,21.629975],[105.770529,21.629328],[105.76972,21.628499],[105.768391,21.628303],[105.767789,21.626696],[105.766493,21.626425],[105.765899,21.626033],[105.764851,21.626462],[105.763921,21.625735],[105.764452,21.625023],[105.763744,21.623834],[105.764003,21.623288],[105.764636,21.623456],[105.765731,21.622293],[105.766559,21.622721],[105.767099,21.622002],[105.768155,21.621769],[105.768764,21.620919],[105.770008,21.621239],[105.771399,21.619966],[105.772267,21.618847],[105.773362,21.618782],[105.774451,21.617863],[105.773911,21.617136],[105.774545,21.6167],[105.775632,21.614512],[105.772121,21.615195],[105.770947,21.612843],[105.771002,21.611113],[105.770048,21.607857],[105.773848,21.607384],[105.771995,21.605319],[105.773113,21.604963],[105.773035,21.60412],[105.774302,21.603524],[105.775185,21.603589],[105.775029,21.603146],[105.775748,21.602542],[105.774982,21.602361],[105.773785,21.600432],[105.775975,21.599836],[105.775379,21.59919],[105.775869,21.598984],[105.77447,21.596464],[105.773404,21.595864],[105.773372,21.59452],[105.772116,21.592808],[105.772171,21.592462],[105.771586,21.592426],[105.771863,21.59075],[105.770693,21.590721],[105.770677,21.592183],[105.769603,21.592124],[105.768149,21.593513],[105.768093,21.594432],[105.766434,21.59416],[105.764608,21.594584],[105.764142,21.594334],[105.764553,21.593577],[105.763036,21.591659],[105.761929,21.592034],[105.760528,21.591427],[105.758576,21.592242],[105.757625,21.593978],[105.756574,21.594404],[105.75651,21.595168],[105.755251,21.596434],[105.754168,21.595684],[105.752382,21.596191],[105.75155,21.595335],[105.747868,21.595064],[105.746275,21.595755],[105.74411,21.595446],[105.741952,21.596835],[105.741767,21.597695],[105.740424,21.598782],[105.740558,21.600531],[105.738217,21.602393],[105.738407,21.604156],[105.737286,21.604919],[105.735255,21.604111],[105.732818,21.60428],[105.73172,21.603869],[105.729823,21.604699],[105.728511,21.606761],[105.727918,21.605601],[105.724541,21.604297],[105.677832,21.590009],[105.672691,21.570795],[105.666761,21.551194],[105.668663,21.546615],[105.721496,21.516894],[105.722594,21.516432],[105.733706,21.507287],[105.741356,21.501026],[105.742875,21.497029],[105.746418,21.495469],[105.751207,21.496516],[105.753293,21.493929],[105.765676,21.486615],[105.76582,21.485701],[105.786627,21.474806],[105.788518,21.472511],[105.793259,21.470996],[105.793187,21.473179],[105.794408,21.475474],[105.795703,21.475643],[105.796733,21.477537],[105.797954,21.477248],[105.799486,21.477715],[105.801162,21.481236],[105.803724,21.48059],[105.808728,21.484533],[105.809399,21.483174],[105.810787,21.483397],[105.811027,21.484132],[105.812631,21.483664],[105.812343,21.482884],[105.813253,21.482528],[105.813541,21.483085],[105.81481,21.482728],[105.814666,21.48206],[105.815288,21.48235],[105.815935,21.482127],[105.815767,21.481726],[105.817108,21.480879],[105.817826,21.481057],[105.818209,21.482372],[105.819,21.482595],[105.817994,21.490437],[105.81979,21.492353],[105.818712,21.495494],[105.816893,21.496608],[105.816773,21.499816],[105.819311,21.501887],[105.820825,21.502426],[105.821328,21.50481],[105.819621,21.505789],[105.818055,21.506094],[105.816801,21.506123],[105.811928,21.508972],[105.814169,21.510243],[105.814504,21.511491],[105.81357,21.514565],[105.815534,21.516035],[105.815227,21.520045],[105.818195,21.520691],[105.819608,21.52254],[105.822146,21.521537],[105.822564,21.524263],[105.823817,21.524263],[105.823306,21.525315],[105.823981,21.525841],[105.823306,21.526464],[105.822954,21.527731],[105.824054,21.528864],[105.824582,21.530016],[105.826297,21.531023],[105.827385,21.530293],[105.827628,21.529512],[105.832306,21.530201],[105.833168,21.529155],[105.8375,21.5296],[105.839822,21.528576],[105.840086,21.527462],[105.840757,21.527373],[105.841352,21.526445],[105.841114,21.525628],[105.841471,21.524879],[105.841205,21.524198],[105.841672,21.523747],[105.842073,21.524522],[105.844744,21.523066],[105.844899,21.523853],[105.845329,21.524108],[105.848181,21.521928],[105.848959,21.522235],[105.849481,21.521503],[105.851476,21.523469],[105.853914,21.521904],[105.855733,21.522238],[105.857146,21.524221],[105.858008,21.522706],[105.861977,21.521176],[105.867448,21.524999],[105.868705,21.521132],[105.868155,21.51808],[105.868969,21.516477],[105.868705,21.51465],[105.869783,21.515519],[105.870573,21.517724],[105.8694,21.518014],[105.87464,21.524391],[105.876392,21.523493],[105.876324,21.520237],[105.879456,21.521043],[105.879989,21.518615],[105.879586,21.518147],[105.879229,21.516282],[105.881922,21.517769],[105.881922,21.518481],[105.884591,21.519428],[105.884747,21.521044],[105.885195,21.521368],[105.884986,21.524295],[105.88665,21.528229],[105.88999,21.530576],[105.889929,21.53197],[105.891174,21.532304],[105.891485,21.533841],[105.889977,21.53667],[105.889809,21.537805],[105.890025,21.538473],[105.891183,21.539349],[105.892611,21.539721],[105.895413,21.540756],[105.896106,21.542928],[105.897238,21.54004],[105.899937,21.540188],[105.901991,21.542454],[105.904673,21.542164],[105.907761,21.540449],[105.908049,21.542031],[105.905966,21.542342],[105.907857,21.542921],[105.906851,21.544013],[105.908392,21.547084],[105.911065,21.54693],[105.909378,21.553962],[105.909983,21.560712],[105.907086,21.563362],[105.909912,21.563696],[105.910286,21.565574],[105.911492,21.564832],[105.912961,21.566883],[105.914478,21.566999],[105.916167,21.569401],[105.914494,21.570478],[105.9147,21.575297],[105.913431,21.576098],[105.913072,21.578614],[105.911612,21.581887],[105.913758,21.583867],[105.913349,21.58505],[105.914493,21.585428],[105.915168,21.587192],[105.916825,21.587756],[105.91723,21.588734],[105.918442,21.589448],[105.918645,21.590424],[105.92006,21.590199],[105.919573,21.589183],[105.920544,21.588883],[105.92018,21.587944],[105.92115,21.587944],[105.921596,21.58862],[105.922687,21.588583],[105.922727,21.587982],[105.923333,21.587907],[105.923415,21.58644],[105.924465,21.586552],[105.926163,21.587605],[105.926891,21.587381],[105.927538,21.586328],[105.936995,21.583899],[105.935528,21.581211],[105.939045,21.576988],[105.940583,21.566033],[105.942776,21.564753],[105.945783,21.56793],[105.951884,21.563499],[105.95458,21.564272],[105.954974,21.566931],[105.956807,21.567901],[105.957471,21.571441],[105.959227,21.572258],[105.966788,21.568639],[105.967758,21.564519],[105.969443,21.564771],[105.970999,21.562188],[105.974704,21.561155],[105.977877,21.562341],[105.981892,21.560824],[105.984928,21.562419],[105.987958,21.561604],[105.992708,21.562605],[105.994971,21.560707],[105.994974,21.558368],[105.999741,21.557551],[106.004007,21.553739],[106.008514,21.558049],[106.020932,21.551975],[106.02509,21.547372],[106.027144,21.547505],[106.029207,21.544554],[106.027426,21.540596],[106.029504,21.538862],[106.028381,21.537189],[106.031285,21.534202],[106.029727,21.533304],[106.030209,21.530853],[106.034012,21.531134],[106.036313,21.526439],[106.035756,21.523332],[106.037941,21.521852],[106.044182,21.520488],[106.049247,21.532861],[106.051319,21.533286],[106.053543,21.537489],[106.051453,21.545785],[106.054947,21.550368],[106.047804,21.558729],[106.046078,21.557562],[106.044478,21.559902],[106.033165,21.559818],[106.030523,21.562135],[106.033732,21.564158],[106.033382,21.571743],[106.042201,21.57561],[106.045419,21.579224],[106.048347,21.580235],[106.050154,21.582852],[106.050587,21.586414],[106.052433,21.588475],[106.051507,21.592036],[106.05663,21.602234],[106.060915,21.604305],[106.067648,21.604769],[106.070297,21.609647],[106.076463,21.613065],[106.078499,21.618494],[106.084824,21.61971],[106.08918,21.621956],[106.092632,21.622307],[106.099479,21.625032],[106.101516,21.621437],[106.107126,21.62188],[106.110369,21.619337],[106.115023,21.618801],[106.116738,21.616536],[106.127583,21.615805],[106.142889,21.623346],[106.145903,21.622091],[106.159466,21.62656],[106.17373,21.609635],[106.185185,21.604112],[106.23816,21.727634],[106.168272,21.741798],[106.136851,21.78435],[106.110651,21.780585],[106.107479,21.802976],[106.0986,21.812453],[106.095191,21.81939],[106.095567,21.821713],[106.101628,21.830773],[106.108096,21.832187],[106.10697,21.837608],[106.117665,21.842213],[106.111397,21.85273],[106.115346,21.869456],[106.113084,21.891732],[106.124428,21.898824],[106.130197,21.91055],[106.122379,21.923909],[106.097821,21.938254],[106.094514,21.941812],[106.053319,21.943548],[106.051539,21.952443],[106.043836,21.960007],[106.029674,21.967587]]]},"properties":{"npp":"NPP Phong Hiền"}},{"type":"Feature","geometry":{"type":"Polygon","coordinates":[[[105.717809,21.513509],[105.71359,21.51333],[105.72349,21.503826],[105.729721,21.497957],[105.732799,21.497403],[105.73269,21.496464],[105.736066,21.493023],[105.735321,21.490667],[105.737894,21.490818],[105.737081,21.488484],[105.737627,21.487167],[105.737155,21.486451],[105.737503,21.485735],[105.736929,21.48307],[105.731438,21.482604],[105.726792,21.479909],[105.727758,21.478056],[105.727456,21.47508],[105.725208,21.473647],[105.722629,21.472828],[105.723232,21.469515],[105.719733,21.467101],[105.718465,21.467831],[105.716173,21.464405],[105.717862,21.462542],[105.71569,21.459959],[105.715087,21.457095],[105.713156,21.455186],[105.71394,21.453389],[105.71044,21.449963],[105.708329,21.446818],[105.706277,21.445665],[105.705387,21.439841],[105.715566,21.429842],[105.725105,21.432777],[105.721246,21.414607],[105.72997,21.408883],[105.734634,21.410131],[105.739156,21.413991],[105.74496,21.416226],[105.748206,21.416008],[105.750277,21.414987],[105.750721,21.413892],[105.759551,21.404923],[105.764204,21.397652],[105.761384,21.380958],[105.75964,21.379532],[105.759642,21.378295],[105.768767,21.37486],[105.772825,21.370873],[105.773232,21.369144],[105.775394,21.360641],[105.779579,21.359757],[105.784756,21.359979],[105.786287,21.362889],[105.787279,21.369461],[105.787889,21.369923],[105.787546,21.371273],[105.789813,21.373276],[105.787955,21.374923],[105.792022,21.379115],[105.794588,21.379296],[105.795454,21.38119],[105.796993,21.381108],[105.797064,21.382145],[105.798125,21.38231],[105.798515,21.381569],[105.799187,21.382277],[105.799576,21.383414],[105.800867,21.385045],[105.802194,21.384715],[105.803902,21.384517],[105.803852,21.383405],[105.805664,21.382448],[105.807776,21.382788],[105.810447,21.3818],[105.811565,21.381668],[105.812572,21.380628],[105.813511,21.381256],[105.813246,21.382656],[105.816005,21.383002],[105.816666,21.381742],[105.819808,21.379526],[105.820728,21.379609],[105.821531,21.377964],[105.822269,21.377925],[105.822554,21.378396],[105.824043,21.377602],[105.827988,21.376399],[105.828041,21.375938],[105.82889,21.37602],[105.829598,21.375576],[105.830801,21.375378],[105.8305,21.374867],[105.830886,21.374141],[105.83283,21.373584],[105.835926,21.373897],[105.837198,21.37658],[105.838985,21.37747],[105.842682,21.376712],[105.846979,21.377335],[105.856423,21.376276],[105.858883,21.373765],[105.856474,21.366564],[105.85377,21.359823],[105.851875,21.35819],[105.851741,21.355593],[105.853307,21.354585],[105.854825,21.352249],[105.852824,21.351087],[105.852153,21.349322],[105.853436,21.348314],[105.857178,21.346834],[105.855436,21.343612],[105.856178,21.342851],[105.857131,21.340418],[105.858267,21.338359],[105.859919,21.337869],[105.861403,21.338359],[105.862984,21.337913],[105.863175,21.336464],[105.864708,21.334903],[105.865617,21.333252],[105.865781,21.331299],[105.866643,21.328288],[105.868295,21.326883],[105.869228,21.327307],[105.870521,21.329404],[105.871599,21.329426],[105.873897,21.328311],[105.878928,21.327575],[105.881441,21.327442],[105.883548,21.327066],[105.889043,21.326137],[105.884524,21.333491],[105.880625,21.336849],[105.887159,21.346434],[105.894292,21.342986],[105.900525,21.343436],[105.905044,21.345616],[105.908793,21.350883],[105.907323,21.352556],[105.902695,21.351542],[105.898952,21.349424],[105.895802,21.350375],[105.895704,21.35238],[105.898411,21.354597],[105.900951,21.356634],[105.904454,21.363051],[105.908173,21.372387],[105.909333,21.374546],[105.911013,21.375679],[105.913477,21.375221],[105.917042,21.372526],[105.921934,21.374439],[105.938843,21.371581],[105.941427,21.374196],[105.943605,21.378895],[105.944138,21.384762],[105.945281,21.389244],[105.94429,21.39273],[105.940434,21.396452],[105.941242,21.400345],[105.943157,21.400963],[105.944766,21.400012],[105.950335,21.403907],[105.953474,21.406708],[105.955363,21.405448],[105.9559,21.403141],[105.95521,21.401097],[105.957957,21.400858],[105.959058,21.402585],[105.959092,21.404592],[105.957087,21.40647],[105.955684,21.409569],[105.954419,21.413066],[105.956564,21.417202],[105.957448,21.420245],[105.958532,21.423312],[105.957261,21.427971],[105.957902,21.431743],[105.960951,21.434656],[105.961116,21.436532],[105.962888,21.436971],[105.964708,21.43639],[105.967923,21.430826],[105.967026,21.429545],[105.967863,21.428766],[105.967908,21.427498],[105.969211,21.426646],[105.969255,21.425504],[105.970751,21.423165],[105.972083,21.422733],[105.97254,21.419243],[105.97589,21.419104],[105.976383,21.417084],[105.979003,21.413568],[105.981674,21.413796],[105.984212,21.412245],[105.98499,21.410922],[105.986486,21.413833],[105.989403,21.413053],[105.989926,21.412315],[105.991188,21.412889],[105.991407,21.412343],[105.99045,21.409766],[105.996358,21.407803],[105.99561,21.404599],[106.000113,21.404251],[106.002671,21.406271],[106.004406,21.406215],[106.004466,21.405741],[106.006611,21.405709],[106.007158,21.406196],[106.009153,21.405424],[106.009652,21.404088],[106.012554,21.40284],[106.016129,21.403313],[106.018996,21.40121],[106.020117,21.3955],[106.020806,21.394845],[106.022868,21.394349],[106.022868,21.393318],[106.024094,21.393388],[106.024438,21.392496],[106.025635,21.392622],[106.025814,21.394015],[106.028969,21.393727],[106.029315,21.394286],[106.027444,21.396963],[106.027283,21.399393],[106.030252,21.402218],[106.030678,21.405544],[106.031925,21.407307],[106.034142,21.407931],[106.034651,21.40892],[106.033981,21.412727],[106.032087,21.414318],[106.033357,21.418883],[106.031648,21.421937],[106.031602,21.423979],[106.030285,21.426602],[106.028483,21.427244],[106.029015,21.428301],[106.028484,21.429118],[106.026999,21.429349],[106.025162,21.431124],[106.030086,21.437099],[106.036294,21.439469],[106.03861,21.437945],[106.039537,21.439412],[106.041112,21.439728],[106.041884,21.440964],[106.045356,21.441381],[106.046429,21.442204],[106.04758,21.444687],[106.046701,21.444988],[106.047588,21.44824],[106.049132,21.450338],[106.049472,21.451948],[106.048536,21.453762],[106.050235,21.454457],[106.051117,21.460152],[106.051828,21.460526],[106.05189,21.462308],[106.048616,21.461963],[106.048245,21.46317],[106.046268,21.463457],[106.046423,21.46478],[106.044276,21.463061],[106.040764,21.470722],[106.040894,21.47313],[106.041756,21.473985],[106.043106,21.473698],[106.04441,21.473736],[106.044844,21.474507],[106.045649,21.474636],[106.045823,21.477508],[106.046997,21.47748],[106.048003,21.482549],[106.040722,21.486536],[106.03986,21.488844],[106.037698,21.489649],[106.038316,21.492724],[106.042949,21.498126],[106.043688,21.503975],[106.045687,21.506714],[106.045411,21.50927],[106.044392,21.511483],[106.045287,21.512784],[106.0447,21.513703],[106.041643,21.514134],[106.041182,21.515646],[106.041689,21.517153],[106.043434,21.517716],[106.044182,21.520488],[106.037941,21.521852],[106.035756,21.523332],[106.036313,21.526439],[106.034012,21.531134],[106.030209,21.530853],[106.029727,21.533304],[106.031285,21.534202],[106.028381,21.537189],[106.029504,21.538862],[106.027426,21.540596],[106.029207,21.544554],[106.027144,21.547505],[106.02509,21.547372],[106.020932,21.551975],[106.008514,21.558049],[106.004007,21.553739],[105.999741,21.557551],[105.994974,21.558368],[105.994971,21.560707],[105.992708,21.562605],[105.987958,21.561604],[105.984928,21.562419],[105.981892,21.560824],[105.977877,21.562341],[105.974704,21.561155],[105.970999,21.562188],[105.969443,21.564771],[105.967758,21.564519],[105.966788,21.568639],[105.959227,21.572258],[105.957471,21.571441],[105.956807,21.567901],[105.954974,21.566931],[105.95458,21.564272],[105.951884,21.563499],[105.945783,21.56793],[105.942776,21.564753],[105.940583,21.566033],[105.939045,21.576988],[105.935528,21.581211],[105.936995,21.583899],[105.927538,21.586328],[105.926891,21.587381],[105.926163,21.587605],[105.924465,21.586552],[105.923415,21.58644],[105.923333,21.587907],[105.922727,21.587982],[105.922687,21.588583],[105.921596,21.58862],[105.92115,21.587944],[105.92018,21.587944],[105.920544,21.588883],[105.919573,21.589183],[105.92006,21.590199],[105.918645,21.590424],[105.918442,21.589448],[105.91723,21.588734],[105.916825,21.587756],[105.915168,21.587192],[105.914493,21.585428],[105.913349,21.58505],[105.913758,21.583867],[105.911612,21.581887],[105.913072,21.578614],[105.913431,21.576098],[105.9147,21.575297],[105.914494,21.570478],[105.916167,21.569401],[105.914478,21.566999],[105.912961,21.566883],[105.911492,21.564832],[105.910286,21.565574],[105.909912,21.563696],[105.907086,21.563362],[105.909983,21.560712],[105.909378,21.553962],[105.911065,21.54693],[105.908392,21.547084],[105.906851,21.544013],[105.907857,21.542921],[105.905966,21.542342],[105.908049,21.542031],[105.907761,21.540449],[105.904673,21.542164],[105.901991,21.542454],[105.899937,21.540188],[105.897238,21.54004],[105.896106,21.542928],[105.895413,21.540756],[105.892611,21.539721],[105.891183,21.539349],[105.890025,21.538473],[105.889809,21.537805],[105.889977,21.53667],[105.891485,21.533841],[105.891174,21.532304],[105.889929,21.53197],[105.88999,21.530576],[105.88665,21.528229],[105.884986,21.524295],[105.885195,21.521368],[105.884747,21.521044],[105.884591,21.519428],[105.881922,21.518481],[105.881922,21.517769],[105.879229,21.516282],[105.879586,21.518147],[105.879989,21.518615],[105.879456,21.521043],[105.876324,21.520237],[105.876392,21.523493],[105.87464,21.524391],[105.8694,21.518014],[105.870573,21.517724],[105.869783,21.515519],[105.868705,21.51465],[105.868969,21.516477],[105.868155,21.51808],[105.868705,21.521132],[105.867448,21.524999],[105.861977,21.521176],[105.858008,21.522706],[105.857146,21.524221],[105.855733,21.522238],[105.853914,21.521904],[105.851476,21.523469],[105.849481,21.521503],[105.848959,21.522235],[105.848181,21.521928],[105.845329,21.524108],[105.844899,21.523853],[105.844744,21.523066],[105.842073,21.524522],[105.841672,21.523747],[105.841205,21.524198],[105.841471,21.524879],[105.841114,21.525628],[105.841352,21.526445],[105.840757,21.527373],[105.840086,21.527462],[105.839822,21.528576],[105.8375,21.5296],[105.833168,21.529155],[105.832306,21.530201],[105.827628,21.529512],[105.827385,21.530293],[105.826297,21.531023],[105.824582,21.530016],[105.824054,21.528864],[105.822954,21.527731],[105.823306,21.526464],[105.823981,21.525841],[105.823306,21.525315],[105.823817,21.524263],[105.822564,21.524263],[105.822146,21.521537],[105.819608,21.52254],[105.818195,21.520691],[105.815227,21.520045],[105.815534,21.516035],[105.81357,21.514565],[105.814504,21.511491],[105.814169,21.510243],[105.811928,21.508972],[105.816801,21.506123],[105.818055,21.506094],[105.819621,21.505789],[105.821328,21.50481],[105.820825,21.502426],[105.819311,21.501887],[105.816773,21.499816],[105.816893,21.496608],[105.818712,21.495494],[105.81979,21.492353],[105.817994,21.490437],[105.819,21.482595],[105.818209,21.482372],[105.817826,21.481057],[105.817108,21.480879],[105.815767,21.481726],[105.815935,21.482127],[105.815288,21.48235],[105.814666,21.48206],[105.81481,21.482728],[105.813541,21.483085],[105.813253,21.482528],[105.812343,21.482884],[105.812631,21.483664],[105.811027,21.484132],[105.810787,21.483397],[105.809399,21.483174],[105.808728,21.484533],[105.803724,21.48059],[105.801162,21.481236],[105.799486,21.477715],[105.797954,21.477248],[105.796733,21.477537],[105.795703,21.475643],[105.794408,21.475474],[105.793187,21.473179],[105.793259,21.470996],[105.788518,21.472511],[105.786627,21.474806],[105.76582,21.485701],[105.765676,21.486615],[105.753293,21.493929],[105.751207,21.496516],[105.746418,21.495469],[105.742875,21.497029],[105.741356,21.501026],[105.733706,21.507287],[105.722594,21.516432],[105.717809,21.513509]]]},"properties":{"npp":"NPP Ngọc Kiên"}},{"type":"Feature","geometry":{"type":"Polygon","coordinates":[[[105.640803,22.027068],[105.616232,22.012901],[105.596384,22.008631],[105.590776,22.008032],[105.587456,22.00368],[105.587359,22.001885],[105.58327,21.994533],[105.582002,21.988353],[105.580309,21.986922],[105.579771,21.983029],[105.583065,21.981192],[105.57762,21.976407],[105.579713,21.969737],[105.582936,21.966185],[105.579331,21.963803],[105.572644,21.96725],[105.576021,21.957639],[105.562016,21.955622],[105.555784,21.957699],[105.549563,21.947911],[105.552341,21.944289],[105.551685,21.938769],[105.550624,21.931084],[105.550905,21.921346],[105.553813,21.918906],[105.553001,21.908728],[105.545165,21.903687],[105.547039,21.896947],[105.543009,21.890599],[105.52567,21.888381],[105.520406,21.883468],[105.518266,21.876205],[105.522694,21.869936],[105.529233,21.851275],[105.528078,21.834577],[105.520675,21.830874],[105.497743,21.832399],[105.493606,21.828148],[105.495386,21.818441],[105.492938,21.804752],[105.495926,21.799728],[105.495292,21.797339],[105.497963,21.792292],[105.493389,21.779112],[105.495995,21.772666],[105.510582,21.764301],[105.508989,21.750242],[105.511848,21.743278],[105.516346,21.740275],[105.516112,21.737198],[105.509223,21.73106],[105.50449,21.730059],[105.502801,21.726317],[105.499333,21.723095],[105.500458,21.71761],[105.494541,21.716348],[105.490289,21.703547],[105.485134,21.702371],[105.477472,21.696489],[105.481429,21.67834],[105.496514,21.61772],[105.542681,21.573733],[105.571877,21.555435],[105.618512,21.498558],[105.635135,21.493147],[105.63137,21.479446],[105.645374,21.468656],[105.652186,21.457542],[105.676822,21.457457],[105.687179,21.442786],[105.697596,21.439084],[105.702608,21.440866],[105.705387,21.439841],[105.706277,21.445665],[105.708329,21.446818],[105.71044,21.449963],[105.71394,21.453389],[105.713156,21.455186],[105.715087,21.457095],[105.71569,21.459959],[105.717862,21.462542],[105.716173,21.464405],[105.718465,21.467831],[105.719733,21.467101],[105.723232,21.469515],[105.722629,21.472828],[105.725208,21.473647],[105.727456,21.47508],[105.727758,21.478056],[105.726792,21.479909],[105.731438,21.482604],[105.736929,21.48307],[105.737503,21.485735],[105.737155,21.486451],[105.737627,21.487167],[105.737081,21.488484],[105.737894,21.490818],[105.735321,21.490667],[105.736066,21.493023],[105.73269,21.496464],[105.732799,21.497403],[105.729721,21.497957],[105.72349,21.503826],[105.71359,21.51333],[105.717809,21.513509],[105.722594,21.516432],[105.721496,21.516894],[105.668663,21.546615],[105.666761,21.551194],[105.672691,21.570795],[105.677832,21.590009],[105.724541,21.604297],[105.727918,21.605601],[105.728511,21.606761],[105.729823,21.604699],[105.73172,21.603869],[105.732818,21.60428],[105.735255,21.604111],[105.737286,21.604919],[105.738407,21.604156],[105.738217,21.602393],[105.740558,21.600531],[105.740424,21.598782],[105.741767,21.597695],[105.741952,21.596835],[105.74411,21.595446],[105.746275,21.595755],[105.747868,21.595064],[105.75155,21.595335],[105.752382,21.596191],[105.754168,21.595684],[105.755251,21.596434],[105.75651,21.595168],[105.756574,21.594404],[105.757625,21.593978],[105.758576,21.592242],[105.760528,21.591427],[105.761929,21.592034],[105.763036,21.591659],[105.764553,21.593577],[105.764142,21.594334],[105.764608,21.594584],[105.766434,21.59416],[105.768093,21.594432],[105.768149,21.593513],[105.769603,21.592124],[105.770677,21.592183],[105.770693,21.590721],[105.771863,21.59075],[105.771586,21.592426],[105.772171,21.592462],[105.772116,21.592808],[105.773372,21.59452],[105.773404,21.595864],[105.77447,21.596464],[105.775869,21.598984],[105.775379,21.59919],[105.775975,21.599836],[105.773785,21.600432],[105.774982,21.602361],[105.775748,21.602542],[105.775029,21.603146],[105.775185,21.603589],[105.774302,21.603524],[105.773035,21.60412],[105.773113,21.604963],[105.771995,21.605319],[105.773848,21.607384],[105.770048,21.607857],[105.771002,21.611113],[105.770947,21.612843],[105.772121,21.615195],[105.775632,21.614512],[105.774545,21.6167],[105.773911,21.617136],[105.774451,21.617863],[105.773362,21.618782],[105.772267,21.618847],[105.771399,21.619966],[105.770008,21.621239],[105.768764,21.620919],[105.768155,21.621769],[105.767099,21.622002],[105.766559,21.622721],[105.765731,21.622293],[105.764636,21.623456],[105.764003,21.623288],[105.763744,21.623834],[105.764452,21.625023],[105.763921,21.625735],[105.764851,21.626462],[105.765899,21.626033],[105.766493,21.626425],[105.767789,21.626696],[105.768391,21.628303],[105.76972,21.628499],[105.770529,21.629328],[105.769716,21.629975],[105.770576,21.631167],[105.771146,21.630033],[105.771811,21.631675],[105.772272,21.631552],[105.772504,21.632428],[105.768047,21.634318],[105.768703,21.635764],[105.769446,21.637552],[105.769736,21.637436],[105.770587,21.638816],[105.772456,21.639456],[105.772894,21.640503],[105.773949,21.641084],[105.775006,21.642271],[105.775671,21.643114],[105.775022,21.643448],[105.775452,21.644167],[105.775616,21.644131],[105.776366,21.645716],[105.777453,21.645447],[105.778173,21.644604],[105.778462,21.647279],[105.778336,21.649336],[105.777977,21.649459],[105.777547,21.649278],[105.77721,21.649438],[105.776927,21.651169],[105.776388,21.651612],[105.774926,21.651503],[105.774394,21.651998],[105.7766,21.655277],[105.777917,21.656392],[105.777456,21.65677],[105.775493,21.656283],[105.774696,21.656792],[105.774751,21.657926],[105.776603,21.6597],[105.778662,21.660675],[105.778068,21.661515],[105.779491,21.663746],[105.780922,21.663869],[105.782306,21.664494],[105.783205,21.665163],[105.78451,21.665299],[105.785191,21.665982],[105.785206,21.667123],[105.787466,21.667515],[105.787513,21.666541],[105.789038,21.666861],[105.790871,21.666414],[105.791356,21.669243],[105.794064,21.673664],[105.792078,21.678318],[105.793005,21.682537],[105.792807,21.68546],[105.790953,21.687964],[105.788124,21.691172],[105.786386,21.692863],[105.786937,21.695426],[105.790864,21.696185],[105.792497,21.698767],[105.794146,21.700769],[105.797502,21.704371],[105.800304,21.704781],[105.803008,21.70524],[105.804442,21.70729],[105.808281,21.709135],[105.812341,21.709114],[105.815298,21.709955],[105.816864,21.715674],[105.81947,21.717117],[105.82203,21.719741],[105.823119,21.722254],[105.822869,21.723614],[105.821059,21.725296],[105.821919,21.727505],[105.817131,21.733346],[105.814296,21.734219],[105.814045,21.734607],[105.811527,21.733612],[105.80846,21.73601],[105.809651,21.739576],[105.808592,21.742896],[105.806295,21.745723],[105.8038,21.747752],[105.800072,21.751113],[105.79633,21.751207],[105.790254,21.752506],[105.79347,21.754207],[105.797291,21.756583],[105.796872,21.757628],[105.79963,21.759861],[105.800689,21.76187],[105.803623,21.762812],[105.800051,21.768464],[105.798882,21.768996],[105.796238,21.770488],[105.792547,21.771945],[105.789836,21.773484],[105.789449,21.775461],[105.791578,21.779291],[105.792802,21.782427],[105.798138,21.789608],[105.797918,21.794156],[105.794674,21.799462],[105.796376,21.802766],[105.799422,21.805254],[105.786444,21.804068],[105.7788,21.810856],[105.764414,21.814056],[105.758831,21.820075],[105.773078,21.8754],[105.770766,21.885373],[105.781326,21.889089],[105.764304,21.914571],[105.77829,21.933734],[105.774182,21.938797],[105.775478,21.95309],[105.760821,21.968237],[105.763975,21.985625],[105.756252,21.991976],[105.755975,22.010714],[105.69731,22.031222],[105.696283,22.037139],[105.669693,22.047942],[105.640803,22.027068]]]},"properties":{"npp":"NPP Duy Anh"}},{"type":"Feature","geometry":{"type":"Polygon","coordinates":[[[105.784756,21.359979],[105.78641,21.356887],[105.788062,21.346723],[105.785304,21.342855],[105.783214,21.342745],[105.778519,21.337926],[105.776384,21.337219],[105.776016,21.335084],[105.774291,21.332803],[105.772856,21.328826],[105.772722,21.326066],[105.763566,21.315023],[105.756457,21.300085],[105.75555,21.299898],[105.754502,21.298153],[105.753141,21.297343],[105.7534,21.295265],[105.752735,21.294873],[105.749383,21.296109],[105.74774,21.294692],[105.74631,21.294476],[105.745538,21.293583],[105.745059,21.291607],[105.743303,21.292857],[105.742379,21.291606],[105.742931,21.290714],[105.742575,21.290158],[105.740749,21.290829],[105.740433,21.289918],[105.742794,21.288951],[105.74188,21.287068],[105.738206,21.287843],[105.736429,21.286459],[105.736822,21.285464],[105.73508,21.284102],[105.736162,21.279426],[105.733533,21.279451],[105.733194,21.279024],[105.733432,21.27813],[105.73265,21.274918],[105.72893,21.276036],[105.728913,21.273258],[105.727916,21.272886],[105.726625,21.273516],[105.72555,21.273458],[105.725242,21.272026],[105.725956,21.271167],[105.729129,21.269395],[105.728795,21.268622],[105.72736,21.268302],[105.726594,21.266857],[105.72538,21.266082],[105.723398,21.2662],[105.723615,21.262209],[105.724627,21.258564],[105.723508,21.250841],[105.724934,21.251169],[105.728354,21.249733],[105.729567,21.248627],[105.729677,21.247412],[105.726812,21.243104],[105.72527,21.242883],[105.725151,21.242221],[105.727093,21.24089],[105.728906,21.240895],[105.732539,21.242004],[105.734851,21.241448],[105.737235,21.238311],[105.737818,21.236765],[105.737388,21.235676],[105.736282,21.235275],[105.7341,21.235504],[105.730835,21.238478],[105.729952,21.237814],[105.7321,21.235149],[105.732761,21.233603],[105.734964,21.23272],[105.732211,21.231056],[105.731656,21.231501],[105.724169,21.225205],[105.719982,21.229848],[105.717994,21.228524],[105.719539,21.227751],[105.719322,21.223772],[105.717339,21.222226],[105.715137,21.224213],[105.713645,21.222317],[105.712382,21.222314],[105.708865,21.219348],[105.70321,21.221047],[105.701583,21.21835],[105.700596,21.220023],[105.698828,21.219575],[105.698285,21.218686],[105.697286,21.218703],[105.697289,21.216039],[105.698656,21.212822],[105.697944,21.212379],[105.695293,21.215706],[105.692872,21.221382],[105.68978,21.219675],[105.689629,21.221227],[105.687827,21.222325],[105.687911,21.223218],[105.685946,21.226784],[105.687314,21.230465],[105.683376,21.229754],[105.682512,21.230475],[105.683059,21.231974],[105.687175,21.231845],[105.688977,21.233087],[105.688249,21.234708],[105.684502,21.235521],[105.68102,21.234524],[105.679612,21.229977],[105.679315,21.228931],[105.676478,21.226814],[105.671315,21.230425],[105.675439,21.234042],[105.674761,21.236241],[105.673433,21.236112],[105.672551,21.233926],[105.670886,21.232844],[105.668566,21.233267],[105.668685,21.234876],[105.667406,21.239379],[105.666709,21.239504],[105.662089,21.234896],[105.656113,21.234892],[105.652619,21.238176],[105.646763,21.236268],[105.644309,21.23405],[105.643928,21.232868],[105.645265,21.227485],[105.646164,21.22668],[105.64937,21.227086],[105.651133,21.22565],[105.652891,21.225966],[105.653446,21.227419],[105.654878,21.227638],[105.659393,21.222996],[105.657816,21.219975],[105.654411,21.218071],[105.650023,21.217107],[105.645131,21.215297],[105.637637,21.218237],[105.634381,21.218422],[105.635711,21.216592],[105.635585,21.214851],[105.639634,21.21128],[105.639342,21.207233],[105.635548,21.208083],[105.632265,21.208457],[105.630477,21.209239],[105.628872,21.211042],[105.624737,21.209254],[105.622779,21.207845],[105.62239,21.206841],[105.621259,21.206058],[105.618888,21.206364],[105.617757,21.207487],[105.616371,21.208269],[105.615422,21.207385],[105.61513,21.205956],[105.616188,21.205378],[105.616443,21.202555],[105.618815,21.201535],[105.61918,21.20065],[105.619873,21.201399],[105.62239,21.200616],[105.622763,21.199493],[105.62156,21.196839],[105.621669,21.194833],[105.623967,21.193404],[105.624438,21.191852],[105.624548,21.187498],[105.629619,21.184028],[105.628589,21.182637],[105.62837,21.181038],[105.625233,21.181446],[105.624102,21.180154],[105.624466,21.179235],[105.626619,21.177024],[105.626338,21.171369],[105.666244,21.132801],[105.698594,21.142858],[105.736896,21.104696],[105.739272,21.10952],[105.736071,21.113767],[105.731846,21.122111],[105.735439,21.121803],[105.735649,21.121734],[105.73586,21.121786],[105.736096,21.122617],[105.735282,21.12293],[105.735454,21.123332],[105.735468,21.123977],[105.735721,21.123942],[105.736122,21.124569],[105.7363,21.12447],[105.736528,21.125161],[105.736447,21.125202],[105.736524,21.125353],[105.736893,21.125192],[105.737222,21.125737],[105.738653,21.125192],[105.738837,21.125603],[105.738662,21.125663],[105.738736,21.126296],[105.738937,21.126356],[105.738901,21.126826],[105.73913,21.127168],[105.739002,21.127758],[105.738882,21.127758],[105.738741,21.128496],[105.74008,21.128889],[105.741042,21.128795],[105.741537,21.130155],[105.741427,21.130232],[105.742023,21.132915],[105.743187,21.132591],[105.743682,21.134736],[105.747211,21.134275],[105.750099,21.134241],[105.750704,21.134129],[105.751162,21.13389],[105.751739,21.133762],[105.753178,21.133967],[105.755516,21.133762],[105.759686,21.133762],[105.75954,21.134762],[105.760097,21.134898],[105.760345,21.13572],[105.762119,21.135882],[105.763149,21.135453],[105.764166,21.135488],[105.765357,21.135963],[105.766316,21.136076],[105.771015,21.142299],[105.770878,21.143838],[105.772603,21.145852],[105.771846,21.14687],[105.771982,21.14709],[105.770717,21.147911],[105.771635,21.149149],[105.772019,21.148964],[105.771072,21.157906],[105.770451,21.166486],[105.770708,21.166623],[105.770158,21.169264],[105.771423,21.169349],[105.770717,21.172358],[105.770991,21.17539],[105.771881,21.178221],[105.773852,21.177855],[105.7741,21.178513],[105.775209,21.178231],[105.775429,21.179009],[105.78069,21.177291],[105.78102,21.178317],[105.783678,21.177436],[105.783724,21.178069],[105.784622,21.177992],[105.784998,21.179513],[105.787949,21.17894],[105.788078,21.180154],[105.789031,21.180043],[105.789774,21.18024],[105.790461,21.180103],[105.790883,21.181752],[105.789755,21.182077],[105.790408,21.18409],[105.788138,21.185404],[105.788386,21.185746],[105.788138,21.185857],[105.788257,21.18619],[105.787918,21.186301],[105.789431,21.188011],[105.789255,21.18821],[105.790346,21.190491],[105.79031,21.190619],[105.790819,21.190696],[105.791591,21.191247],[105.792363,21.191903],[105.793682,21.19244],[105.795423,21.192552],[105.796756,21.191857],[105.797765,21.191025],[105.798547,21.189948],[105.799194,21.188303],[105.799936,21.187655],[105.800636,21.18743],[105.801295,21.187415],[105.803323,21.187992],[105.804595,21.18907],[105.806078,21.189878],[105.808254,21.190857],[105.80965,21.191176],[105.8111,21.191105],[105.812158,21.19086],[105.813098,21.190379],[105.814343,21.189281],[105.815062,21.18835],[105.815274,21.187497],[105.815257,21.186724],[105.814843,21.186434],[105.813161,21.186035],[105.812711,21.185686],[105.812651,21.185189],[105.813062,21.18456],[105.813726,21.184369],[105.815849,21.184186],[105.817803,21.184302],[105.818791,21.184632],[105.821109,21.18618],[105.821568,21.186463],[105.822806,21.186974],[105.824576,21.187469],[105.826611,21.187747],[105.828454,21.188456],[105.829613,21.188477],[105.832514,21.187675],[105.83441,21.186228],[105.834731,21.18616],[105.835393,21.186486],[105.836006,21.186728],[105.8371,21.187869],[105.838006,21.189005],[105.839073,21.189968],[105.839911,21.190371],[105.840724,21.19041],[105.841861,21.190205],[105.843965,21.189037],[105.844735,21.188839],[105.846725,21.188992],[105.85082,21.190666],[105.85308,21.192156],[105.857108,21.193857],[105.860151,21.195858],[105.861108,21.197136],[105.862251,21.199414],[105.86319,21.200149],[105.864244,21.200587],[105.865475,21.200925],[105.866538,21.200942],[105.867317,21.200686],[105.867504,21.20019],[105.866635,21.198695],[105.866791,21.198115],[105.867092,21.197777],[105.868441,21.197416],[105.870196,21.197265],[105.871764,21.197876],[105.872411,21.199065],[105.872759,21.200821],[105.87252,21.201675],[105.871327,21.203499],[105.871138,21.205498],[105.872094,21.206866],[105.874231,21.202748],[105.875497,21.201959],[105.879838,21.203212],[105.883091,21.20351],[105.88693,21.205976],[105.892049,21.202874],[105.890897,21.201124],[105.886205,21.199016],[105.884669,21.195874],[105.883901,21.192772],[105.882792,21.190226],[105.880318,21.188635],[105.877972,21.189033],[105.876393,21.188993],[105.876009,21.187601],[105.877332,21.186805],[105.882451,21.187959],[105.887229,21.190186],[105.888167,21.186646],[105.890471,21.184936],[105.892348,21.1841],[105.896486,21.184618],[105.898875,21.182311],[105.897083,21.179367],[105.896102,21.177179],[105.901477,21.177776],[105.901562,21.17873],[105.900197,21.181873],[105.902629,21.182867],[105.905402,21.182907],[105.907286,21.192057],[105.90654,21.19534],[105.910142,21.200812],[105.913877,21.203009],[105.909608,21.206699],[105.915389,21.208398],[105.915611,21.216813],[105.909875,21.224978],[105.905073,21.222325],[105.904051,21.22332],[105.904362,21.226801],[105.906718,21.228304],[105.905384,21.231164],[105.906852,21.231868],[105.91281,21.231081],[105.921124,21.234189],[105.928201,21.239241],[105.932127,21.242923],[105.934145,21.241994],[105.933966,21.245065],[105.935984,21.245089],[105.937871,21.243212],[105.939363,21.245979],[105.925347,21.266628],[105.922231,21.272122],[105.923048,21.286606],[105.926235,21.290208],[105.931298,21.291781],[105.930971,21.295027],[105.919483,21.294114],[105.916492,21.295162],[105.916437,21.300337],[105.917907,21.304446],[105.914345,21.305133],[105.91023,21.301859],[105.904731,21.301757],[105.898515,21.306092],[105.896713,21.313991],[105.898805,21.319341],[105.898913,21.321877],[105.899349,21.324971],[105.897267,21.32732],[105.889043,21.326137],[105.883548,21.327066],[105.881441,21.327442],[105.878928,21.327575],[105.873897,21.328311],[105.871599,21.329426],[105.870521,21.329404],[105.869228,21.327307],[105.868295,21.326883],[105.866643,21.328288],[105.865781,21.331299],[105.865617,21.333252],[105.864708,21.334903],[105.863175,21.336464],[105.862984,21.337913],[105.861403,21.338359],[105.859919,21.337869],[105.858267,21.338359],[105.857131,21.340418],[105.856178,21.342851],[105.855436,21.343612],[105.857178,21.346834],[105.853436,21.348314],[105.852153,21.349322],[105.852824,21.351087],[105.854825,21.352249],[105.853307,21.354585],[105.851741,21.355593],[105.851875,21.35819],[105.85377,21.359823],[105.856474,21.366564],[105.858883,21.373765],[105.856423,21.376276],[105.846979,21.377335],[105.842682,21.376712],[105.838985,21.37747],[105.837198,21.37658],[105.835926,21.373897],[105.83283,21.373584],[105.830886,21.374141],[105.8305,21.374867],[105.830801,21.375378],[105.829598,21.375576],[105.82889,21.37602],[105.828041,21.375938],[105.827988,21.376399],[105.824043,21.377602],[105.822554,21.378396],[105.822269,21.377925],[105.821531,21.377964],[105.820728,21.379609],[105.819808,21.379526],[105.816666,21.381742],[105.816005,21.383002],[105.813246,21.382656],[105.813511,21.381256],[105.812572,21.380628],[105.811565,21.381668],[105.810447,21.3818],[105.807776,21.382788],[105.805664,21.382448],[105.803852,21.383405],[105.803902,21.384517],[105.802194,21.384715],[105.800867,21.385045],[105.799576,21.383414],[105.799187,21.382277],[105.798515,21.381569],[105.798125,21.38231],[105.797064,21.382145],[105.796993,21.381108],[105.795454,21.38119],[105.794588,21.379296],[105.792022,21.379115],[105.787955,21.374923],[105.789813,21.373276],[105.787546,21.371273],[105.787889,21.369923],[105.787279,21.369461],[105.786287,21.362889],[105.784756,21.359979]]]},"properties":{"npp":"NPP Hoa Việt"}},{"type":"Feature","geometry":{"type":"Polygon","coordinates":[[[105.731846,21.122111],[105.736071,21.113767],[105.739272,21.10952],[105.736896,21.104696],[105.750586,21.098378],[105.76885,21.09869],[105.775064,21.098316],[105.781645,21.097968],[105.786155,21.09772],[105.791856,21.097528],[105.793564,21.097402],[105.795833,21.097004],[105.803763,21.09562],[105.807577,21.095318],[105.813332,21.094896],[105.816501,21.094698],[105.820815,21.093231],[105.822342,21.092791],[105.824162,21.092204],[105.825443,21.091743],[105.826678,21.091219],[105.827667,21.090527],[105.829869,21.089185],[105.830183,21.088829],[105.833104,21.086859],[105.835238,21.08579],[105.838684,21.08295],[105.841118,21.081083],[105.845128,21.08078],[105.863437,21.066385],[105.877034,21.069978],[105.890266,21.078977],[105.902691,21.078628],[105.903513,21.079644],[105.904647,21.082093],[105.904661,21.082682],[105.904848,21.083313],[105.904717,21.084258],[105.904926,21.085968],[105.904913,21.088123],[105.905197,21.088868],[105.905656,21.089638],[105.905426,21.090512],[105.904317,21.089238],[105.903208,21.090295],[105.901907,21.091861],[105.902302,21.092165],[105.902629,21.09239],[105.896544,21.098488],[105.897846,21.101145],[105.899258,21.100922],[105.90029,21.106514],[105.901167,21.105617],[105.902785,21.110087],[105.907975,21.11762],[105.910948,21.119121],[105.915404,21.118933],[105.915365,21.121833],[105.913226,21.12563],[105.914261,21.12666],[105.915223,21.125884],[105.919218,21.129628],[105.917899,21.13198],[105.921952,21.135177],[105.923711,21.133002],[105.925948,21.135391],[105.923699,21.138116],[105.926414,21.14035],[105.925592,21.141723],[105.926299,21.142365],[105.926394,21.14413],[105.925171,21.144968],[105.925993,21.146341],[105.923221,21.147589],[105.92173,21.152162],[105.91973,21.155101],[105.920954,21.159307],[105.923088,21.161678],[105.922585,21.162863],[105.919562,21.162416],[105.917338,21.167978],[105.918168,21.173531],[105.921452,21.1738],[105.920441,21.177805],[105.923473,21.182752],[105.91528,21.187231],[105.916255,21.188813],[105.913656,21.189957],[105.913584,21.191538],[105.907286,21.192057],[105.905402,21.182907],[105.902629,21.182867],[105.900197,21.181873],[105.901562,21.17873],[105.901477,21.177776],[105.896102,21.177179],[105.897083,21.179367],[105.898875,21.182311],[105.896486,21.184618],[105.892348,21.1841],[105.890471,21.184936],[105.888167,21.186646],[105.887229,21.190186],[105.882451,21.187959],[105.877332,21.186805],[105.876009,21.187601],[105.876393,21.188993],[105.877972,21.189033],[105.880318,21.188635],[105.882792,21.190226],[105.883901,21.192772],[105.884669,21.195874],[105.886205,21.199016],[105.890897,21.201124],[105.892049,21.202874],[105.88693,21.205976],[105.883091,21.20351],[105.879838,21.203212],[105.875497,21.201959],[105.874231,21.202748],[105.872094,21.206866],[105.871138,21.205498],[105.871327,21.203499],[105.87252,21.201675],[105.872759,21.200821],[105.872411,21.199065],[105.871764,21.197876],[105.870196,21.197265],[105.868441,21.197416],[105.867092,21.197777],[105.866791,21.198115],[105.866635,21.198695],[105.867504,21.20019],[105.867317,21.200686],[105.866538,21.200942],[105.865475,21.200925],[105.864244,21.200587],[105.86319,21.200149],[105.862251,21.199414],[105.861108,21.197136],[105.860151,21.195858],[105.857108,21.193857],[105.85308,21.192156],[105.85082,21.190666],[105.846725,21.188992],[105.844735,21.188839],[105.843965,21.189037],[105.841861,21.190205],[105.840724,21.19041],[105.839911,21.190371],[105.839073,21.189968],[105.838006,21.189005],[105.8371,21.187869],[105.836006,21.186728],[105.835393,21.186486],[105.834731,21.18616],[105.83441,21.186228],[105.832514,21.187675],[105.829613,21.188477],[105.828454,21.188456],[105.826611,21.187747],[105.824576,21.187469],[105.822806,21.186974],[105.821568,21.186463],[105.821109,21.18618],[105.818791,21.184632],[105.817803,21.184302],[105.815849,21.184186],[105.813726,21.184369],[105.813062,21.18456],[105.812651,21.185189],[105.812711,21.185686],[105.813161,21.186035],[105.814843,21.186434],[105.815257,21.186724],[105.815274,21.187497],[105.815062,21.18835],[105.814343,21.189281],[105.813098,21.190379],[105.812158,21.19086],[105.8111,21.191105],[105.80965,21.191176],[105.808254,21.190857],[105.806078,21.189878],[105.804595,21.18907],[105.803323,21.187992],[105.801295,21.187415],[105.800636,21.18743],[105.799936,21.187655],[105.799194,21.188303],[105.798547,21.189948],[105.797765,21.191025],[105.796756,21.191857],[105.795423,21.192552],[105.793682,21.19244],[105.792363,21.191903],[105.791591,21.191247],[105.790819,21.190696],[105.79031,21.190619],[105.790346,21.190491],[105.789255,21.18821],[105.789431,21.188011],[105.787918,21.186301],[105.788257,21.18619],[105.788138,21.185857],[105.788386,21.185746],[105.788138,21.185404],[105.790408,21.18409],[105.789755,21.182077],[105.790883,21.181752],[105.790461,21.180103],[105.789774,21.18024],[105.789031,21.180043],[105.788078,21.180154],[105.787949,21.17894],[105.784998,21.179513],[105.784622,21.177992],[105.783724,21.178069],[105.783678,21.177436],[105.78102,21.178317],[105.78069,21.177291],[105.775429,21.179009],[105.775209,21.178231],[105.7741,21.178513],[105.773852,21.177855],[105.771881,21.178221],[105.770991,21.17539],[105.770717,21.172358],[105.771423,21.169349],[105.770158,21.169264],[105.770708,21.166623],[105.770451,21.166486],[105.771072,21.157906],[105.772019,21.148964],[105.771635,21.149149],[105.770717,21.147911],[105.771982,21.14709],[105.771846,21.14687],[105.772603,21.145852],[105.770878,21.143838],[105.771015,21.142299],[105.766316,21.136076],[105.765357,21.135963],[105.764166,21.135488],[105.763149,21.135453],[105.762119,21.135882],[105.760345,21.13572],[105.760097,21.134898],[105.75954,21.134762],[105.759686,21.133762],[105.755516,21.133762],[105.753178,21.133967],[105.751739,21.133762],[105.751162,21.13389],[105.750704,21.134129],[105.750099,21.134241],[105.747211,21.134275],[105.743682,21.134736],[105.743187,21.132591],[105.742023,21.132915],[105.741427,21.130232],[105.741537,21.130155],[105.741042,21.128795],[105.74008,21.128889],[105.738741,21.128496],[105.738882,21.127758],[105.739002,21.127758],[105.73913,21.127168],[105.738901,21.126826],[105.738937,21.126356],[105.738736,21.126296],[105.738662,21.125663],[105.738837,21.125603],[105.738653,21.125192],[105.737222,21.125737],[105.736893,21.125192],[105.736524,21.125353],[105.736447,21.125202],[105.736528,21.125161],[105.7363,21.12447],[105.736122,21.124569],[105.735721,21.123942],[105.735468,21.123977],[105.735454,21.123332],[105.735282,21.12293],[105.736096,21.122617],[105.73586,21.121786],[105.735649,21.121734],[105.735439,21.121803],[105.731846,21.122111]]]},"properties":{"npp":"NPP Phúc Thịnh"}},{"type":"Feature","geometry":{"type":"Polygon","coordinates":[[[105.786155,21.09772],[105.78579,21.089722],[105.788432,21.08159],[105.788006,21.079139],[105.788482,21.078365],[105.793845,21.076215],[105.798378,21.074443],[105.808955,21.070533],[105.804485,21.062413],[105.804782,21.048803],[105.806805,21.037131],[105.798853,21.027114],[105.797552,21.024781],[105.799878,21.022512],[105.804984,21.014798],[105.815277,21.007658],[105.818097,21.001649],[105.820336,21.003189],[105.83066,21.000256],[105.841246,20.997768],[105.847281,20.996296],[105.858064,20.995187],[105.86223,20.996312],[105.871299,20.999684],[105.878047,21.006297],[105.878081,21.006468],[105.874653,21.008588],[105.861921,21.03931],[105.863197,21.04545],[105.842338,21.078082],[105.841118,21.081083],[105.838684,21.08295],[105.835238,21.08579],[105.833104,21.086859],[105.830183,21.088829],[105.829869,21.089185],[105.827667,21.090527],[105.826678,21.091219],[105.825443,21.091743],[105.824162,21.092204],[105.822342,21.092791],[105.820815,21.093231],[105.816501,21.094698],[105.813332,21.094896],[105.807577,21.095318],[105.803763,21.09562],[105.795833,21.097004],[105.793564,21.097402],[105.791856,21.097528],[105.786155,21.09772]]]},"properties":{"npp":"NPP Thành Hân"}},{"type":"Feature","geometry":{"type":"Polygon","coordinates":[[[105.729023,21.099705],[105.727627,21.098816],[105.726385,21.099138],[105.725005,21.096971],[105.726799,21.093795],[105.725511,21.088773],[105.727036,21.088459],[105.726454,21.085404],[105.727923,21.084526],[105.728298,21.082646],[105.724539,21.076105],[105.72468,21.059899],[105.729614,21.05646],[105.726391,21.05257],[105.728264,21.050978],[105.728397,21.050748],[105.728715,21.050512],[105.72796,21.048407],[105.729548,21.047955],[105.729479,21.047031],[105.73334,21.046513],[105.733349,21.036912],[105.738045,21.036464],[105.738898,21.03281],[105.7392,21.031738],[105.736962,21.031332],[105.737487,21.029915],[105.737282,21.029205],[105.737575,21.028888],[105.737895,21.028951],[105.738523,21.027777],[105.734927,21.026323],[105.73492,21.025592],[105.734709,21.025053],[105.73712,21.023416],[105.736573,21.022449],[105.736026,21.022631],[105.736123,21.021902],[105.734951,21.02181],[105.735099,21.022534],[105.734364,21.02265],[105.733774,21.021501],[105.731605,21.01933],[105.729954,21.01795],[105.734025,21.01546],[105.732925,21.010609],[105.730576,21.010516],[105.735793,20.993388],[105.741639,20.994845],[105.742045,20.993465],[105.746224,20.989637],[105.752704,20.991638],[105.753429,20.988116],[105.754053,20.985464],[105.755799,20.983587],[105.761645,20.97966],[105.763879,20.977884],[105.770416,20.98269],[105.776054,20.985675],[105.780692,20.988933],[105.781293,20.987834],[105.783576,20.986727],[105.786145,20.985667],[105.789544,20.98523],[105.791104,20.98528],[105.792374,20.983897],[105.798885,20.98844],[105.803325,20.99148],[105.818097,21.001649],[105.815277,21.007658],[105.804984,21.014798],[105.799878,21.022512],[105.797552,21.024781],[105.798853,21.027114],[105.806805,21.037131],[105.804782,21.048803],[105.804485,21.062413],[105.808955,21.070533],[105.798378,21.074443],[105.793845,21.076215],[105.788482,21.078365],[105.788006,21.079139],[105.788432,21.08159],[105.78579,21.089722],[105.786155,21.09772],[105.781645,21.097968],[105.775064,21.098316],[105.76885,21.09869],[105.750586,21.098378],[105.736896,21.104696],[105.729023,21.099705]]]},"properties":{"npp":"NPP Tân Hoa"}},{"type":"Feature","geometry":{"type":"Polygon","coordinates":[[[105.902691,21.078628],[105.890266,21.078977],[105.877034,21.069978],[105.863437,21.066385],[105.845128,21.08078],[105.841118,21.081083],[105.842338,21.078082],[105.863197,21.04545],[105.861921,21.03931],[105.874653,21.008588],[105.878081,21.006468],[105.878047,21.006297],[105.906575,20.989976],[105.906226,20.976284],[105.912564,20.972161],[105.912634,20.97221],[105.915106,20.972121],[105.915141,20.973612],[105.915784,20.973806],[105.915772,20.97517],[105.918205,20.975159],[105.918602,20.976324],[105.919907,20.976331],[105.919754,20.975231],[105.922589,20.975119],[105.922186,20.976382],[105.924717,20.975944],[105.924804,20.975078],[105.930096,20.972631],[105.932071,20.973375],[105.936199,20.969624],[105.938148,20.96914],[105.938552,20.967857],[105.948491,20.969222],[105.948731,20.968376],[105.948163,20.967724],[105.949287,20.967337],[105.951905,20.96804],[105.952769,20.968537],[105.955181,20.96818],[105.954951,20.966255],[105.959142,20.965829],[105.959465,20.964826],[105.960109,20.964593],[105.960717,20.965077],[105.964279,20.963055],[105.964637,20.963272],[105.964279,20.970693],[105.964798,20.972598],[105.962335,20.973706],[105.963123,20.975461],[105.961709,20.976263],[105.962889,20.980634],[105.961927,20.981139],[105.962088,20.982376],[105.963484,20.982125],[105.964254,20.982844],[105.965167,20.984398],[105.964755,20.984732],[105.964111,20.984214],[105.961444,20.988139],[105.962088,20.989676],[105.964347,20.990887],[105.965653,20.991054],[105.965922,20.990804],[105.96653,20.991088],[105.968964,20.988481],[105.972114,20.989501],[105.972239,20.993033],[105.971272,20.994687],[105.972131,20.996079],[105.971809,20.996764],[105.972346,20.996881],[105.972901,20.996213],[105.974744,20.997248],[105.975532,20.998451],[105.976677,20.997917],[105.977805,20.998936],[105.980024,20.997683],[105.982358,20.996721],[105.985043,20.996187],[105.988246,20.997239],[105.98932,20.998359],[105.99,20.997907],[105.990859,20.998826],[105.9917,21.000915],[105.993812,21.00033],[105.994241,21.001249],[106.000995,21.000288],[105.998979,21.006484],[106.001743,21.007493],[106.004908,21.00754],[106.005159,21.008314],[106.008049,21.008407],[106.008275,21.010002],[106.010008,21.010846],[106.010033,21.011996],[106.009707,21.012465],[106.007697,21.012043],[106.006717,21.011316],[106.004783,21.011503],[106.005788,21.013074],[106.004958,21.013848],[106.006759,21.016135],[106.004549,21.017073],[106.0048,21.018246],[106.00382,21.019325],[106.004448,21.021623],[106.006808,21.02443],[106.00942,21.024477],[106.006556,21.028792],[106.012284,21.029894],[106.015877,21.034208],[106.016304,21.034068],[106.018692,21.037901],[106.017562,21.038511],[106.018592,21.04055],[106.019798,21.040199],[106.019999,21.04109],[106.019838,21.047249],[106.014361,21.050203],[106.015271,21.052167],[106.013587,21.053363],[106.013839,21.055778],[106.011,21.056411],[106.011351,21.05688],[106.010849,21.05763],[106.008161,21.055333],[106.00806,21.057114],[106.006905,21.05763],[106.0098,21.062018],[106.008669,21.064597],[106.006383,21.062932],[106.002263,21.06809],[106.001933,21.069578],[106.000727,21.069578],[105.998767,21.073914],[105.993165,21.068945],[105.986373,21.0698],[105.978836,21.070081],[105.969227,21.071735],[105.968096,21.072345],[105.968574,21.073189],[105.964253,21.077174],[105.962091,21.077538],[105.95957,21.08827],[105.957916,21.091158],[105.952538,21.088844],[105.945388,21.085015],[105.944102,21.085091],[105.940091,21.083637],[105.939904,21.087004],[105.940659,21.088347],[105.939515,21.091591],[105.938214,21.091199],[105.935336,21.096679],[105.935793,21.099308],[105.935729,21.099491],[105.935825,21.099917],[105.936212,21.100113],[105.936407,21.100587],[105.934077,21.102293],[105.934578,21.103317],[105.934009,21.10405],[105.934687,21.10515],[105.934158,21.106338],[105.93114,21.108681],[105.931709,21.109617],[105.930148,21.111711],[105.927967,21.11252],[105.926612,21.111484],[105.924566,21.112773],[105.925515,21.114302],[105.921385,21.116471],[105.923754,21.120762],[105.922378,21.121316],[105.921127,21.119113],[105.915404,21.118933],[105.910948,21.119121],[105.907975,21.11762],[105.902785,21.110087],[105.901167,21.105617],[105.90029,21.106514],[105.899258,21.100922],[105.897846,21.101145],[105.896544,21.098488],[105.902629,21.09239],[105.902302,21.092165],[105.901907,21.091861],[105.903208,21.090295],[105.904317,21.089238],[105.905426,21.090512],[105.905656,21.089638],[105.905197,21.088868],[105.904913,21.088123],[105.904926,21.085968],[105.904717,21.084258],[105.904848,21.083313],[105.904661,21.082682],[105.904647,21.082093],[105.903513,21.079644],[105.902691,21.078628]]]},"properties":{"npp":"NPP Tùng Phương"}},{"type":"Feature","geometry":{"type":"Polygon","coordinates":[[[105.961116,21.436532],[105.960951,21.434656],[105.957902,21.431743],[105.957261,21.427971],[105.958532,21.423312],[105.957448,21.420245],[105.956564,21.417202],[105.954419,21.413066],[105.955684,21.409569],[105.957087,21.40647],[105.959092,21.404592],[105.959058,21.402585],[105.957957,21.400858],[105.95521,21.401097],[105.9559,21.403141],[105.955363,21.405448],[105.953474,21.406708],[105.950335,21.403907],[105.944766,21.400012],[105.943157,21.400963],[105.941242,21.400345],[105.940434,21.396452],[105.94429,21.39273],[105.945281,21.389244],[105.944138,21.384762],[105.943605,21.378895],[105.941427,21.374196],[105.938843,21.371581],[105.921934,21.374439],[105.917042,21.372526],[105.913477,21.375221],[105.911013,21.375679],[105.909333,21.374546],[105.908173,21.372387],[105.904454,21.363051],[105.900951,21.356634],[105.898411,21.354597],[105.895704,21.35238],[105.895802,21.350375],[105.898952,21.349424],[105.902695,21.351542],[105.907323,21.352556],[105.908793,21.350883],[105.905044,21.345616],[105.900525,21.343436],[105.894292,21.342986],[105.887159,21.346434],[105.880625,21.336849],[105.884524,21.333491],[105.889043,21.326137],[105.897267,21.32732],[105.899349,21.324971],[105.898913,21.321877],[105.898805,21.319341],[105.896713,21.313991],[105.898515,21.306092],[105.904731,21.301757],[105.91023,21.301859],[105.914345,21.305133],[105.917907,21.304446],[105.916437,21.300337],[105.916492,21.295162],[105.919483,21.294114],[105.930971,21.295027],[105.931298,21.291781],[105.926235,21.290208],[105.923048,21.286606],[105.922231,21.272122],[105.925347,21.266628],[105.939363,21.245979],[105.937871,21.243212],[105.935073,21.238084],[105.942301,21.232322],[105.950833,21.234784],[105.954148,21.233873],[105.956442,21.227088],[105.95912,21.227048],[105.96099,21.230297],[105.963709,21.230455],[105.966259,21.22891],[105.967194,21.225741],[105.970552,21.2238],[105.977691,21.223008],[105.979136,21.225282],[105.981346,21.23265],[105.99044,21.235665],[105.991843,21.240498],[105.986233,21.250281],[105.992329,21.263135],[105.994398,21.264279],[106.001017,21.257554],[106.0033,21.257983],[106.006688,21.267837],[106.010131,21.267222],[106.017362,21.268479],[106.021522,21.265216],[106.031163,21.269548],[106.039599,21.27872],[106.036529,21.282409],[106.029856,21.282443],[106.030717,21.292228],[106.026642,21.296078],[106.028651,21.297602],[106.02697,21.29944],[106.028778,21.307941],[106.027199,21.309998],[106.029265,21.311602],[106.028404,21.312137],[106.028139,21.313784],[106.025442,21.317526],[106.026044,21.320734],[106.024655,21.321706],[106.024942,21.324513],[106.027381,21.325154],[106.027065,21.32625],[106.028299,21.326704],[106.029963,21.328041],[106.029246,21.329538],[106.030107,21.330366],[106.034746,21.338775],[106.036292,21.337459],[106.042572,21.335664],[106.045106,21.336241],[106.050697,21.335934],[106.057656,21.33652],[106.055499,21.343294],[106.063939,21.341444],[106.067016,21.341764],[106.068307,21.340219],[106.064667,21.335972],[106.067227,21.335876],[106.070029,21.332531],[106.076353,21.337557],[106.085513,21.332061],[106.087936,21.326731],[106.091666,21.330701],[106.094731,21.329218],[106.097217,21.327947],[106.098231,21.328716],[106.099915,21.328476],[106.100728,21.329201],[106.104904,21.325455],[106.109631,21.326444],[106.109906,21.329326],[106.11183,21.330382],[106.114047,21.330654],[106.117708,21.328958],[106.1191,21.327885],[106.120715,21.328802],[106.120423,21.330723],[106.120973,21.33114],[106.122176,21.331348],[106.122691,21.332676],[106.124651,21.333861],[106.125608,21.333744],[106.125974,21.335858],[106.127084,21.335328],[106.12797,21.335539],[106.12995,21.333765],[106.130874,21.332904],[106.132092,21.332993],[106.132827,21.334749],[106.134632,21.336464],[106.135668,21.336615],[106.136181,21.336535],[106.136468,21.33639],[106.137326,21.335472],[106.137689,21.335462],[106.138247,21.335706],[106.138559,21.335542],[106.13877,21.335261],[106.138614,21.335003],[106.13798,21.334764],[106.137367,21.334188],[106.137115,21.334048],[106.136678,21.333982],[106.136401,21.333916],[106.13619,21.333612],[106.13627,21.332806],[106.136894,21.332404],[106.138237,21.332228],[106.13958,21.332233],[106.140037,21.332534],[106.140228,21.333035],[106.14053,21.333021],[106.140455,21.332004],[106.140606,21.331747],[106.141199,21.331508],[106.141164,21.331034],[106.141657,21.330261],[106.143186,21.330524],[106.143231,21.331039],[106.142793,21.331447],[106.142854,21.331704],[106.143838,21.331831],[106.144155,21.331704],[106.144627,21.330847],[106.146157,21.329486],[106.148433,21.329001],[106.148168,21.328735],[106.147857,21.327072],[106.147505,21.327037],[106.14771,21.326502],[106.145655,21.325532],[106.14947,21.322506],[106.148775,21.322039],[106.149686,21.321201],[106.15029,21.321922],[106.151645,21.320873],[106.151947,21.318449],[106.151494,21.31671],[106.152864,21.314798],[106.151276,21.3138],[106.152228,21.313049],[106.148461,21.308064],[106.148583,21.306953],[106.149538,21.306251],[106.151459,21.305788],[106.152975,21.305497],[106.153588,21.304905],[106.154691,21.304729],[106.154502,21.304064],[106.154639,21.30354],[106.155418,21.302708],[106.156273,21.302107],[106.156255,21.30156],[106.156634,21.301271],[106.156343,21.301129],[106.157827,21.300221],[106.157845,21.300968],[106.158258,21.300761],[106.158375,21.300788],[106.158765,21.300162],[106.1593,21.30044],[106.15958,21.300461],[106.15977,21.300254],[106.159956,21.3004],[106.160433,21.300437],[106.161877,21.299658],[106.161537,21.299332],[106.161484,21.298899],[106.161803,21.298824],[106.161862,21.298723],[106.161731,21.298648],[106.161992,21.298354],[106.162155,21.298257],[106.162267,21.297855],[106.162357,21.29751],[106.162326,21.296898],[106.162396,21.29674],[106.162527,21.296753],[106.162802,21.296652],[106.163108,21.296535],[106.16332,21.296245],[106.163423,21.295897],[106.16345,21.295116],[106.162788,21.295062],[106.162315,21.294898],[106.161869,21.295645],[106.160751,21.295448],[106.160814,21.293528],[106.159134,21.292934],[106.158979,21.292613],[106.158935,21.292334],[106.159203,21.292098],[106.159126,21.291792],[106.159146,21.291406],[106.159004,21.291199],[106.158732,21.291164],[106.158428,21.290536],[106.15829,21.290521],[106.158278,21.289909],[106.1584,21.289868],[106.158521,21.28867],[106.15829,21.288209],[106.158566,21.288167],[106.158351,21.287445],[106.158448,21.287105],[106.158679,21.286814],[106.158331,21.28658],[106.157775,21.286724],[106.157698,21.286478],[106.15739,21.286557],[106.157173,21.286147],[106.156967,21.285973],[106.156938,21.286033],[106.156582,21.286071],[106.156513,21.285871],[106.156051,21.285999],[106.155982,21.285969],[106.155921,21.286007],[106.155933,21.286037],[106.155836,21.28609],[106.155881,21.286249],[106.155812,21.286351],[106.155609,21.286355],[106.155386,21.286211],[106.154846,21.286347],[106.154506,21.286619],[106.154311,21.286509],[106.15421,21.286543],[106.153784,21.286128],[106.153443,21.286256],[106.153257,21.286188],[106.153127,21.286415],[106.152843,21.286453],[106.152466,21.286116],[106.152149,21.286559],[106.151902,21.286827],[106.151702,21.286877],[106.151661,21.286605],[106.151535,21.286488],[106.151345,21.286439],[106.151174,21.286337],[106.151036,21.285974],[106.150801,21.285604],[106.150729,21.284942],[106.150944,21.284719],[106.151025,21.284367],[106.150916,21.284091],[106.150109,21.2845],[106.149788,21.284466],[106.149419,21.284164],[106.148599,21.282651],[106.148157,21.28216],[106.147654,21.28208],[106.145714,21.282172],[106.145345,21.282052],[106.144571,21.280939],[106.144611,21.280768],[106.144765,21.280712],[106.145872,21.280651],[106.146132,21.280606],[106.14627,21.280353],[106.145913,21.27877],[106.145986,21.278022],[106.145635,21.27799],[106.145659,21.27771],[106.145412,21.27762],[106.145655,21.277332],[106.145355,21.27697],[106.145549,21.276556],[106.145343,21.276431],[106.145343,21.275981],[106.145253,21.276027],[106.145103,21.275256],[106.144438,21.275547],[106.1443,21.275713],[106.143901,21.276582],[106.143666,21.276899],[106.142871,21.277285],[106.141825,21.277663],[106.141224,21.278037],[106.141156,21.278165],[106.141095,21.278324],[106.141005,21.278327],[106.14041,21.273645],[106.140446,21.27312],[106.140759,21.272888],[106.140903,21.272586],[106.141437,21.272159],[106.141104,21.271249],[106.141284,21.270658],[106.141555,21.270217],[106.141658,21.270385],[106.142073,21.270639],[106.142037,21.270706],[106.142447,21.270979],[106.142686,21.270958],[106.14306,21.271071],[106.143731,21.27118],[106.144044,21.271133],[106.144031,21.27086],[106.14454,21.27073],[106.145112,21.270651],[106.145379,21.270493],[106.145388,21.270384],[106.145879,21.270207],[106.146146,21.269581],[106.146402,21.269526],[106.146785,21.27021],[106.147109,21.270106],[106.147465,21.269837],[106.148168,21.270127],[106.148231,21.270231],[106.148456,21.27024],[106.14915,21.268918],[106.149024,21.268603],[106.148796,21.268521],[106.148351,21.268153],[106.148301,21.267826],[106.148496,21.267672],[106.148951,21.266367],[106.149577,21.266055],[106.149512,21.265854],[106.149672,21.265798],[106.149441,21.26478],[106.150332,21.26443],[106.150252,21.264257],[106.151198,21.263893],[106.151178,21.263544],[106.151398,21.263446],[106.151703,21.263432],[106.152199,21.263562],[106.152279,21.263478],[106.154141,21.263577],[106.154817,21.263691],[106.155589,21.26392],[106.155773,21.263914],[106.15619,21.263337],[106.156405,21.26328],[106.156632,21.263188],[106.156828,21.263205],[106.156932,21.263148],[106.15711,21.262931],[106.157423,21.26296],[106.158012,21.263451],[106.15822,21.26336],[106.158392,21.2632],[106.159103,21.261879],[106.159434,21.261571],[106.159606,21.261245],[106.160732,21.25934],[106.161296,21.258517],[106.161812,21.257843],[106.162051,21.257889],[106.161989,21.258186],[106.162431,21.258146],[106.162437,21.258014],[106.162646,21.25802],[106.162578,21.258277],[106.162977,21.258306],[106.163615,21.258483],[106.163958,21.258734],[106.164682,21.259489],[106.165062,21.25926],[106.166638,21.259146],[106.166583,21.258843],[106.168673,21.258643],[106.168838,21.259174],[106.169096,21.25918],[106.16931,21.258803],[106.169641,21.257883],[106.171759,21.255908],[106.17752,21.260112],[106.180997,21.262682],[106.18213,21.263493],[106.182708,21.263696],[106.183196,21.26417],[106.184208,21.264822],[106.184484,21.265138],[106.18469,21.26563],[106.184862,21.265813],[106.185053,21.265981],[106.185098,21.266148],[106.185536,21.266253],[106.185997,21.267657],[106.187277,21.267144],[106.187716,21.267081],[106.188187,21.267207],[106.188401,21.266956],[106.190187,21.268254],[106.188772,21.270547],[106.186188,21.274828],[106.184784,21.278143],[106.183795,21.281628],[106.183632,21.285181],[106.185075,21.288508],[106.186189,21.291717],[106.187299,21.295218],[106.189686,21.297674],[106.192585,21.297873],[106.19447,21.298874],[106.196482,21.303138],[106.196482,21.306938],[106.195302,21.311363],[106.193269,21.31332],[106.188517,21.316596],[106.184642,21.319769],[106.182406,21.320837],[106.180924,21.32361],[106.181411,21.326494],[106.184941,21.329303],[106.189699,21.334693],[106.191856,21.338967],[106.1938,21.344032],[106.192957,21.34738],[106.192355,21.352687],[106.192682,21.356413],[106.192289,21.356957],[106.191255,21.356967],[106.188762,21.356926],[106.188739,21.358484],[106.188346,21.362345],[106.187447,21.363391],[106.184178,21.362272],[106.181156,21.361686],[106.179624,21.362536],[106.180095,21.364294],[106.182062,21.367251],[106.183741,21.369493],[106.18541,21.371467],[106.186061,21.373873],[106.184792,21.374407],[106.182253,21.374062],[106.180534,21.374449],[106.178793,21.375955],[106.176928,21.379345],[106.176445,21.383383],[106.17449,21.385611],[106.173749,21.387445],[106.173675,21.391958],[106.172766,21.395117],[106.171125,21.395985],[106.169271,21.395138],[106.167766,21.394949],[106.167407,21.396905],[106.167699,21.399729],[106.167497,21.4028],[106.166402,21.40536],[106.166799,21.406366],[106.169675,21.4069],[106.169804,21.408105],[106.169453,21.409837],[106.168464,21.412745],[106.168888,21.414416],[106.170348,21.416801],[106.172966,21.419196],[106.177752,21.422961],[106.179751,21.423588],[106.180672,21.424383],[106.183257,21.42768],[106.181064,21.432774],[106.181199,21.43358],[106.185232,21.43496],[106.185726,21.434981],[106.186377,21.434526],[106.188837,21.430908],[106.190455,21.428607],[106.191972,21.428398],[106.192814,21.428565],[106.194522,21.429036],[106.196095,21.429695],[106.196993,21.43004],[106.197651,21.430961],[106.197853,21.431505],[106.197853,21.43209],[106.195898,21.437193],[106.195781,21.439838],[106.196017,21.441663],[106.196388,21.44183],[106.197455,21.441621],[106.20014,21.440554],[106.201567,21.439812],[106.202814,21.439582],[106.205094,21.44],[106.206757,21.441067],[106.209271,21.443732],[106.209563,21.444276],[106.209462,21.444882],[106.20881,21.446169],[106.207945,21.446754],[106.207305,21.446524],[106.206238,21.445029],[106.20544,21.443941],[106.20389,21.443523],[106.20171,21.443941],[106.201239,21.444642],[106.201609,21.445572],[106.203901,21.446106],[106.206002,21.44781],[106.208091,21.450163],[106.211113,21.452954],[106.213057,21.454251],[106.214481,21.455463],[106.215301,21.455463],[106.216391,21.455348],[106.21738,21.455055],[106.217649,21.453957],[106.217447,21.452316],[106.218095,21.450779],[106.217982,21.448248],[106.218263,21.447893],[106.219162,21.447631],[106.2196,21.447746],[106.220645,21.44944],[106.221589,21.451124],[106.222969,21.452838],[106.2238,21.453455],[106.224811,21.453298],[106.226362,21.452493],[106.228182,21.450872],[106.230528,21.448918],[106.231368,21.448234],[106.231818,21.448193],[106.232418,21.448193],[106.232613,21.448541],[106.232703,21.449267],[106.232613,21.450677],[106.232328,21.452663],[106.232523,21.453877],[106.232658,21.455092],[106.233125,21.455815],[106.234414,21.457727],[106.235434,21.459164],[106.235992,21.461032],[106.236697,21.462861],[106.237536,21.464075],[106.239306,21.464242],[106.24064,21.463823],[106.241375,21.462833],[106.24118,21.461828],[106.237046,21.456618],[106.237046,21.455795],[106.239629,21.453574],[106.241823,21.451687],[106.242558,21.449886],[106.243967,21.448198],[106.244642,21.448714],[106.245134,21.4501],[106.245478,21.452389],[106.245643,21.453562],[106.246662,21.455048],[106.247637,21.455508],[106.249811,21.455662],[106.252034,21.457349],[106.253038,21.458731],[106.254118,21.459917],[106.255543,21.460531],[106.256202,21.460503],[106.256727,21.459987],[106.256892,21.458787],[106.256472,21.456124],[106.255153,21.453115],[106.254718,21.451691],[106.254703,21.450491],[106.255018,21.449556],[106.255513,21.449263],[106.256802,21.449179],[106.258167,21.449277],[106.259336,21.449388],[106.261041,21.448953],[106.26611,21.447306],[106.267458,21.44725],[106.268778,21.44747],[106.273052,21.448768],[106.27631,21.45096],[106.280284,21.45149],[106.283228,21.452108],[106.284221,21.46172],[106.286533,21.465475],[106.286763,21.470551],[106.285262,21.47209],[106.282645,21.472355],[106.28862,21.491462],[106.261906,21.491205],[106.24985,21.487347],[106.246333,21.484365],[106.245365,21.481267],[106.244342,21.481273],[106.24357,21.482817],[106.245447,21.484036],[106.245774,21.485248],[106.245002,21.485802],[106.242136,21.486025],[106.237609,21.494631],[106.224741,21.493716],[106.167637,21.51256],[106.167623,21.560936],[106.169425,21.565047],[106.167061,21.577801],[106.169103,21.595937],[106.185185,21.604112],[106.17373,21.609635],[106.159466,21.62656],[106.145903,21.622091],[106.142889,21.623346],[106.127583,21.615805],[106.116738,21.616536],[106.115023,21.618801],[106.110369,21.619337],[106.107126,21.62188],[106.101516,21.621437],[106.099479,21.625032],[106.092632,21.622307],[106.08918,21.621956],[106.084824,21.61971],[106.078499,21.618494],[106.076463,21.613065],[106.070297,21.609647],[106.067648,21.604769],[106.060915,21.604305],[106.05663,21.602234],[106.051507,21.592036],[106.052433,21.588475],[106.050587,21.586414],[106.050154,21.582852],[106.048347,21.580235],[106.045419,21.579224],[106.042201,21.57561],[106.033382,21.571743],[106.033732,21.564158],[106.030523,21.562135],[106.033165,21.559818],[106.044478,21.559902],[106.046078,21.557562],[106.047804,21.558729],[106.054947,21.550368],[106.051453,21.545785],[106.053543,21.537489],[106.051319,21.533286],[106.049247,21.532861],[106.044182,21.520488],[106.04439,21.518786],[106.043434,21.517716],[106.041689,21.517153],[106.041182,21.515646],[106.041643,21.514134],[106.0447,21.513703],[106.045287,21.512784],[106.044392,21.511483],[106.045411,21.50927],[106.045687,21.506714],[106.043688,21.503975],[106.042949,21.498126],[106.038316,21.492724],[106.037698,21.489649],[106.03986,21.488844],[106.040722,21.486536],[106.048003,21.482549],[106.046997,21.47748],[106.045823,21.477508],[106.045649,21.474636],[106.044844,21.474507],[106.04441,21.473736],[106.043106,21.473698],[106.041756,21.473985],[106.040894,21.47313],[106.040764,21.470722],[106.044276,21.463061],[106.046423,21.46478],[106.046268,21.463457],[106.048245,21.46317],[106.048616,21.461963],[106.05189,21.462308],[106.051828,21.460526],[106.051117,21.460152],[106.050235,21.454457],[106.048536,21.453762],[106.049472,21.451948],[106.049132,21.450338],[106.047588,21.44824],[106.046701,21.444988],[106.04758,21.444687],[106.046429,21.442204],[106.045356,21.441381],[106.041884,21.440964],[106.041112,21.439728],[106.039537,21.439412],[106.03861,21.437945],[106.036294,21.439469],[106.030086,21.437099],[106.025162,21.431124],[106.026999,21.429349],[106.028484,21.429118],[106.029015,21.428301],[106.028483,21.427244],[106.030285,21.426602],[106.031602,21.423979],[106.031648,21.421937],[106.033357,21.418883],[106.032087,21.414318],[106.033981,21.412727],[106.034651,21.40892],[106.034142,21.407931],[106.031925,21.407307],[106.030678,21.405544],[106.030252,21.402218],[106.027283,21.399393],[106.027444,21.396963],[106.029315,21.394286],[106.028969,21.393727],[106.025814,21.394015],[106.025635,21.392622],[106.024438,21.392496],[106.024094,21.393388],[106.022868,21.393318],[106.022868,21.394349],[106.020806,21.394845],[106.020117,21.3955],[106.018996,21.40121],[106.016129,21.403313],[106.012554,21.40284],[106.009652,21.404088],[106.009153,21.405424],[106.007158,21.406196],[106.006611,21.405709],[106.004466,21.405741],[106.004406,21.406215],[106.002671,21.406271],[106.000113,21.404251],[105.99561,21.404599],[105.996358,21.407803],[105.99045,21.409766],[105.991407,21.412343],[105.991188,21.412889],[105.989926,21.412315],[105.989403,21.413053],[105.986486,21.413833],[105.98499,21.410922],[105.984212,21.412245],[105.981674,21.413796],[105.979003,21.413568],[105.976383,21.417084],[105.97589,21.419104],[105.97254,21.419243],[105.972083,21.422733],[105.970751,21.423165],[105.969255,21.425504],[105.969211,21.426646],[105.967908,21.427498],[105.967863,21.428766],[105.967026,21.429545],[105.967923,21.430826],[105.964708,21.43639],[105.962888,21.436971],[105.961116,21.436532]]]},"properties":{"npp":"NPP Ánh Thu"}},{"type":"Feature","geometry":{"type":"Polygon","coordinates":[[[106.320765,21.289738],[106.320149,21.29073],[106.319674,21.291411],[106.319674,21.2922],[106.319585,21.293109],[106.320431,21.293324],[106.320457,21.29483],[106.320483,21.295631],[106.320264,21.296587],[106.31988,21.296635],[106.319867,21.29691],[106.319764,21.297101],[106.319803,21.297232],[106.31961,21.297555],[106.319738,21.297973],[106.319559,21.298499],[106.319187,21.298487],[106.319135,21.298284],[106.318905,21.298129],[106.318571,21.298224],[106.318635,21.298738],[106.317751,21.299327],[106.317802,21.299578],[106.317571,21.299638],[106.317456,21.300343],[106.316646,21.300546],[106.31689,21.300954],[106.316992,21.3016],[106.316736,21.302078],[106.315478,21.302293],[106.315222,21.302723],[106.315542,21.303584],[106.314914,21.303847],[106.313586,21.303464],[106.312188,21.302998],[106.311238,21.302317],[106.309339,21.301564],[106.307143,21.302245],[106.305563,21.301731],[106.30428,21.30093],[106.303612,21.301217],[106.303093,21.300986],[106.302462,21.301311],[106.301808,21.300681],[106.300872,21.300387],[106.300895,21.300104],[106.300027,21.299347],[106.299149,21.300114],[106.299161,21.300482],[106.298777,21.300786],[106.298507,21.302267],[106.297695,21.302897],[106.295933,21.303749],[106.295189,21.303759],[106.294682,21.304389],[106.294332,21.304431],[106.294231,21.30377],[106.293679,21.303717],[106.293358,21.304679],[106.292896,21.30534],[106.292963,21.305771],[106.29351,21.306238],[106.294188,21.307375],[106.294933,21.307833],[106.295035,21.308638],[106.293849,21.309759],[106.294238,21.31009],[106.294069,21.312351],[106.29395,21.313996],[106.29434,21.314264],[106.293239,21.314564],[106.293255,21.315148],[106.292442,21.315559],[106.292696,21.315811],[106.292442,21.316269],[106.292917,21.316506],[106.293222,21.317008],[106.293222,21.317513],[106.292391,21.317923],[106.292628,21.318539],[106.292273,21.318949],[106.292713,21.31977],[106.292205,21.32026],[106.292357,21.320828],[106.291044,21.322564],[106.291197,21.323243],[106.292129,21.323259],[106.293552,21.324364],[106.293908,21.324238],[106.294637,21.324989],[106.295213,21.32502],[106.295383,21.324626],[106.295755,21.324752],[106.295552,21.325462],[106.29523,21.325857],[106.295247,21.326473],[106.29545,21.326741],[106.29545,21.327278],[106.295111,21.327088],[106.294349,21.327151],[106.293451,21.328291],[106.292383,21.328702],[106.291604,21.329254],[106.291892,21.330454],[106.29218,21.331006],[106.293281,21.330659],[106.293247,21.330201],[106.294366,21.329286],[106.295603,21.329207],[106.296111,21.330517],[106.296399,21.331322],[106.296535,21.332269],[106.297721,21.332725],[106.297908,21.333041],[106.298399,21.332631],[106.298924,21.332757],[106.299856,21.333562],[106.300195,21.332694],[106.301009,21.332757],[106.301348,21.33353],[106.301771,21.33432],[106.303093,21.335346],[106.303347,21.335109],[106.303161,21.334556],[106.304008,21.334051],[106.304398,21.334604],[106.304347,21.335046],[106.304873,21.335141],[106.3055,21.335816],[106.306144,21.336022],[106.306127,21.336653],[106.307482,21.338089],[106.308686,21.337],[106.309025,21.336858],[106.309058,21.337521],[106.30973,21.337922],[106.310323,21.338222],[106.310526,21.338711],[106.311153,21.338538],[106.311357,21.339343],[106.312193,21.339639],[106.312448,21.340301],[106.312888,21.340444],[106.313481,21.341075],[106.31382,21.34229],[106.314142,21.343585],[106.314227,21.344706],[106.31504,21.345211],[106.314583,21.345416],[106.314735,21.346505],[106.313803,21.346221],[106.313041,21.346584],[106.313261,21.347278],[106.314481,21.347909],[106.315278,21.349188],[106.314634,21.349709],[106.31504,21.351161],[106.316023,21.351129],[106.315498,21.352231],[106.31382,21.352231],[106.313142,21.353746],[106.3126,21.35512],[106.313329,21.355325],[106.313617,21.356461],[106.3136,21.357787],[106.313244,21.35798],[106.313668,21.358769],[106.313176,21.359385],[106.313532,21.35989],[106.313566,21.360842],[106.313685,21.361252],[106.31421,21.361473],[106.314447,21.361742],[106.314769,21.361726],[106.314651,21.362364],[106.31504,21.362601],[106.314718,21.363643],[106.315023,21.363943],[106.31382,21.365142],[106.313753,21.367737],[106.313956,21.368005],[106.313583,21.368336],[106.31382,21.368652],[106.313719,21.369694],[106.312465,21.369204],[106.311888,21.369994],[106.312075,21.370278],[106.3116,21.370562],[106.312075,21.370719],[106.311499,21.371098],[106.312176,21.371572],[106.311821,21.372159],[106.31161,21.372808],[106.313772,21.374072],[106.316875,21.375356],[106.319967,21.374628],[106.322244,21.374671],[106.324106,21.3748],[106.326473,21.375699],[106.327967,21.37754],[106.330195,21.379296],[106.329298,21.38028],[106.331919,21.381544],[106.333161,21.382571],[106.333589,21.382357],[106.335037,21.383342],[106.33598,21.385073],[106.336095,21.386143],[106.339544,21.386786],[106.340368,21.389511],[106.340115,21.39006],[106.342253,21.391965],[106.342575,21.393212],[106.344897,21.394432],[106.346154,21.395481],[106.347303,21.395759],[106.350194,21.397005],[106.349481,21.399438],[106.346741,21.400846],[106.344489,21.401689],[106.344304,21.398739],[106.342212,21.399328],[106.342199,21.397345],[106.341089,21.396768],[106.337588,21.400597],[106.335451,21.401331],[106.334673,21.404534],[106.331731,21.404802],[106.328239,21.4082],[106.32488,21.409302],[106.322901,21.410608],[106.321999,21.41248],[106.322251,21.414987],[106.324713,21.414958],[106.32648,21.415919],[106.327323,21.418146],[106.326969,21.420424],[106.325268,21.42566],[106.328468,21.426898],[106.328565,21.429228],[106.330085,21.430636],[106.329438,21.431759],[106.329788,21.432915],[106.331584,21.434152],[106.333125,21.434869],[106.33351,21.436375],[106.332322,21.439531],[106.330812,21.439728],[106.32917,21.440811],[106.32879,21.442091],[106.32889,21.444439],[106.329416,21.445178],[106.329215,21.446209],[106.325869,21.448199],[106.322687,21.446867],[106.318988,21.446846],[106.317469,21.444677],[106.31668,21.444273],[106.314859,21.444905],[106.313577,21.44926],[106.31092,21.452006],[106.305662,21.449134],[106.304107,21.447531],[106.304242,21.446169],[106.306567,21.443163],[106.306376,21.442455],[106.30567,21.442177],[106.301272,21.44312],[106.299598,21.445843],[106.298332,21.446586],[106.297406,21.445664],[106.296487,21.443137],[106.295159,21.442865],[106.291172,21.446241],[106.288764,21.450005],[106.289284,21.450854],[106.291162,21.452574],[106.291406,21.454092],[106.290998,21.455079],[106.289041,21.455787],[106.28828,21.455407],[106.28635,21.453181],[106.283228,21.452108],[106.280284,21.45149],[106.27631,21.45096],[106.273052,21.448768],[106.268778,21.44747],[106.267458,21.44725],[106.26611,21.447306],[106.261041,21.448953],[106.259336,21.449388],[106.258167,21.449277],[106.256802,21.449179],[106.255513,21.449263],[106.255018,21.449556],[106.254703,21.450491],[106.254718,21.451691],[106.255153,21.453115],[106.256472,21.456124],[106.256892,21.458787],[106.256727,21.459987],[106.256202,21.460503],[106.255543,21.460531],[106.254118,21.459917],[106.253038,21.458731],[106.252034,21.457349],[106.249811,21.455662],[106.247637,21.455508],[106.246662,21.455048],[106.245643,21.453562],[106.245478,21.452389],[106.245134,21.4501],[106.244642,21.448714],[106.243967,21.448198],[106.242558,21.449886],[106.241823,21.451687],[106.239629,21.453574],[106.237046,21.455795],[106.237046,21.456618],[106.24118,21.461828],[106.241375,21.462833],[106.24064,21.463823],[106.239306,21.464242],[106.237536,21.464075],[106.236697,21.462861],[106.235992,21.461032],[106.235434,21.459164],[106.234414,21.457727],[106.233125,21.455815],[106.232658,21.455092],[106.232523,21.453877],[106.232328,21.452663],[106.232613,21.450677],[106.232703,21.449267],[106.232613,21.448541],[106.232418,21.448193],[106.231818,21.448193],[106.231368,21.448234],[106.230528,21.448918],[106.228182,21.450872],[106.226362,21.452493],[106.224811,21.453298],[106.2238,21.453455],[106.222969,21.452838],[106.221589,21.451124],[106.220645,21.44944],[106.2196,21.447746],[106.219162,21.447631],[106.218263,21.447893],[106.217982,21.448248],[106.218095,21.450779],[106.217447,21.452316],[106.217649,21.453957],[106.21738,21.455055],[106.216391,21.455348],[106.215301,21.455463],[106.214481,21.455463],[106.213057,21.454251],[106.211113,21.452954],[106.208091,21.450163],[106.206002,21.44781],[106.203901,21.446106],[106.201609,21.445572],[106.201239,21.444642],[106.20171,21.443941],[106.20389,21.443523],[106.20544,21.443941],[106.206238,21.445029],[106.207305,21.446524],[106.207945,21.446754],[106.20881,21.446169],[106.209462,21.444882],[106.209563,21.444276],[106.209271,21.443732],[106.206757,21.441067],[106.205094,21.44],[106.202814,21.439582],[106.201567,21.439812],[106.20014,21.440554],[106.197455,21.441621],[106.196388,21.44183],[106.196017,21.441663],[106.195781,21.439838],[106.195898,21.437193],[106.197853,21.43209],[106.197853,21.431505],[106.197651,21.430961],[106.196993,21.43004],[106.196095,21.429695],[106.194522,21.429036],[106.192814,21.428565],[106.191972,21.428398],[106.190455,21.428607],[106.188837,21.430908],[106.186377,21.434526],[106.185726,21.434981],[106.185232,21.43496],[106.181199,21.43358],[106.181064,21.432774],[106.183257,21.42768],[106.180672,21.424383],[106.179751,21.423588],[106.177752,21.422961],[106.172966,21.419196],[106.170348,21.416801],[106.168888,21.414416],[106.168464,21.412745],[106.169453,21.409837],[106.169804,21.408105],[106.169675,21.4069],[106.166799,21.406366],[106.166402,21.40536],[106.167497,21.4028],[106.167699,21.399729],[106.167407,21.396905],[106.167766,21.394949],[106.169271,21.395138],[106.171125,21.395985],[106.172766,21.395117],[106.173675,21.391958],[106.173749,21.387445],[106.17449,21.385611],[106.176445,21.383383],[106.176928,21.379345],[106.178793,21.375955],[106.180534,21.374449],[106.182253,21.374062],[106.184792,21.374407],[106.186061,21.373873],[106.18541,21.371467],[106.183741,21.369493],[106.182062,21.367251],[106.180095,21.364294],[106.179624,21.362536],[106.181156,21.361686],[106.184178,21.362272],[106.187447,21.363391],[106.188346,21.362345],[106.188739,21.358484],[106.188762,21.356926],[106.191255,21.356967],[106.192289,21.356957],[106.192682,21.356413],[106.192355,21.352687],[106.192957,21.34738],[106.1938,21.344032],[106.191856,21.338967],[106.189699,21.334693],[106.184941,21.329303],[106.181411,21.326494],[106.180924,21.32361],[106.182406,21.320837],[106.184642,21.319769],[106.188517,21.316596],[106.193269,21.31332],[106.195302,21.311363],[106.196482,21.306938],[106.196482,21.303138],[106.19447,21.298874],[106.192585,21.297873],[106.189686,21.297674],[106.187299,21.295218],[106.186189,21.291717],[106.185075,21.288508],[106.183632,21.285181],[106.183795,21.281628],[106.184784,21.278143],[106.186188,21.274828],[106.188772,21.270547],[106.190187,21.268254],[106.188401,21.266956],[106.188187,21.267207],[106.187716,21.267081],[106.187277,21.267144],[106.185997,21.267657],[106.185536,21.266253],[106.185098,21.266148],[106.185053,21.265981],[106.184862,21.265813],[106.18469,21.26563],[106.184484,21.265138],[106.184208,21.264822],[106.183196,21.26417],[106.182708,21.263696],[106.18213,21.263493],[106.180997,21.262682],[106.17752,21.260112],[106.171759,21.255908],[106.169641,21.257883],[106.16931,21.258803],[106.169096,21.25918],[106.168838,21.259174],[106.168673,21.258643],[106.166583,21.258843],[106.166638,21.259146],[106.165062,21.25926],[106.164682,21.259489],[106.163958,21.258734],[106.163615,21.258483],[106.162977,21.258306],[106.162578,21.258277],[106.162646,21.25802],[106.162437,21.258014],[106.162431,21.258146],[106.161989,21.258186],[106.162051,21.257889],[106.161812,21.257843],[106.161296,21.258517],[106.160732,21.25934],[106.159606,21.261245],[106.159434,21.261571],[106.159103,21.261879],[106.158392,21.2632],[106.15822,21.26336],[106.158012,21.263451],[106.157423,21.26296],[106.15711,21.262931],[106.156932,21.263148],[106.156828,21.263205],[106.156632,21.263188],[106.156405,21.26328],[106.15619,21.263337],[106.155773,21.263914],[106.155589,21.26392],[106.154817,21.263691],[106.154141,21.263577],[106.152279,21.263478],[106.152199,21.263562],[106.151703,21.263432],[106.151398,21.263446],[106.151178,21.263544],[106.151198,21.263893],[106.150252,21.264257],[106.150332,21.26443],[106.149441,21.26478],[106.149672,21.265798],[106.149512,21.265854],[106.149577,21.266055],[106.148951,21.266367],[106.148496,21.267672],[106.148301,21.267826],[106.148351,21.268153],[106.148796,21.268521],[106.149024,21.268603],[106.14915,21.268918],[106.148456,21.27024],[106.148231,21.270231],[106.148168,21.270127],[106.147465,21.269837],[106.147109,21.270106],[106.146785,21.27021],[106.146402,21.269526],[106.146146,21.269581],[106.145879,21.270207],[106.145388,21.270384],[106.145379,21.270493],[106.145112,21.270651],[106.14454,21.27073],[106.144031,21.27086],[106.144044,21.271133],[106.143731,21.27118],[106.14306,21.271071],[106.142686,21.270958],[106.142447,21.270979],[106.142037,21.270706],[106.142073,21.270639],[106.141658,21.270385],[106.141555,21.270217],[106.141284,21.270658],[106.141104,21.271249],[106.141437,21.272159],[106.140903,21.272586],[106.140759,21.272888],[106.140446,21.27312],[106.14041,21.273645],[106.141224,21.278037],[106.141005,21.278327],[106.141095,21.278324],[106.141156,21.278165],[106.141224,21.278037],[106.141825,21.277663],[106.142871,21.277285],[106.143666,21.276899],[106.143901,21.276582],[106.1443,21.275713],[106.144438,21.275547],[106.145103,21.275256],[106.145253,21.276027],[106.145343,21.275981],[106.145343,21.276431],[106.145549,21.276556],[106.145355,21.27697],[106.145655,21.277332],[106.145412,21.27762],[106.145659,21.27771],[106.145635,21.27799],[106.145986,21.278022],[106.145913,21.27877],[106.14627,21.280353],[106.146132,21.280606],[106.145872,21.280651],[106.144765,21.280712],[106.144611,21.280768],[106.144571,21.280939],[106.145345,21.282052],[106.145714,21.282172],[106.147654,21.28208],[106.148157,21.28216],[106.148599,21.282651],[106.149419,21.284164],[106.149788,21.284466],[106.150109,21.2845],[106.150916,21.284091],[106.151025,21.284367],[106.150944,21.284719],[106.150729,21.284942],[106.150801,21.285604],[106.151036,21.285974],[106.151174,21.286337],[106.151345,21.286439],[106.151535,21.286488],[106.151661,21.286605],[106.151702,21.286877],[106.151902,21.286827],[106.152149,21.286559],[106.152466,21.286116],[106.152843,21.286453],[106.153127,21.286415],[106.153257,21.286188],[106.153443,21.286256],[106.153784,21.286128],[106.15421,21.286543],[106.154311,21.286509],[106.154506,21.286619],[106.154846,21.286347],[106.155386,21.286211],[106.155609,21.286355],[106.155812,21.286351],[106.155881,21.286249],[106.155836,21.28609],[106.155933,21.286037],[106.155921,21.286007],[106.155982,21.285969],[106.156051,21.285999],[106.156513,21.285871],[106.156582,21.286071],[106.156938,21.286033],[106.156967,21.285973],[106.157173,21.286147],[106.15739,21.286557],[106.157698,21.286478],[106.157775,21.286724],[106.158331,21.28658],[106.158679,21.286814],[106.158448,21.287105],[106.158351,21.287445],[106.158566,21.288167],[106.15829,21.288209],[106.158521,21.28867],[106.1584,21.289868],[106.158278,21.289909],[106.15829,21.290521],[106.158428,21.290536],[106.158732,21.291164],[106.159004,21.291199],[106.159146,21.291406],[106.159126,21.291792],[106.159203,21.292098],[106.158935,21.292334],[106.158979,21.292613],[106.159134,21.292934],[106.160814,21.293528],[106.160751,21.295448],[106.161869,21.295645],[106.162315,21.294898],[106.162788,21.295062],[106.16345,21.295116],[106.163423,21.295897],[106.16332,21.296245],[106.163108,21.296535],[106.162802,21.296652],[106.162527,21.296753],[106.162396,21.29674],[106.162326,21.296898],[106.162357,21.29751],[106.162267,21.297855],[106.162155,21.298257],[106.161992,21.298354],[106.161731,21.298648],[106.161862,21.298723],[106.161803,21.298824],[106.161484,21.298899],[106.161537,21.299332],[106.161877,21.299658],[106.160433,21.300437],[106.159956,21.3004],[106.15977,21.300254],[106.15958,21.300461],[106.1593,21.30044],[106.158765,21.300162],[106.158375,21.300788],[106.158258,21.300761],[106.157845,21.300968],[106.157827,21.300221],[106.156343,21.301129],[106.156634,21.301271],[106.156255,21.30156],[106.156273,21.302107],[106.155418,21.302708],[106.154639,21.30354],[106.154502,21.304064],[106.154691,21.304729],[106.153588,21.304905],[106.152975,21.305497],[106.151459,21.305788],[106.149538,21.306251],[106.148583,21.306953],[106.148461,21.308064],[106.152228,21.313049],[106.151276,21.3138],[106.152864,21.314798],[106.151494,21.31671],[106.151947,21.318449],[106.151645,21.320873],[106.15029,21.321922],[106.149686,21.321201],[106.148775,21.322039],[106.14947,21.322506],[106.145655,21.325532],[106.14771,21.326502],[106.147505,21.327037],[106.147857,21.327072],[106.148168,21.328735],[106.148433,21.329001],[106.146157,21.329486],[106.144627,21.330847],[106.144155,21.331704],[106.143838,21.331831],[106.142854,21.331704],[106.142793,21.331447],[106.143231,21.331039],[106.143186,21.330524],[106.141657,21.330261],[106.141164,21.331034],[106.141199,21.331508],[106.140606,21.331747],[106.140455,21.332004],[106.14053,21.333021],[106.140228,21.333035],[106.140037,21.332534],[106.13958,21.332233],[106.138237,21.332228],[106.136894,21.332404],[106.13627,21.332806],[106.13619,21.333612],[106.136401,21.333916],[106.136678,21.333982],[106.137115,21.334048],[106.137367,21.334188],[106.13798,21.334764],[106.138614,21.335003],[106.13877,21.335261],[106.138559,21.335542],[106.138247,21.335706],[106.137689,21.335462],[106.137326,21.335472],[106.136468,21.33639],[106.136181,21.336535],[106.135668,21.336615],[106.134632,21.336464],[106.132827,21.334749],[106.132092,21.332993],[106.130874,21.332904],[106.12995,21.333765],[106.12797,21.335539],[106.127084,21.335328],[106.125974,21.335858],[106.125608,21.333744],[106.124651,21.333861],[106.122691,21.332676],[106.122176,21.331348],[106.120973,21.33114],[106.120423,21.330723],[106.120715,21.328802],[106.1191,21.327885],[106.117708,21.328958],[106.114047,21.330654],[106.11183,21.330382],[106.109906,21.329326],[106.109631,21.326444],[106.104904,21.325455],[106.100728,21.329201],[106.099915,21.328476],[106.098231,21.328716],[106.097217,21.327947],[106.094731,21.329218],[106.091666,21.330701],[106.087936,21.326731],[106.085513,21.332061],[106.076353,21.337557],[106.070029,21.332531],[106.067227,21.335876],[106.064667,21.335972],[106.068307,21.340219],[106.067016,21.341764],[106.063939,21.341444],[106.055499,21.343294],[106.057656,21.33652],[106.050697,21.335934],[106.045106,21.336241],[106.042572,21.335664],[106.036292,21.337459],[106.034746,21.338775],[106.030107,21.330366],[106.029246,21.329538],[106.029963,21.328041],[106.028299,21.326704],[106.027065,21.32625],[106.027381,21.325154],[106.024942,21.324513],[106.024655,21.321706],[106.026044,21.320734],[106.025442,21.317526],[106.028139,21.313784],[106.028404,21.312137],[106.029265,21.311602],[106.027199,21.309998],[106.028778,21.307941],[106.02697,21.29944],[106.028651,21.297602],[106.026642,21.296078],[106.030717,21.292228],[106.029856,21.282443],[106.036529,21.282409],[106.039599,21.27872],[106.031163,21.269548],[106.021522,21.265216],[106.017362,21.268479],[106.010131,21.267222],[106.006688,21.267837],[106.0033,21.257983],[106.011842,21.258354],[106.029629,21.250291],[106.036092,21.245245],[106.032516,21.239071],[106.03477,21.232403],[106.033876,21.215721],[106.038774,21.204732],[106.042137,21.20128],[106.045615,21.201967],[106.047404,21.203793],[106.042914,21.209094],[106.042262,21.215563],[106.045933,21.218485],[106.047903,21.223384],[106.053444,21.22777],[106.064846,21.225408],[106.075185,21.216177],[106.079331,21.21964],[106.082556,21.219813],[106.085559,21.217186],[106.086968,21.214802],[106.087117,21.212486],[106.085597,21.209997],[106.086635,21.207065],[106.091727,21.204611],[106.111851,21.200914],[106.120973,21.197613],[106.124542,21.19957],[106.124649,21.206906],[106.127534,21.214743],[106.140477,21.215224],[106.151313,21.210226],[106.171577,21.179973],[106.177268,21.17696],[106.185784,21.176287],[106.187104,21.179939],[106.19604,21.182474],[106.20518,21.177785],[106.214162,21.176022],[106.219741,21.176802],[106.222176,21.173826],[106.208481,21.158493],[106.20758,21.155756],[106.215062,21.154747],[106.226168,21.155225],[106.238581,21.168197],[106.252551,21.172573],[106.258531,21.165746],[106.256348,21.161204],[106.25542,21.156718],[106.256379,21.151964],[106.265287,21.147157],[106.273488,21.131447],[106.281271,21.132741],[106.293079,21.129733],[106.299191,21.121897],[106.307431,21.127339],[106.317256,21.135209],[106.319484,21.138509],[106.322374,21.146851],[106.322862,21.154137],[106.316713,21.166603],[106.31036,21.178499],[106.308816,21.181458],[106.309598,21.185167],[106.311558,21.191289],[106.313546,21.193333],[106.316978,21.193075],[106.322354,21.192229],[106.324738,21.192531],[106.327906,21.193346],[106.333487,21.194726],[106.338622,21.198784],[106.335016,21.199963],[106.331474,21.201661],[106.329861,21.205467],[106.327575,21.213475],[106.326885,21.220824],[106.32703,21.229572],[106.327722,21.232777],[106.326145,21.232932],[106.325781,21.235601],[106.325516,21.236006],[106.324284,21.236164],[106.322323,21.238108],[106.319976,21.239529],[106.318922,21.240476],[106.320013,21.243737],[106.316919,21.245797],[106.315133,21.247097],[106.312644,21.246337],[106.310031,21.245084],[106.306323,21.246575],[106.305686,21.248381],[106.306305,21.250617],[106.308549,21.252756],[106.307268,21.255117],[106.305123,21.257911],[106.304107,21.255701],[106.301684,21.255201],[106.298802,21.255593],[106.298936,21.258627],[106.299557,21.260651],[106.300457,21.262868],[106.300472,21.264931],[106.302266,21.265276],[106.302003,21.267324],[106.302377,21.269514],[106.304369,21.272241],[106.303193,21.275733],[106.30182,21.278472],[106.302266,21.280477],[106.302142,21.281688],[106.300682,21.283411],[106.301041,21.284564],[106.305357,21.285289],[106.305886,21.287202],[106.310141,21.287779],[106.309993,21.286799],[106.311119,21.286464],[106.312504,21.287709],[106.313401,21.286778],[106.315627,21.287274],[106.318877,21.28792],[106.320765,21.289738]]]},"properties":{"npp":"NPP Dương Minh"}},{"type":"Feature","geometry":{"type":"Polygon","coordinates":[[[106.293079,21.129733],[106.281271,21.132741],[106.273488,21.131447],[106.265287,21.147157],[106.256379,21.151964],[106.25542,21.156718],[106.256348,21.161204],[106.258531,21.165746],[106.252551,21.172573],[106.238581,21.168197],[106.226168,21.155225],[106.215062,21.154747],[106.20758,21.155756],[106.208481,21.158493],[106.222176,21.173826],[106.219741,21.176802],[106.214162,21.176022],[106.20518,21.177785],[106.19604,21.182474],[106.187104,21.179939],[106.185784,21.176287],[106.177268,21.17696],[106.171577,21.179973],[106.151313,21.210226],[106.140477,21.215224],[106.127534,21.214743],[106.124649,21.206906],[106.124542,21.19957],[106.120973,21.197613],[106.111851,21.200914],[106.091727,21.204611],[106.086635,21.207065],[106.085597,21.209997],[106.087117,21.212486],[106.086968,21.214802],[106.085559,21.217186],[106.082556,21.219813],[106.079331,21.21964],[106.075185,21.216177],[106.064846,21.225408],[106.053444,21.22777],[106.047903,21.223384],[106.045933,21.218485],[106.042262,21.215563],[106.042914,21.209094],[106.047404,21.203793],[106.045615,21.201967],[106.042137,21.20128],[106.038774,21.204732],[106.033876,21.215721],[106.03477,21.232403],[106.032516,21.239071],[106.036092,21.245245],[106.029629,21.250291],[106.011842,21.258354],[106.0033,21.257983],[106.001017,21.257554],[105.994398,21.264279],[105.992329,21.263135],[105.986233,21.250281],[105.991843,21.240498],[105.99044,21.235665],[105.981346,21.23265],[105.979136,21.225282],[105.977691,21.223008],[105.970552,21.2238],[105.967194,21.225741],[105.966259,21.22891],[105.963709,21.230455],[105.96099,21.230297],[105.95912,21.227048],[105.956442,21.227088],[105.954148,21.233873],[105.950833,21.234784],[105.942301,21.232322],[105.935073,21.238084],[105.937871,21.243212],[105.935984,21.245089],[105.933966,21.245065],[105.934145,21.241994],[105.932127,21.242923],[105.928201,21.239241],[105.921124,21.234189],[105.91281,21.231081],[105.906852,21.231868],[105.905384,21.231164],[105.906718,21.228304],[105.904362,21.226801],[105.904051,21.22332],[105.905073,21.222325],[105.909875,21.224978],[105.915611,21.216813],[105.915389,21.208398],[105.909608,21.206699],[105.913877,21.203009],[105.910142,21.200812],[105.90654,21.19534],[105.907286,21.192057],[105.913584,21.191538],[105.913656,21.189957],[105.916255,21.188813],[105.91528,21.187231],[105.923473,21.182752],[105.920441,21.177805],[105.921452,21.1738],[105.918168,21.173531],[105.917338,21.167978],[105.919562,21.162416],[105.922585,21.162863],[105.923088,21.161678],[105.920954,21.159307],[105.91973,21.155101],[105.92173,21.152162],[105.923221,21.147589],[105.925993,21.146341],[105.925171,21.144968],[105.926394,21.14413],[105.926299,21.142365],[105.925592,21.141723],[105.926414,21.14035],[105.923699,21.138116],[105.925948,21.135391],[105.923711,21.133002],[105.921952,21.135177],[105.917899,21.13198],[105.919218,21.129628],[105.915223,21.125884],[105.914261,21.12666],[105.913226,21.12563],[105.915365,21.121833],[105.915404,21.118933],[105.921127,21.119113],[105.922378,21.121316],[105.923754,21.120762],[105.921385,21.116471],[105.925515,21.114302],[105.924566,21.112773],[105.926612,21.111484],[105.927967,21.11252],[105.930148,21.111711],[105.931709,21.109617],[105.93114,21.108681],[105.934158,21.106338],[105.934687,21.10515],[105.934009,21.10405],[105.934578,21.103317],[105.934077,21.102293],[105.936407,21.100587],[105.936212,21.100113],[105.935825,21.099917],[105.935729,21.099491],[105.935793,21.099308],[105.935336,21.096679],[105.938214,21.091199],[105.939515,21.091591],[105.940659,21.088347],[105.939904,21.087004],[105.940091,21.083637],[105.944102,21.085091],[105.945388,21.085015],[105.952538,21.088844],[105.957916,21.091158],[105.95957,21.08827],[105.962091,21.077538],[105.964253,21.077174],[105.968574,21.073189],[105.968096,21.072345],[105.969227,21.071735],[105.978836,21.070081],[105.986373,21.0698],[105.993165,21.068945],[105.998767,21.073914],[106.000727,21.069578],[106.001933,21.069578],[106.002263,21.06809],[106.006383,21.062932],[106.008669,21.064597],[106.0098,21.062018],[106.006905,21.05763],[106.00806,21.057114],[106.008161,21.055333],[106.010849,21.05763],[106.011351,21.05688],[106.011,21.056411],[106.013839,21.055778],[106.013587,21.053363],[106.015271,21.052167],[106.014361,21.050203],[106.019838,21.047249],[106.019999,21.04109],[106.019798,21.040199],[106.018592,21.04055],[106.017562,21.038511],[106.018692,21.037901],[106.016304,21.034068],[106.015877,21.034208],[106.012284,21.029894],[106.006556,21.028792],[106.00942,21.024477],[106.006808,21.02443],[106.004448,21.021623],[106.00382,21.019325],[106.0048,21.018246],[106.004549,21.017073],[106.006759,21.016135],[106.004958,21.013848],[106.005788,21.013074],[106.004783,21.011503],[106.006717,21.011316],[106.007697,21.012043],[106.009707,21.012465],[106.010033,21.011996],[106.010008,21.010846],[106.008275,21.010002],[106.008049,21.008407],[106.005159,21.008314],[106.004908,21.00754],[106.001743,21.007493],[105.998979,21.006484],[106.000995,21.000288],[106.002776,21.001191],[106.003736,21.001132],[106.003803,21.000431],[106.005272,20.999792],[106.005689,20.998265],[106.011112,20.998935],[106.01169,21.001841],[106.012691,21.002417],[106.013876,21.001467],[106.015612,21.002246],[106.01688,21.00223],[106.018048,20.997348],[106.019555,20.997504],[106.020523,20.995806],[106.020556,20.995323],[106.02214,20.994544],[106.024426,20.995712],[106.026453,20.993811],[106.027438,20.993889],[106.028664,20.993079],[106.029298,20.99325],[106.030033,20.993983],[106.029916,20.994964],[106.031067,20.994808],[106.031484,20.995899],[106.032119,20.995712],[106.033053,20.996086],[106.03347,20.997006],[106.034705,20.997582],[106.034989,20.997208],[106.035823,20.99752],[106.035706,20.998128],[106.037292,20.998392],[106.037826,21.000371],[106.042075,21.003365],[106.04306,21.002913],[106.047376,21.004144],[106.048027,21.003599],[106.050263,21.00363],[106.048845,21.005746],[106.051251,21.007324],[106.052947,21.005885],[106.05369,21.006382],[106.05511,21.006455],[106.055443,21.005326],[106.054345,21.004084],[106.055498,21.00341],[106.056208,21.002426],[106.05694,21.000542],[106.061294,21.000438],[106.065291,21.000925],[106.067227,21.000604],[106.069918,20.99824],[106.074782,20.996227],[106.075314,20.996873],[106.076192,20.996339],[106.075852,20.995731],[106.076717,20.995011],[106.078579,20.996625],[106.079878,20.996091],[106.081846,20.999363],[106.082711,20.999313],[106.083323,21.000605],[106.082418,21.001101],[106.083841,21.004652],[106.084919,21.004752],[106.085677,21.005568],[106.087752,21.004351],[106.088723,21.006288],[106.090071,21.006524],[106.091776,21.005382],[106.092747,21.005469],[106.095604,21.00306],[106.095112,21.001913],[106.096708,21.000994],[106.097825,21.001367],[106.102506,20.997302],[106.109078,21.000084],[106.11207,20.997066],[106.115715,20.996197],[106.115453,20.99018],[106.114335,20.988649],[106.114495,20.983701],[106.115067,20.983118],[106.117887,20.983391],[106.119762,20.984782],[106.127083,20.983572],[106.129531,20.987144],[106.129497,20.991273],[106.128666,20.992794],[106.131308,20.995219],[106.131773,20.999006],[106.137658,21.001241],[106.141814,20.997764],[106.145762,20.994262],[106.149054,20.991996],[106.149021,20.990196],[106.151381,20.988675],[106.15653,20.98857],[106.158824,20.990122],[106.164842,20.98767],[106.166072,20.988943],[106.169586,20.985551],[106.163003,20.975928],[106.167215,20.971326],[106.166327,20.969967],[106.167491,20.968633],[106.171828,20.972689],[106.174291,20.973944],[106.175603,20.975493],[106.177739,20.974693],[106.17787,20.97586],[106.178299,20.975982],[106.178728,20.977097],[106.180585,20.977375],[106.182335,20.978664],[106.184214,20.97807],[106.18601,20.978455],[106.187298,20.979553],[106.187648,20.981155],[106.18998,20.97903],[106.19198,20.978682],[106.202936,20.983086],[106.204883,20.983246],[106.210268,20.985194],[106.211097,20.986129],[106.213724,20.98675],[106.214954,20.988674],[106.216826,20.988715],[106.217774,20.989341],[106.221341,20.989993],[106.221262,20.990644],[106.220373,20.991095],[106.220706,20.993765],[106.220183,20.995296],[106.220538,20.995824],[106.225732,20.9943],[106.227851,20.994313],[106.228996,20.994706],[106.229431,20.994657],[106.229905,20.992727],[106.230905,20.992862],[106.231984,20.993612],[106.233103,20.995534],[106.236262,20.994727],[106.237159,20.992834],[106.23809,20.993889],[106.240384,20.991344],[106.242313,20.992461],[106.244972,20.99153],[106.246244,20.997481],[106.250691,20.996527],[106.252719,20.996589],[106.256177,20.993144],[106.257939,20.992927],[106.258371,20.990381],[106.261216,20.990313],[106.262314,20.989692],[106.262646,20.988667],[106.266503,20.988047],[106.272836,20.991749],[106.272489,20.996138],[106.272413,21.001056],[106.275349,21.006348],[106.277632,21.007991],[106.283178,21.011738],[106.287767,21.015163],[106.294297,21.019492],[106.295489,21.023127],[106.294673,21.027049],[106.291816,21.035741],[106.299167,21.044828],[106.304079,21.050939],[106.309822,21.05838],[106.304391,21.067845],[106.30284,21.073966],[106.301307,21.087606],[106.296441,21.104292],[106.294815,21.109045],[106.299171,21.121822],[106.299191,21.121897],[106.293079,21.129733]]]},"properties":{"npp":"NPP Phương Đông"}},{"type":"Feature","geometry":{"type":"Polygon","coordinates":[[[106.350194,21.397005],[106.347303,21.395759],[106.346154,21.395481],[106.344897,21.394432],[106.342575,21.393212],[106.342253,21.391965],[106.340115,21.39006],[106.340368,21.389511],[106.339544,21.386786],[106.336095,21.386143],[106.33598,21.385073],[106.335037,21.383342],[106.333589,21.382357],[106.333161,21.382571],[106.331919,21.381544],[106.329298,21.38028],[106.330195,21.379296],[106.327967,21.37754],[106.326473,21.375699],[106.324106,21.3748],[106.322244,21.374671],[106.319967,21.374628],[106.316875,21.375356],[106.313772,21.374072],[106.31161,21.372808],[106.311821,21.372159],[106.312176,21.371572],[106.311499,21.371098],[106.312075,21.370719],[106.3116,21.370562],[106.312075,21.370278],[106.311888,21.369994],[106.312465,21.369204],[106.313719,21.369694],[106.31382,21.368652],[106.313583,21.368336],[106.313956,21.368005],[106.313753,21.367737],[106.31382,21.365142],[106.315023,21.363943],[106.314718,21.363643],[106.31504,21.362601],[106.314651,21.362364],[106.314769,21.361726],[106.314447,21.361742],[106.31421,21.361473],[106.313685,21.361252],[106.313566,21.360842],[106.313532,21.35989],[106.313176,21.359385],[106.313668,21.358769],[106.313244,21.35798],[106.3136,21.357787],[106.313617,21.356461],[106.313329,21.355325],[106.3126,21.35512],[106.313142,21.353746],[106.31382,21.352231],[106.315498,21.352231],[106.316023,21.351129],[106.31504,21.351161],[106.314634,21.349709],[106.315278,21.349188],[106.314481,21.347909],[106.313261,21.347278],[106.313041,21.346584],[106.313803,21.346221],[106.314735,21.346505],[106.314583,21.345416],[106.31504,21.345211],[106.314227,21.344706],[106.314142,21.343585],[106.31382,21.34229],[106.313481,21.341075],[106.312888,21.340444],[106.312448,21.340301],[106.312193,21.339639],[106.311357,21.339343],[106.311153,21.338538],[106.310526,21.338711],[106.310323,21.338222],[106.30973,21.337922],[106.309058,21.337521],[106.309025,21.336858],[106.308686,21.337],[106.307482,21.338089],[106.306127,21.336653],[106.306144,21.336022],[106.3055,21.335816],[106.304873,21.335141],[106.304347,21.335046],[106.304398,21.334604],[106.304008,21.334051],[106.303161,21.334556],[106.303347,21.335109],[106.303093,21.335346],[106.301771,21.33432],[106.301348,21.33353],[106.301009,21.332757],[106.300195,21.332694],[106.299856,21.333562],[106.298924,21.332757],[106.298399,21.332631],[106.297908,21.333041],[106.297721,21.332725],[106.296535,21.332269],[106.296399,21.331322],[106.296111,21.330517],[106.295603,21.329207],[106.294366,21.329286],[106.293247,21.330201],[106.293281,21.330659],[106.29218,21.331006],[106.291892,21.330454],[106.291604,21.329254],[106.292383,21.328702],[106.293451,21.328291],[106.294349,21.327151],[106.295111,21.327088],[106.29545,21.327278],[106.29545,21.326741],[106.295247,21.326473],[106.29523,21.325857],[106.295552,21.325462],[106.295755,21.324752],[106.295383,21.324626],[106.295213,21.32502],[106.294637,21.324989],[106.293908,21.324238],[106.293552,21.324364],[106.292129,21.323259],[106.291197,21.323243],[106.291044,21.322564],[106.292357,21.320828],[106.292205,21.32026],[106.292713,21.31977],[106.292273,21.318949],[106.292628,21.318539],[106.292391,21.317923],[106.293222,21.317513],[106.293222,21.317008],[106.292917,21.316506],[106.292442,21.316269],[106.292696,21.315811],[106.292442,21.315559],[106.293255,21.315148],[106.293239,21.314564],[106.29434,21.314264],[106.29395,21.313996],[106.294069,21.312351],[106.294238,21.31009],[106.293849,21.309759],[106.295035,21.308638],[106.294933,21.307833],[106.294188,21.307375],[106.29351,21.306238],[106.292963,21.305771],[106.292896,21.30534],[106.293358,21.304679],[106.293679,21.303717],[106.294231,21.30377],[106.294332,21.304431],[106.294682,21.304389],[106.295189,21.303759],[106.295933,21.303749],[106.297695,21.302897],[106.298507,21.302267],[106.298777,21.300786],[106.299161,21.300482],[106.299149,21.300114],[106.300027,21.299347],[106.300895,21.300104],[106.300872,21.300387],[106.301808,21.300681],[106.302462,21.301311],[106.303093,21.300986],[106.303612,21.301217],[106.30428,21.30093],[106.305563,21.301731],[106.307143,21.302245],[106.309339,21.301564],[106.311238,21.302317],[106.312188,21.302998],[106.313586,21.303464],[106.314914,21.303847],[106.315542,21.303584],[106.315222,21.302723],[106.315478,21.302293],[106.316736,21.302078],[106.316992,21.3016],[106.31689,21.300954],[106.316646,21.300546],[106.317456,21.300343],[106.317571,21.299638],[106.317802,21.299578],[106.317751,21.299327],[106.318635,21.298738],[106.318571,21.298224],[106.318905,21.298129],[106.319135,21.298284],[106.319187,21.298487],[106.319559,21.298499],[106.319738,21.297973],[106.31961,21.297555],[106.319803,21.297232],[106.319764,21.297101],[106.319867,21.29691],[106.31988,21.296635],[106.320264,21.296587],[106.320483,21.295631],[106.320457,21.29483],[106.320431,21.293324],[106.319585,21.293109],[106.319674,21.2922],[106.319674,21.291411],[106.320149,21.29073],[106.320765,21.289738],[106.318877,21.28792],[106.315627,21.287274],[106.313401,21.286778],[106.312504,21.287709],[106.311119,21.286464],[106.309993,21.286799],[106.310141,21.287779],[106.305886,21.287202],[106.305357,21.285289],[106.301041,21.284564],[106.300682,21.283411],[106.302142,21.281688],[106.302266,21.280477],[106.30182,21.278472],[106.303193,21.275733],[106.304369,21.272241],[106.302377,21.269514],[106.302003,21.267324],[106.302266,21.265276],[106.300472,21.264931],[106.300457,21.262868],[106.299557,21.260651],[106.298936,21.258627],[106.298802,21.255593],[106.301684,21.255201],[106.304107,21.255701],[106.305123,21.257911],[106.307268,21.255117],[106.308549,21.252756],[106.306305,21.250617],[106.305686,21.248381],[106.306323,21.246575],[106.310031,21.245084],[106.312644,21.246337],[106.315133,21.247097],[106.316919,21.245797],[106.320013,21.243737],[106.318922,21.240476],[106.319976,21.239529],[106.322323,21.238108],[106.324284,21.236164],[106.325516,21.236006],[106.325781,21.235601],[106.326145,21.232932],[106.327722,21.232777],[106.32703,21.229572],[106.326885,21.220824],[106.327575,21.213475],[106.329861,21.205467],[106.331474,21.201661],[106.335016,21.199963],[106.338622,21.198784],[106.333487,21.194726],[106.327906,21.193346],[106.324738,21.192531],[106.32357,21.185092],[106.330576,21.1811],[106.332797,21.174264],[106.335922,21.172404],[106.338538,21.171995],[106.344676,21.173263],[106.347409,21.172571],[106.352987,21.171247],[106.355419,21.172917],[106.358426,21.171972],[106.363837,21.171995],[106.365243,21.176027],[106.365004,21.178619],[106.367236,21.181256],[106.3695,21.179933],[106.370345,21.180689],[106.369399,21.18406],[106.374248,21.189869],[106.374442,21.195675],[106.378474,21.196763],[106.382375,21.195819],[106.386429,21.196692],[106.393319,21.201662],[106.400213,21.201858],[106.400888,21.204094],[106.40698,21.205837],[106.41211,21.207468],[106.416101,21.220797],[106.417232,21.2229],[106.422947,21.223409],[106.424043,21.230527],[106.426131,21.231244],[106.429886,21.230527],[106.432266,21.231244],[106.434134,21.228889],[106.436368,21.228103],[106.439518,21.228581],[106.443159,21.228889],[106.448432,21.231244],[106.452351,21.230459],[106.45583,21.232712],[106.458101,21.229332],[106.460665,21.228376],[106.46191,21.22725],[106.46456,21.226908],[106.465952,21.226055],[106.469541,21.228376],[106.471445,21.228035],[106.474471,21.229981],[106.481173,21.228274],[106.487143,21.22865],[106.488205,21.230356],[106.488278,21.234931],[106.488755,21.236808],[106.489634,21.236501],[106.490183,21.230698],[106.49249,21.228069],[106.495127,21.228103],[106.498313,21.227625],[106.499485,21.226567],[106.499998,21.224792],[106.501798,21.224267],[106.504408,21.223586],[106.507566,21.22135],[106.509613,21.222332],[106.512245,21.221296],[106.517859,21.225385],[106.522187,21.225603],[106.528347,21.222495],[106.530569,21.219497],[106.530628,21.217207],[106.532558,21.216226],[106.535824,21.205787],[106.538574,21.202126],[106.539275,21.199715],[106.541014,21.196707],[106.54233,21.192288],[106.547036,21.190849],[106.54942,21.192235],[106.555321,21.193988],[106.557537,21.194066],[106.559977,21.192837],[106.561495,21.193125],[106.563923,21.191346],[106.564933,21.189044],[106.566588,21.188521],[106.56973,21.190064],[106.572057,21.190138],[106.574087,21.190771],[106.579978,21.192471],[106.583158,21.19166],[106.584432,21.189384],[106.587406,21.188809],[106.590519,21.184807],[106.590716,21.183264],[106.588444,21.181066],[106.588668,21.178244],[106.594671,21.17895],[106.599384,21.179107],[106.60603,21.179866],[106.608723,21.176962],[106.608975,21.17228],[106.609592,21.170946],[106.614806,21.171495],[106.620329,21.172411],[106.62277,21.171207],[106.628576,21.171417],[106.632712,21.172306],[106.635489,21.171469],[106.637955,21.168068],[106.639835,21.170213],[106.640508,21.173902],[106.639947,21.17623],[106.638741,21.178819],[106.640115,21.179709],[106.641125,21.180703],[106.642865,21.179657],[106.645762,21.179264],[106.64809,21.176334],[106.653858,21.173624],[106.656944,21.174723],[106.659468,21.173676],[106.660366,21.173807],[106.668646,21.171212],[106.672938,21.169956],[106.6759,21.170218],[106.678171,21.170749],[106.679193,21.170401],[106.681409,21.167236],[106.682839,21.167184],[106.685785,21.167942],[106.68996,21.16789],[106.692625,21.169119],[106.69702,21.17027],[106.698395,21.169852],[106.70009,21.167735],[106.701366,21.167095],[106.703023,21.167223],[106.706977,21.168374],[106.709193,21.165668],[106.711949,21.163003],[106.714499,21.161341],[106.717558,21.161982],[106.72062,21.161982],[106.720875,21.160575],[106.721257,21.159807],[106.724318,21.159423],[106.728907,21.159935],[106.73286,21.161341],[106.74459,21.155971],[106.745738,21.155843],[106.748161,21.156355],[106.749535,21.156355],[106.749806,21.156355],[106.750077,21.156355],[106.752623,21.156355],[106.754571,21.155781],[106.754872,21.155691],[106.755175,21.155602],[106.755772,21.155428],[106.756959,21.155076],[106.758744,21.155332],[106.760018,21.156227],[106.766139,21.155843],[106.767924,21.155588],[106.769454,21.152264],[106.780037,21.151624],[106.789218,21.15009],[106.792151,21.148812],[106.794701,21.149322],[106.798905,21.151182],[106.804901,21.154565],[106.808342,21.153797],[106.812041,21.153414],[106.819053,21.156355],[106.82326,21.154948],[106.827595,21.154309],[106.829874,21.153381],[106.833843,21.152519],[106.830345,21.156778],[106.825939,21.163899],[106.826405,21.170668],[106.826958,21.178986],[106.826187,21.180405],[106.824916,21.181303],[106.826448,21.184355],[106.827723,21.188064],[106.836394,21.186274],[106.842387,21.186145],[106.847359,21.187552],[106.848634,21.187297],[106.849781,21.188575],[106.856665,21.188533],[106.858078,21.182526],[106.859796,21.176877],[106.869672,21.174128],[106.874134,21.174255],[106.876684,21.178602],[106.87847,21.179497],[106.879872,21.18231],[106.883952,21.183589],[106.888032,21.182439],[106.892877,21.17873],[106.894407,21.180138],[106.898398,21.180326],[106.899762,21.181543],[106.902057,21.181543],[106.904353,21.18295],[106.908815,21.183333],[106.9106,21.183972],[106.914298,21.183717],[106.915572,21.184356],[106.91672,21.1841],[106.92284,21.179242],[106.923095,21.17694],[106.924498,21.175917],[106.926029,21.174128],[106.933304,21.169881],[106.935973,21.168885],[106.937258,21.170312],[106.938011,21.172852],[106.941074,21.172082],[106.942986,21.173232],[106.94375,21.175917],[106.945153,21.177835],[106.945663,21.179881],[106.945792,21.182694],[106.946683,21.184867],[106.947832,21.186016],[106.947702,21.188317],[106.952295,21.188958],[106.953824,21.189726],[106.955608,21.190238],[106.956119,21.191899],[106.955226,21.193563],[106.955678,21.195714],[106.956398,21.197621],[106.956375,21.198804],[106.955345,21.200079],[106.95637,21.20201],[106.956374,21.206226],[106.957011,21.207115],[106.957904,21.207372],[106.958924,21.208394],[106.960311,21.209285],[106.963138,21.21005],[106.963125,21.211091],[106.964009,21.212206],[106.964687,21.214287],[106.965809,21.215427],[106.966449,21.216471],[106.966574,21.219007],[106.967973,21.219648],[106.970138,21.224377],[106.973086,21.224253],[106.976269,21.226049],[106.978819,21.226298],[106.978061,21.228336],[106.97652,21.229624],[106.978256,21.233969],[106.97779,21.239198],[106.981954,21.244196],[106.981497,21.24879],[106.982907,21.253137],[106.984545,21.254161],[106.984648,21.256189],[106.986082,21.256853],[106.985844,21.25824],[106.984968,21.261337],[106.98393,21.264139],[106.984423,21.26503],[106.982666,21.267618],[106.980379,21.267578],[106.9787,21.268331],[106.976902,21.270141],[106.975906,21.270638],[106.9755,21.273852],[106.97486,21.274759],[106.975515,21.276461],[106.975392,21.279601],[106.974631,21.281957],[106.972446,21.284078],[106.974242,21.284914],[106.976988,21.287652],[106.981099,21.289356],[106.983425,21.291647],[106.989059,21.293841],[106.992588,21.293166],[106.995264,21.294188],[106.996282,21.294318],[106.997335,21.293785],[106.998275,21.294071],[106.999119,21.295161],[107.000253,21.295222],[107.00303,21.293533],[107.004723,21.293416],[107.006378,21.294971],[107.011362,21.295431],[107.013314,21.297526],[107.018004,21.299312],[107.019998,21.298775],[107.025479,21.30429],[107.025732,21.306967],[107.029652,21.308826],[107.033519,21.314644],[107.033093,21.315973],[107.033151,21.322288],[107.031346,21.325129],[107.024459,21.329091],[107.022516,21.336651],[107.018213,21.340357],[107.018586,21.344686],[107.012982,21.345193],[107.008891,21.34878],[107.002021,21.35083],[106.999215,21.354794],[106.994777,21.357091],[106.991315,21.357215],[106.988382,21.358628],[106.987356,21.360929],[106.990291,21.364388],[106.991825,21.368726],[106.991736,21.373172],[106.99342,21.376539],[106.993656,21.38185],[106.989282,21.386836],[106.987351,21.39011],[106.987439,21.394452],[106.98673,21.398084],[106.986346,21.401275],[106.99004,21.404081],[106.992906,21.409061],[106.992285,21.41206],[106.992345,21.41371],[106.997752,21.417974],[107.002923,21.418777],[107.004046,21.421253],[107.003721,21.422546],[107.001298,21.425228],[106.995068,21.430069],[106.992413,21.430482],[106.991703,21.436207],[106.987326,21.439783],[106.98009,21.43926],[106.976728,21.43695],[106.974245,21.437418],[106.970463,21.436813],[106.967951,21.435657],[106.962662,21.427302],[106.959559,21.425459],[106.956746,21.424075],[106.953449,21.423644],[106.949667,21.427247],[106.949342,21.429627],[106.946505,21.431717],[106.947451,21.432742],[106.946564,21.434612],[106.940093,21.434695],[106.937404,21.431779],[106.934449,21.430742],[106.931021,21.426995],[106.929425,21.42628],[106.928952,21.428508],[106.931612,21.432111],[106.931878,21.435879],[106.929041,21.44061],[106.926411,21.440995],[106.914771,21.430076],[106.911373,21.431368],[106.903266,21.44061],[106.896909,21.444241],[106.891619,21.452067],[106.893392,21.459713],[106.898475,21.462338],[106.903262,21.470038],[106.903143,21.472132],[106.900957,21.474249],[106.894119,21.47668],[106.891739,21.479666],[106.892508,21.481058],[106.889759,21.483451],[106.889021,21.48598],[106.890912,21.487713],[106.889819,21.490985],[106.887248,21.49137],[106.874275,21.497006],[106.868095,21.497748],[106.860975,21.496208],[106.852996,21.496841],[106.851519,21.499123],[106.850307,21.499453],[106.845048,21.493789],[106.844072,21.493679],[106.84292,21.497968],[106.844752,21.49904],[106.842684,21.504699],[106.838517,21.506706],[106.840379,21.512932],[106.846466,21.51395],[106.851135,21.516974],[106.851017,21.522538],[106.85143,21.52367],[106.853351,21.525259],[106.854178,21.525039],[106.855715,21.522757],[106.85864,21.521355],[106.860738,21.522647],[106.865614,21.527843],[106.865289,21.533571],[106.862186,21.53643],[106.85255,21.539975],[106.84968,21.545469],[106.851239,21.546689],[106.848263,21.550512],[106.848759,21.552382],[106.844754,21.558941],[106.831004,21.562929],[106.827221,21.561611],[106.828567,21.560161],[106.826725,21.560457],[106.824669,21.56227],[106.820913,21.563193],[106.813294,21.561479],[106.811216,21.559831],[106.806182,21.559337],[106.800087,21.561974],[106.79789,21.565335],[106.793115,21.566884],[106.792335,21.568334],[106.789214,21.570707],[106.787087,21.576885],[106.772117,21.57181],[106.765739,21.572898],[106.755929,21.568454],[106.755008,21.561268],[106.75749,21.561083],[106.758068,21.55856],[106.757757,21.55732],[106.759046,21.547772],[106.755667,21.540714],[106.735205,21.544353],[106.73373,21.549275],[106.729239,21.551963],[106.727194,21.555602],[106.722607,21.55614],[106.708056,21.562921],[106.706678,21.567015],[106.698617,21.573719],[106.703196,21.582195],[106.701329,21.58604],[106.703952,21.592945],[106.691906,21.597397],[106.689639,21.600084],[106.683495,21.602772],[106.681357,21.602523],[106.676777,21.603764],[106.670721,21.608936],[106.663982,21.604829],[106.660603,21.606606],[106.65549,21.60386],[106.644952,21.607084],[106.636069,21.600677],[106.626061,21.602785],[106.624861,21.605679],[106.614901,21.608135],[106.609743,21.603381],[106.603385,21.60396],[106.596236,21.599909],[106.592545,21.600198],[106.58432,21.599206],[106.57082,21.602478],[106.569564,21.599247],[106.56414,21.595372],[106.557248,21.593635],[106.554981,21.591238],[106.552135,21.589791],[106.552624,21.584779],[106.551418,21.582087],[106.548623,21.579153],[106.543992,21.576962],[106.541842,21.573307],[106.541871,21.571322],[106.536079,21.563494],[106.532071,21.564044],[106.527792,21.559739],[106.525842,21.553298],[106.52729,21.550879],[106.52599,21.54861],[106.526433,21.545419],[106.521764,21.535536],[106.518947,21.533063],[106.513965,21.531853],[106.512073,21.529112],[106.50903,21.527007],[106.507198,21.522609],[106.52105,21.499204],[106.510972,21.488443],[106.49515,21.484344],[106.492624,21.479917],[106.492401,21.474417],[106.489213,21.472071],[106.486857,21.466871],[106.487136,21.462196],[106.483601,21.4572],[106.482764,21.44984],[106.47317,21.448325],[106.470501,21.441367],[106.465708,21.43799],[106.461428,21.437643],[106.45887,21.439072],[106.455288,21.438899],[106.452589,21.439851],[106.449704,21.436795],[106.443761,21.437358],[106.439888,21.443983],[106.434841,21.442814],[106.432654,21.438614],[106.428237,21.440476],[106.424199,21.440736],[106.421594,21.438268],[106.4175,21.437965],[106.413337,21.432184],[106.407196,21.430452],[106.404219,21.426214],[106.407382,21.419501],[106.412127,21.417466],[106.413895,21.417553],[106.414825,21.41634],[106.41557,21.414608],[106.415105,21.412616],[106.415849,21.41006],[106.415756,21.408631],[106.413383,21.406422],[106.411895,21.406336],[106.410127,21.406466],[106.407987,21.405989],[106.40594,21.40469],[106.404638,21.404474],[106.401614,21.406379],[106.400358,21.40573],[106.395567,21.406206],[106.391287,21.402178],[106.390496,21.400316],[106.387896,21.399449],[106.386966,21.39802],[106.381337,21.396288],[106.378406,21.394382],[106.375615,21.395465],[106.372777,21.394728],[106.367259,21.399383],[106.359774,21.395707],[106.35768,21.398089],[106.350194,21.397005]]]},"properties":{"npp":"NPP Đức Oanh"}},{"type":"Feature","geometry":{"type":"Polygon","coordinates":[[[106.294673,21.027049],[106.305468,21.026706],[106.305442,21.025826],[106.304237,21.025728],[106.303687,21.022842],[106.302586,21.022842],[106.301407,21.018929],[106.300673,21.01888],[106.300647,21.018122],[106.301721,21.017363],[106.301748,21.016287],[106.303005,21.016263],[106.304289,21.015602],[106.30725,21.016923],[106.308219,21.015407],[106.310577,21.016312],[106.312307,21.013548],[106.311678,21.012917],[106.319643,21.011229],[106.320665,21.00823],[106.324071,21.005234],[106.323207,21.003668],[106.3198,21.002739],[106.320062,21.001442],[106.314403,21.001858],[106.311652,21.000684],[106.306569,21.002054],[106.300935,20.997553],[106.297896,20.996691],[106.300411,20.99378],[106.300071,20.990625],[106.301381,20.987324],[106.304577,20.987177],[106.304708,20.982474],[106.312805,20.977555],[106.312071,20.970956],[106.315084,20.970075],[106.315582,20.971959],[106.323862,20.970491],[106.326138,20.975776],[106.323204,20.976608],[106.325798,20.983678],[106.332492,20.981843],[106.332754,20.983262],[106.339016,20.981452],[106.338256,20.977758],[106.340038,20.9758],[106.33975,20.974871],[106.33713,20.974553],[106.337916,20.970198],[106.340263,20.969537],[106.341678,20.970589],[106.342645,20.963989],[106.34908,20.964087],[106.348687,20.966582],[106.351385,20.96668],[106.351962,20.969029],[106.354272,20.96827],[106.35739,20.971769],[106.360315,20.970546],[106.35814,20.964967],[106.361415,20.964233],[106.364757,20.966142],[106.366093,20.964552],[106.366905,20.9646],[106.370128,20.970497],[106.369945,20.972234],[106.372381,20.975565],[106.37225,20.980062],[106.374923,20.982473],[106.373325,20.985018],[106.375106,20.987331],[106.3777,20.983906],[106.383078,20.987159],[106.38768,20.986303],[106.388597,20.979722],[106.387549,20.974084],[106.38561,20.97357],[106.382414,20.971026],[106.384981,20.968919],[106.388003,20.967573],[106.393427,20.966668],[106.394422,20.965396],[106.395313,20.959823],[106.39492,20.958012],[106.39175,20.953961],[106.390335,20.952787],[106.386274,20.950658],[106.385461,20.949169],[106.385252,20.947897],[106.386195,20.946135],[106.388344,20.940159],[106.388815,20.936806],[106.389392,20.93546],[106.390361,20.934653],[106.392038,20.934383],[106.39361,20.935118],[106.396309,20.937393],[106.3993,20.940819],[106.401737,20.942165],[106.403518,20.941554],[106.404435,20.939596],[106.404016,20.937956],[106.401448,20.935191],[106.39854,20.932964],[106.397256,20.931049],[106.396051,20.925591],[106.396129,20.920517],[106.396654,20.918877],[106.397466,20.917849],[106.40252,20.917458],[106.41155,20.917384],[106.414694,20.918314],[106.416729,20.915478],[106.415995,20.913006],[106.415759,20.909934],[106.414187,20.907878],[106.415392,20.906874],[106.417646,20.907217],[106.419506,20.906482],[106.419165,20.905038],[106.4161,20.905259],[106.415026,20.903203],[106.419139,20.898979],[106.416807,20.895405],[106.413506,20.894363],[106.414842,20.890911],[106.416414,20.891719],[106.417855,20.887095],[106.423901,20.883472],[106.422905,20.879288],[106.417088,20.880365],[106.41583,20.877892],[106.420914,20.875714],[106.423298,20.876423],[106.425966,20.873827],[106.424891,20.870351],[106.425311,20.869445],[106.425442,20.864303],[106.422088,20.86352],[106.422696,20.861405],[106.428041,20.861478],[106.429011,20.860107],[106.426338,20.850551],[106.430059,20.851359],[106.432125,20.843747],[106.440615,20.84884],[106.443471,20.859589],[106.455106,20.862055],[106.458881,20.872019],[106.462324,20.875745],[106.463241,20.880053],[106.470053,20.877556],[106.473354,20.871019],[106.477387,20.858701],[106.481719,20.863703],[106.492754,20.867729],[106.494623,20.866554],[106.498695,20.858614],[106.498903,20.853226],[106.501026,20.852834],[106.503122,20.855748],[106.504205,20.861682],[106.508335,20.864185],[106.515134,20.862334],[106.525283,20.862237],[106.523079,20.852841],[106.524337,20.851018],[106.527822,20.851336],[106.532315,20.854666],[106.534778,20.860518],[106.534883,20.86566],[106.537878,20.867951],[106.547677,20.869028],[106.548411,20.869959],[106.5498,20.870546],[106.550507,20.873362],[106.552079,20.873827],[106.55187,20.877058],[106.549695,20.878454],[106.547232,20.878943],[106.545083,20.878527],[106.544062,20.879237],[106.544193,20.880461],[106.54676,20.881538],[106.546618,20.882513],[106.548767,20.883639],[106.54709,20.885769],[106.544417,20.886161],[106.542767,20.885671],[106.541195,20.885182],[106.540345,20.886154],[106.539402,20.886693],[106.538773,20.88799],[106.540292,20.889189],[106.540083,20.89105],[106.542284,20.891172],[106.543856,20.892494],[106.543426,20.893722],[106.540649,20.893746],[106.540072,20.894774],[106.541173,20.896757],[106.540832,20.89825],[106.538265,20.897785],[106.537583,20.898642],[106.540203,20.899866],[106.540256,20.900478],[106.538396,20.901114],[106.536247,20.901041],[106.535173,20.901775],[106.533129,20.902656],[106.533994,20.905275],[106.533155,20.905373],[106.530954,20.904296],[106.530457,20.904957],[106.531505,20.906352],[106.531452,20.906817],[106.528518,20.906988],[106.526998,20.907625],[106.526594,20.90842],[106.527244,20.908552],[106.527852,20.909701],[106.527538,20.910974],[106.527835,20.912756],[106.527093,20.9144],[106.527644,20.915258],[106.529424,20.915271],[106.530371,20.91308],[106.531798,20.911892],[106.53331,20.911786],[106.534101,20.913423],[106.534483,20.917013],[106.536271,20.91812],[106.538518,20.917566],[106.540863,20.918332],[106.540548,20.920724],[106.542117,20.921779],[106.544355,20.921659],[106.546163,20.919515],[106.547083,20.919028],[106.548458,20.919826],[106.548802,20.921317],[106.547793,20.922612],[106.546673,20.922954],[106.543635,20.92227],[106.542456,20.922967],[106.541933,20.924168],[106.544283,20.927438],[106.541988,20.929576],[106.541649,20.931846],[106.54332,20.934717],[106.54313,20.937826],[106.543701,20.941216],[106.543843,20.943868],[106.546221,20.947155],[106.55111,20.947075],[106.554537,20.948289],[106.556322,20.941102],[106.555603,20.932828],[106.559848,20.931895],[106.567679,20.93712],[106.568416,20.940189],[106.568416,20.943602],[106.567827,20.950891],[106.57177,20.951691],[106.575325,20.949796],[106.578387,20.946753],[106.579102,20.944405],[106.578121,20.942367],[106.577253,20.940935],[106.573595,20.938707],[106.570774,20.936433],[106.570989,20.933106],[106.572915,20.931212],[106.575779,20.930639],[106.578574,20.930754],[106.582117,20.933795],[106.584271,20.937671],[106.586686,20.940723],[106.589155,20.944845],[106.591633,20.947339],[106.592411,20.950816],[106.592687,20.952415],[106.592307,20.954228],[106.587904,20.957311],[106.58456,20.961458],[106.58535,20.966052],[106.585199,20.973413],[106.566062,20.979558],[106.563691,20.985551],[106.561392,20.988116],[106.558781,20.988815],[106.556359,20.991306],[106.554483,20.997426],[106.55579,21.002767],[106.558206,21.006859],[106.559883,21.00877],[106.563048,21.010451],[106.564436,21.016929],[106.564929,21.019207],[106.566951,21.018793],[106.569935,21.011726],[106.573288,21.010598],[106.575853,21.011703],[106.578429,21.016179],[106.584685,21.01611],[106.590627,21.014439],[106.59376,21.017609],[106.596872,21.017676],[106.603015,21.016221],[106.611655,21.020755],[106.608967,21.024026],[106.609216,21.029103],[106.606154,21.032795],[106.603114,21.037226],[106.596836,21.040098],[106.591151,21.044814],[106.58332,21.051165],[106.577207,21.056434],[106.573071,21.056686],[106.569978,21.05338],[106.566621,21.05336],[106.564193,21.055373],[106.560402,21.056062],[106.5541,21.052514],[106.546264,21.054724],[106.537739,21.052296],[106.536439,21.049433],[106.532304,21.047317],[106.527269,21.048717],[106.525802,21.050211],[106.524301,21.04962],[106.523735,21.045699],[106.521534,21.046757],[106.519233,21.048375],[106.517332,21.046134],[106.514665,21.04685],[106.517132,21.051425],[106.519867,21.05407],[106.517132,21.054723],[106.516532,21.055906],[106.517833,21.05908],[106.516399,21.060293],[106.512331,21.057991],[106.509363,21.058768],[106.505062,21.057742],[106.503295,21.056404],[106.498493,21.058426],[106.489957,21.066454],[106.486646,21.068134],[106.479753,21.069317],[106.472973,21.068695],[106.461336,21.065179],[106.454596,21.065584],[106.455235,21.068779],[106.453523,21.070305],[106.448055,21.069852],[106.447007,21.071092],[106.446573,21.074549],[106.445065,21.076218],[106.441707,21.077768],[106.440608,21.080056],[106.443137,21.082459],[106.444266,21.085424],[106.445265,21.088292],[106.446,21.089983],[106.449152,21.092311],[106.450544,21.093243],[106.45096,21.095244],[106.448128,21.097799],[106.444402,21.099685],[106.439528,21.106302],[106.43937,21.107993],[106.441498,21.109513],[106.442732,21.112282],[106.440894,21.115219],[106.441708,21.116759],[106.44319,21.116687],[106.443752,21.11745],[106.444544,21.117402],[106.445362,21.116187],[106.44646,21.117069],[106.44623,21.117855],[106.447993,21.117474],[106.45014,21.117736],[106.452082,21.116759],[106.452797,21.117331],[106.452286,21.118308],[106.453921,21.118189],[106.455199,21.116997],[106.45709,21.117927],[106.457217,21.118999],[106.458259,21.119421],[106.459043,21.115796],[106.46112,21.115261],[106.461555,21.116073],[106.464101,21.11658],[106.471798,21.118138],[106.475539,21.123421],[106.47715,21.122934],[106.482218,21.126489],[106.484319,21.130651],[106.482256,21.133603],[106.484453,21.137562],[106.483894,21.144676],[106.480097,21.145624],[106.482331,21.154964],[106.485205,21.159472],[106.483571,21.160594],[106.490377,21.166876],[106.48819,21.171767],[106.48693,21.173081],[106.490449,21.178438],[106.489781,21.180832],[106.496297,21.184289],[106.493736,21.199209],[106.500188,21.20128],[106.49904,21.211006],[106.500574,21.213531],[106.500484,21.219085],[106.501798,21.224267],[106.499998,21.224792],[106.499485,21.226567],[106.498313,21.227625],[106.495127,21.228103],[106.49249,21.228069],[106.490183,21.230698],[106.489634,21.236501],[106.488755,21.236808],[106.488278,21.234931],[106.488205,21.230356],[106.487143,21.22865],[106.481173,21.228274],[106.474471,21.229981],[106.471445,21.228035],[106.469541,21.228376],[106.465952,21.226055],[106.46456,21.226908],[106.46191,21.22725],[106.460665,21.228376],[106.458101,21.229332],[106.45583,21.232712],[106.452351,21.230459],[106.448432,21.231244],[106.443159,21.228889],[106.439518,21.228581],[106.436368,21.228103],[106.434134,21.228889],[106.432266,21.231244],[106.429886,21.230527],[106.426131,21.231244],[106.424043,21.230527],[106.422947,21.223409],[106.417232,21.2229],[106.416101,21.220797],[106.41211,21.207468],[106.40698,21.205837],[106.400888,21.204094],[106.400213,21.201858],[106.393319,21.201662],[106.386429,21.196692],[106.382375,21.195819],[106.378474,21.196763],[106.374442,21.195675],[106.374248,21.189869],[106.369399,21.18406],[106.370345,21.180689],[106.3695,21.179933],[106.367236,21.181256],[106.365004,21.178619],[106.365243,21.176027],[106.363837,21.171995],[106.358426,21.171972],[106.355419,21.172917],[106.352987,21.171247],[106.347409,21.172571],[106.344676,21.173263],[106.338538,21.171995],[106.335922,21.172404],[106.332797,21.174264],[106.330576,21.1811],[106.32357,21.185092],[106.324738,21.192531],[106.322354,21.192229],[106.316978,21.193075],[106.313546,21.193333],[106.311558,21.191289],[106.309598,21.185167],[106.308816,21.181458],[106.31036,21.178499],[106.316713,21.166603],[106.322862,21.154137],[106.322374,21.146851],[106.319484,21.138509],[106.317256,21.135209],[106.307431,21.127339],[106.299191,21.121897],[106.299171,21.121822],[106.294815,21.109045],[106.296441,21.104292],[106.301307,21.087606],[106.30284,21.073966],[106.304391,21.067845],[106.309822,21.05838],[106.304079,21.050939],[106.299167,21.044828],[106.291816,21.035741],[106.294673,21.027049]]]},"properties":{"npp":"NPP Nguyễn Đình Hân"}},{"type":"Feature","geometry":{"type":"Polygon","coordinates":[[[105.665963,21.001266],[105.666487,20.998818],[105.667155,20.998618],[105.667022,20.996766],[105.667492,20.996314],[105.667552,20.993207],[105.665045,20.982884],[105.666034,20.982207],[105.667399,20.981969],[105.668274,20.982291],[105.670881,20.983732],[105.671707,20.984318],[105.672279,20.984506],[105.673057,20.984697],[105.67457,20.986633],[105.675406,20.986236],[105.675719,20.98624],[105.676053,20.986051],[105.676348,20.985769],[105.676445,20.985159],[105.679699,20.981671],[105.682081,20.978246],[105.683177,20.977628],[105.685174,20.975626],[105.686541,20.974975],[105.689275,20.974492],[105.690174,20.974828],[105.695233,20.978618],[105.697359,20.97823],[105.699226,20.978173],[105.70523,20.974729],[105.709241,20.972996],[105.712815,20.96971],[105.713753,20.967415],[105.713948,20.965326],[105.715527,20.962667],[105.725275,20.955639],[105.725425,20.954688],[105.725899,20.953643],[105.72589,20.952479],[105.725324,20.951183],[105.724037,20.949958],[105.722534,20.948868],[105.717855,20.946833],[105.71639,20.945729],[105.715321,20.945564],[105.713836,20.944672],[105.713352,20.943843],[105.712593,20.94315],[105.711493,20.941625],[105.711232,20.940352],[105.711472,20.939051],[105.712104,20.937786],[105.714157,20.935792],[105.71659,20.934666],[105.718882,20.934446],[105.720735,20.934775],[105.721734,20.93549],[105.725541,20.940472],[105.729854,20.930738],[105.730164,20.927834],[105.730251,20.924644],[105.730018,20.921963],[105.730146,20.918063],[105.731086,20.91641],[105.732137,20.915228],[105.736386,20.913075],[105.736624,20.91247],[105.736118,20.911599],[105.734015,20.910267],[105.733321,20.910108],[105.729545,20.905459],[105.728176,20.901308],[105.727139,20.899683],[105.724264,20.897297],[105.723276,20.896124],[105.722513,20.895201],[105.722344,20.894497],[105.72266,20.893791],[105.723316,20.893445],[105.725144,20.893193],[105.728974,20.893647],[105.730651,20.893798],[105.732565,20.893654],[105.734279,20.893308],[105.735736,20.892618],[105.737559,20.890188],[105.73881,20.887813],[105.739155,20.883807],[105.738477,20.877398],[105.737457,20.875135],[105.736493,20.874143],[105.735054,20.873201],[105.734452,20.873074],[105.733177,20.873522],[105.730158,20.875845],[105.72899,20.875931],[105.728611,20.875476],[105.728441,20.874725],[105.728525,20.872635],[105.728798,20.871282],[105.730916,20.868083],[105.734011,20.864774],[105.742239,20.859006],[105.749895,20.85618],[105.750842,20.855985],[105.752746,20.854594],[105.753222,20.854565],[105.753799,20.854196],[105.754777,20.852885],[105.75547,20.852516],[105.75642,20.850768],[105.756265,20.848876],[105.75573,20.848194],[105.75495,20.847876],[105.752033,20.847234],[105.746374,20.846441],[105.740498,20.846108],[105.735482,20.84494],[105.733155,20.845011],[105.733727,20.842266],[105.734414,20.839628],[105.737465,20.837953],[105.741471,20.83642],[105.746582,20.837596],[105.750501,20.837004],[105.754611,20.836873],[105.757705,20.837045],[105.760871,20.836795],[105.761176,20.834656],[105.758225,20.830577],[105.755097,20.827476],[105.753421,20.824447],[105.752679,20.821586],[105.752656,20.820676],[105.758639,20.821217],[105.759566,20.822756],[105.762047,20.822041],[105.764389,20.819505],[105.766168,20.817432],[105.769128,20.813229],[105.768827,20.811733],[105.776085,20.812514],[105.773627,20.81984],[105.777314,20.823546],[105.780061,20.823428],[105.78689,20.826038],[105.78746,20.824391],[105.792097,20.823958],[105.798752,20.828618],[105.796294,20.830343],[105.798496,20.831752],[105.795876,20.836346],[105.796873,20.839792],[105.803796,20.840905],[105.814159,20.839739],[105.821937,20.841203],[105.823568,20.841528],[105.821404,20.853949],[105.818392,20.857616],[105.820364,20.859134],[105.820803,20.859134],[105.820628,20.860416],[105.824709,20.861542],[105.822517,20.866075],[105.824323,20.869899],[105.822325,20.86982],[105.820551,20.870331],[105.819205,20.870589],[105.817158,20.870553],[105.815623,20.870312],[105.815394,20.871717],[105.816787,20.87407],[105.815434,20.878065],[105.816231,20.879477],[105.81413,20.879972],[105.815693,20.886051],[105.814249,20.886871],[105.812715,20.893255],[105.812895,20.895263],[105.815088,20.8954],[105.812731,20.896816],[105.812676,20.898199],[105.816184,20.899547],[105.815733,20.902653],[105.806775,20.909857],[105.805287,20.909298],[105.803692,20.910349],[105.803139,20.911439],[105.803327,20.912007],[105.803049,20.912492],[105.799593,20.912478],[105.798384,20.913128],[105.797734,20.912972],[105.797676,20.912224],[105.797079,20.911811],[105.794953,20.9131],[105.794953,20.914158],[105.79453,20.915003],[105.792732,20.915412],[105.791205,20.915201],[105.789936,20.91757],[105.789618,20.919843],[105.791205,20.920775],[105.791764,20.921692],[105.790797,20.924499],[105.791175,20.925303],[105.791553,20.927054],[105.792989,20.928211],[105.794047,20.928352],[105.794947,20.928945],[105.795854,20.93023],[105.797407,20.930618],[105.79794,20.931091],[105.79896,20.933902],[105.799537,20.934379],[105.801478,20.934224],[105.80166,20.935679],[105.796458,20.939349],[105.792505,20.938433],[105.794691,20.950616],[105.793978,20.951848],[105.794848,20.954977],[105.797493,20.955706],[105.797536,20.957092],[105.798165,20.957521],[105.798708,20.957282],[105.800228,20.958284],[105.801188,20.958074],[105.801916,20.95723],[105.803422,20.959403],[105.813383,20.954221],[105.812795,20.953471],[105.815692,20.95123],[105.816214,20.950107],[105.816967,20.949755],[105.821369,20.957107],[105.817632,20.959726],[105.81579,20.959881],[105.814149,20.959515],[105.813393,20.959737],[105.813258,20.960488],[105.818962,20.963749],[105.823945,20.967991],[105.825038,20.97072],[105.821601,20.971718],[105.819222,20.967836],[105.817779,20.966973],[105.806983,20.973359],[105.808715,20.977005],[105.806474,20.980109],[105.809931,20.982407],[105.803325,20.99148],[105.798885,20.98844],[105.792374,20.983897],[105.791104,20.98528],[105.789544,20.98523],[105.786145,20.985667],[105.783576,20.986727],[105.781293,20.987834],[105.780692,20.988933],[105.776054,20.985675],[105.770416,20.98269],[105.763879,20.977884],[105.761645,20.97966],[105.755799,20.983587],[105.754053,20.985464],[105.753429,20.988116],[105.752704,20.991638],[105.746224,20.989637],[105.742045,20.993465],[105.741639,20.994845],[105.735793,20.993388],[105.730576,21.010516],[105.716921,21.011143],[105.690905,21.005352],[105.665963,21.001266]]]},"properties":{"npp":"NPP Hikoji"}},{"type":"Feature","geometry":{"type":"Polygon","coordinates":[[[105.57437,20.974657],[105.572394,20.97452],[105.570799,20.976062],[105.56909,20.975318],[105.568976,20.97787],[105.565958,20.977338],[105.566584,20.979412],[105.559466,20.982762],[105.5577,20.982124],[105.555023,20.983613],[105.555023,20.989675],[105.551617,20.985921],[105.549369,20.987172],[105.548986,20.983826],[105.541412,20.97888],[105.536172,20.979838],[105.534749,20.978349],[105.530591,20.979784],[105.525579,20.973509],[105.529167,20.968085],[105.529965,20.965267],[105.526775,20.959097],[105.528883,20.957661],[105.52842,20.952146],[105.521984,20.951668],[105.516005,20.948157],[105.518055,20.94369],[105.516005,20.939647],[105.503724,20.929604],[105.52845,20.927277],[105.531664,20.930687],[105.536937,20.930368],[105.543569,20.925704],[105.552828,20.92865],[105.571358,20.926996],[105.57448,20.929523],[105.581404,20.927801],[105.581434,20.922021],[105.578591,20.920732],[105.579978,20.916308],[105.567253,20.911526],[105.567103,20.901521],[105.560919,20.896774],[105.559404,20.889228],[105.552129,20.883957],[105.553612,20.881856],[105.555765,20.878951],[105.559001,20.880636],[105.559603,20.879756],[105.558938,20.878315],[105.561956,20.875805],[105.565825,20.87493],[105.570561,20.868807],[105.574388,20.868985],[105.584638,20.857743],[105.585355,20.84525],[105.571151,20.846798],[105.56597,20.838604],[105.568604,20.826859],[105.560832,20.819795],[105.569501,20.804958],[105.58927,20.831313],[105.593643,20.832403],[105.597968,20.840687],[105.601086,20.841373],[105.602733,20.838825],[105.606157,20.838065],[105.609075,20.838467],[105.610984,20.837251],[105.610971,20.836055],[105.613237,20.835382],[105.615203,20.833816],[105.616346,20.831269],[105.619603,20.831612],[105.620603,20.83118],[105.621651,20.831362],[105.624004,20.831426],[105.626201,20.832118],[105.628928,20.831045],[105.630613,20.829168],[105.633264,20.829624],[105.632038,20.831847],[105.631942,20.838333],[105.636408,20.839188],[105.635672,20.836674],[105.63628,20.834863],[105.635154,20.833031],[105.636933,20.830115],[105.640023,20.828729],[105.641795,20.827165],[105.638534,20.821056],[105.63457,20.819481],[105.633422,20.814659],[105.634046,20.80766],[105.639596,20.792576],[105.648835,20.792248],[105.648724,20.80945],[105.658869,20.808314],[105.662994,20.808393],[105.659433,20.814245],[105.657983,20.816527],[105.666108,20.820698],[105.668206,20.82241],[105.670457,20.822766],[105.672783,20.824656],[105.674385,20.82405],[105.673928,20.825262],[105.678352,20.827151],[105.67881,20.826082],[105.682358,20.827365],[105.683883,20.825868],[105.686897,20.827544],[105.685524,20.82954],[105.69094,20.83118],[105.689491,20.837682],[105.687164,20.837504],[105.686734,20.841156],[105.685881,20.841555],[105.685676,20.843992],[105.688995,20.843671],[105.690902,20.845347],[105.693572,20.846452],[105.696433,20.846345],[105.698242,20.848668],[105.700721,20.848668],[105.700264,20.847741],[105.706519,20.847706],[105.709072,20.851377],[105.7098,20.853872],[105.70927,20.856611],[105.711558,20.856254],[105.712855,20.858393],[105.715144,20.858322],[105.716441,20.859533],[105.719155,20.858516],[105.720124,20.856921],[105.724184,20.854935],[105.727198,20.850693],[105.728609,20.851549],[105.733155,20.845011],[105.735482,20.84494],[105.740498,20.846108],[105.746374,20.846441],[105.752033,20.847234],[105.75495,20.847876],[105.75573,20.848194],[105.756265,20.848876],[105.75642,20.850768],[105.75547,20.852516],[105.754777,20.852885],[105.753799,20.854196],[105.753222,20.854565],[105.752746,20.854594],[105.750842,20.855985],[105.749895,20.85618],[105.742239,20.859006],[105.734011,20.864774],[105.730916,20.868083],[105.728798,20.871282],[105.728525,20.872635],[105.728441,20.874725],[105.728611,20.875476],[105.72899,20.875931],[105.730158,20.875845],[105.733177,20.873522],[105.734452,20.873074],[105.735054,20.873201],[105.736493,20.874143],[105.737457,20.875135],[105.738477,20.877398],[105.739155,20.883807],[105.73881,20.887813],[105.737559,20.890188],[105.735736,20.892618],[105.734279,20.893308],[105.732565,20.893654],[105.730651,20.893798],[105.728974,20.893647],[105.725144,20.893193],[105.723316,20.893445],[105.72266,20.893791],[105.722344,20.894497],[105.722513,20.895201],[105.723276,20.896124],[105.724264,20.897297],[105.727139,20.899683],[105.728176,20.901308],[105.729545,20.905459],[105.733321,20.910108],[105.734015,20.910267],[105.736118,20.911599],[105.736624,20.91247],[105.736386,20.913075],[105.732137,20.915228],[105.731086,20.91641],[105.730146,20.918063],[105.730018,20.921963],[105.730251,20.924644],[105.730164,20.927834],[105.729854,20.930738],[105.725541,20.940472],[105.721734,20.93549],[105.720735,20.934775],[105.718882,20.934446],[105.71659,20.934666],[105.714157,20.935792],[105.712104,20.937786],[105.711472,20.939051],[105.711232,20.940352],[105.711493,20.941625],[105.712593,20.94315],[105.713352,20.943843],[105.713836,20.944672],[105.715321,20.945564],[105.71639,20.945729],[105.717855,20.946833],[105.722534,20.948868],[105.724037,20.949958],[105.725324,20.951183],[105.72589,20.952479],[105.725899,20.953643],[105.725425,20.954688],[105.725275,20.955639],[105.715527,20.962667],[105.713948,20.965326],[105.713753,20.967415],[105.712815,20.96971],[105.709241,20.972996],[105.70523,20.974729],[105.699226,20.978173],[105.697359,20.97823],[105.695233,20.978618],[105.690174,20.974828],[105.689275,20.974492],[105.686541,20.974975],[105.685174,20.975626],[105.683177,20.977628],[105.682081,20.978246],[105.679699,20.981671],[105.676445,20.985159],[105.676348,20.985769],[105.676053,20.986051],[105.675719,20.98624],[105.675406,20.986236],[105.67457,20.986633],[105.673057,20.984697],[105.672279,20.984506],[105.671707,20.984318],[105.670881,20.983732],[105.668274,20.982291],[105.667399,20.981969],[105.666034,20.982207],[105.665045,20.982884],[105.662413,20.981958],[105.662098,20.984014],[105.659319,20.984516],[105.660798,20.988263],[105.659476,20.990209],[105.656673,20.989707],[105.656741,20.988242],[105.655284,20.9882],[105.655508,20.989623],[105.652818,20.990439],[105.648319,20.989122],[105.646974,20.985983],[105.642962,20.983534],[105.643858,20.982404],[105.640869,20.981743],[105.641026,20.980048],[105.637282,20.979169],[105.638672,20.973915],[105.630894,20.970629],[105.629325,20.972848],[105.630804,20.975192],[105.630244,20.976636],[105.632418,20.97762],[105.630542,20.979541],[105.632357,20.982618],[105.629648,20.989639],[105.632473,20.991899],[105.633818,20.988886],[105.63523,20.990058],[105.632988,20.993595],[105.63189,20.993239],[105.630097,20.995269],[105.63254,20.99686],[105.628202,21.002344],[105.614572,21.001235],[105.615132,21.008183],[105.602467,21.005002],[105.599956,21.005922],[105.595921,21.013351],[105.595451,21.013163],[105.594778,21.013477],[105.594442,21.013038],[105.593814,21.012786],[105.59368,21.010924],[105.593254,21.010526],[105.593747,21.009459],[105.591729,21.007115],[105.591147,21.007073],[105.590743,21.004269],[105.587448,21.004227],[105.587336,21.003453],[105.584959,21.003118],[105.584197,21.004311],[105.581462,21.002006],[105.580005,20.998406],[105.580834,20.99826],[105.580498,20.996606],[105.581731,20.99669],[105.582179,20.995978],[105.580319,20.995309],[105.579009,20.991526],[105.580802,20.989349],[105.581677,20.989977],[105.58291,20.98914],[105.58004,20.985854],[105.581654,20.984975],[105.58078,20.981416],[105.577036,20.982128],[105.578381,20.985498],[105.576409,20.986],[105.574818,20.982631],[105.575917,20.981376],[105.575692,20.97989],[105.576455,20.97811],[105.576163,20.977231],[105.573608,20.977503],[105.573563,20.976875],[105.574998,20.97608],[105.57437,20.974657]]]},"properties":{"npp":"NPP Bảo Cường"}},{"type":"Feature","geometry":{"type":"Polygon","coordinates":[[[105.855818,20.427823],[105.857689,20.425743],[105.860111,20.424322],[105.862522,20.418343],[105.865285,20.417319],[105.865846,20.414636],[105.869957,20.408947],[105.875082,20.407361],[105.879925,20.397185],[105.894064,20.38608],[105.895447,20.380963],[105.899409,20.375054],[105.902608,20.372324],[105.90755,20.372099],[105.909661,20.372334],[105.912068,20.376478],[105.915063,20.37255],[105.916754,20.373198],[105.921118,20.363151],[105.926716,20.363454],[105.93104,20.36712],[105.934896,20.367733],[105.935113,20.371225],[105.936091,20.37255],[105.937094,20.374392],[105.937062,20.37535],[105.936281,20.37602],[105.934059,20.37501],[105.931856,20.375174],[105.928637,20.377307],[105.92683,20.379629],[105.925402,20.383826],[105.924801,20.3915],[105.923721,20.395529],[105.926832,20.399227],[105.928144,20.399009],[105.931571,20.397585],[105.939055,20.398355],[105.94203,20.400416],[105.942574,20.398442],[105.94878,20.40264],[105.950623,20.403613],[105.949523,20.40884],[105.948962,20.409516],[105.948372,20.412993],[105.955636,20.414981],[105.958111,20.415331],[105.957561,20.417054],[105.958647,20.419538],[105.959385,20.420108],[105.959704,20.420827],[105.96092,20.421003],[105.961224,20.422048],[105.9626,20.422279],[105.962803,20.423635],[105.963729,20.423405],[105.964033,20.425101],[105.964598,20.425101],[105.965095,20.425929],[105.968845,20.425576],[105.968874,20.424097],[105.973961,20.423404],[105.973864,20.425681],[105.976879,20.433383],[105.976615,20.438865],[105.978264,20.439519],[105.978397,20.441316],[105.979911,20.441371],[105.980437,20.44038],[105.981759,20.440259],[105.981889,20.434861],[105.983119,20.431537],[105.986097,20.431521],[105.986524,20.429419],[105.993987,20.429619],[105.994044,20.428333],[105.99457,20.428122],[105.994418,20.425574],[105.993496,20.425757],[105.991269,20.418633],[105.990518,20.417983],[105.991171,20.410614],[105.989444,20.410262],[105.989658,20.407765],[105.989466,20.403878],[105.992467,20.403529],[105.992961,20.401113],[105.994202,20.399117],[105.994784,20.400173],[105.995809,20.400043],[105.995986,20.399236],[105.997024,20.398607],[105.997024,20.397883],[105.99567,20.396934],[105.995867,20.395456],[106.000476,20.396298],[106.001994,20.396424],[106.002834,20.397162],[106.003159,20.398454],[106.003055,20.400895],[106.003482,20.401532],[106.004958,20.402623],[106.01266,20.399832],[106.01442,20.399613],[106.016212,20.400694],[106.020255,20.402612],[106.02207,20.402718],[106.028671,20.401546],[106.028056,20.402764],[106.02517,20.404799],[106.024546,20.405639],[106.024537,20.408965],[106.023886,20.410354],[106.020798,20.411315],[106.020127,20.412306],[106.019502,20.416453],[106.023874,20.424571],[106.023447,20.428093],[106.023994,20.430737],[106.025289,20.433664],[106.028995,20.437707],[106.030161,20.440371],[106.030056,20.442496],[106.028972,20.444966],[106.029103,20.445707],[106.030033,20.446765],[106.03193,20.446764],[106.036922,20.446341],[106.038352,20.446669],[106.04222,20.4506],[106.042408,20.451663],[106.041433,20.458184],[106.043403,20.464311],[106.043443,20.469894],[106.044807,20.471328],[106.047415,20.472852],[106.056537,20.473354],[106.05935,20.472254],[106.064442,20.466047],[106.065417,20.465417],[106.07129,20.468242],[106.074664,20.46858],[106.075659,20.467567],[106.076755,20.462972],[106.078788,20.46158],[106.080706,20.461729],[106.08323,20.462603],[106.084487,20.465583],[106.085577,20.465823],[106.086518,20.464594],[106.08844,20.459568],[106.09191,20.456762],[106.098364,20.455412],[106.100959,20.455517],[106.101806,20.458582],[106.105205,20.465532],[106.105209,20.468169],[106.104459,20.470612],[106.098417,20.478561],[106.099905,20.479602],[106.099476,20.480706],[106.102408,20.481413],[106.101364,20.485066],[106.099791,20.486935],[106.101212,20.48892],[106.10943,20.48969],[106.111968,20.491549],[106.11347,20.493175],[106.113437,20.494833],[106.114338,20.496365],[106.124788,20.496209],[106.127993,20.49771],[106.128494,20.499117],[106.130263,20.499425],[106.135071,20.495016],[106.140742,20.494693],[106.138839,20.484403],[106.138739,20.479873],[106.140853,20.474695],[106.143858,20.470285],[106.147264,20.468659],[106.149682,20.468592],[106.156501,20.472154],[106.161041,20.472748],[106.170556,20.472811],[106.172435,20.47351],[106.175139,20.475606],[106.177951,20.479951],[106.180155,20.47992],[106.183086,20.484541],[106.180912,20.485715],[106.180383,20.51921],[106.167444,20.55983],[106.136903,20.569214],[106.121173,20.61746],[106.098402,20.619553],[106.082503,20.604051],[106.057764,20.606962],[106.031815,20.639733],[106.037775,20.659248],[106.033782,20.68319],[106.002799,20.70356],[105.995463,20.697376],[105.997802,20.692619],[105.991742,20.68954],[105.978531,20.673814],[105.977781,20.665541],[105.969391,20.665167],[105.965112,20.663986],[105.961418,20.662128],[105.958437,20.659353],[105.956616,20.654875],[105.958488,20.650388],[105.948249,20.653123],[105.945062,20.654966],[105.943956,20.656734],[105.943073,20.661597],[105.943623,20.663847],[105.946779,20.666744],[105.94733,20.675605],[105.945696,20.679737],[105.943726,20.682024],[105.940915,20.680731],[105.932694,20.679818],[105.907734,20.668554],[105.905753,20.668554],[105.905663,20.664811],[105.903441,20.664505],[105.898105,20.668713],[105.896285,20.668445],[105.89673,20.652681],[105.895635,20.650515],[105.888229,20.645926],[105.878563,20.642614],[105.86601,20.645244],[105.859607,20.644587],[105.854698,20.646125],[105.845695,20.656248],[105.841347,20.658705],[105.822643,20.664613],[105.819439,20.660127],[105.828053,20.651786],[105.833753,20.649949],[105.83394,20.645668],[105.813498,20.632788],[105.811615,20.6274],[105.813515,20.617762],[105.812612,20.615629],[105.807293,20.612501],[105.805568,20.608582],[105.807,20.606504],[105.805901,20.599391],[105.801275,20.592822],[105.800255,20.582558],[105.798056,20.576769],[105.796242,20.568896],[105.781776,20.564824],[105.769566,20.563959],[105.779808,20.542653],[105.787497,20.526431],[105.792013,20.517682],[105.795036,20.514177],[105.79857,20.511622],[105.800076,20.508917],[105.802585,20.504145],[105.805783,20.502067],[105.817617,20.504074],[105.818594,20.497087],[105.823284,20.489765],[105.852174,20.477429],[105.854141,20.431638],[105.855818,20.427823]]]},"properties":{"npp":"NPP Thảo Thắng"}},{"type":"Feature","geometry":{"type":"Polygon","coordinates":[[[105.886124,20.945554],[105.879201,20.951199],[105.871065,20.956565],[105.869506,20.954343],[105.867815,20.953776],[105.866296,20.951112],[105.866255,20.950011],[105.864762,20.949293],[105.864285,20.947898],[105.864483,20.947332],[105.864251,20.946576],[105.863929,20.946071],[105.864005,20.943243],[105.858855,20.945064],[105.854248,20.947177],[105.85241,20.946978],[105.850366,20.947414],[105.848903,20.947857],[105.847941,20.949954],[105.847564,20.952119],[105.846161,20.951542],[105.842886,20.951094],[105.842745,20.951634],[105.842351,20.953449],[105.841068,20.95421],[105.839843,20.954235],[105.836513,20.952502],[105.832802,20.952151],[105.830254,20.953288],[105.828212,20.954782],[105.825973,20.956355],[105.821369,20.957107],[105.816967,20.949755],[105.816214,20.950107],[105.815692,20.95123],[105.812795,20.953471],[105.813383,20.954221],[105.803422,20.959403],[105.801916,20.95723],[105.801188,20.958074],[105.800228,20.958284],[105.798708,20.957282],[105.798165,20.957521],[105.797536,20.957092],[105.797493,20.955706],[105.794848,20.954977],[105.793978,20.951848],[105.794691,20.950616],[105.792505,20.938433],[105.796458,20.939349],[105.80166,20.935679],[105.801478,20.934224],[105.799537,20.934379],[105.79896,20.933902],[105.79794,20.931091],[105.797407,20.930618],[105.795854,20.93023],[105.794947,20.928945],[105.794047,20.928352],[105.792989,20.928211],[105.791553,20.927054],[105.791175,20.925303],[105.790797,20.924499],[105.791764,20.921692],[105.791205,20.920775],[105.789618,20.919843],[105.789936,20.91757],[105.791205,20.915201],[105.792732,20.915412],[105.79453,20.915003],[105.794953,20.914158],[105.794953,20.9131],[105.797079,20.911811],[105.797676,20.912224],[105.797734,20.912972],[105.798384,20.913128],[105.799593,20.912478],[105.803049,20.912492],[105.803327,20.912007],[105.803139,20.911439],[105.803692,20.910349],[105.805287,20.909298],[105.806775,20.909857],[105.815733,20.902653],[105.816184,20.899547],[105.812676,20.898199],[105.812731,20.896816],[105.815088,20.8954],[105.812895,20.895263],[105.812715,20.893255],[105.814249,20.886871],[105.815693,20.886051],[105.81413,20.879972],[105.816231,20.879477],[105.815434,20.878065],[105.816787,20.87407],[105.815394,20.871717],[105.815623,20.870312],[105.817158,20.870553],[105.819205,20.870589],[105.820551,20.870331],[105.822325,20.86982],[105.824323,20.869899],[105.822517,20.866075],[105.824709,20.861542],[105.820628,20.860416],[105.820803,20.859134],[105.820364,20.859134],[105.818392,20.857616],[105.821404,20.853949],[105.823568,20.841528],[105.827286,20.833641],[105.827931,20.827411],[105.837219,20.823634],[105.83652,20.817747],[105.841292,20.814491],[105.836692,20.800302],[105.832306,20.800825],[105.83179,20.806613],[105.816998,20.804242],[105.820908,20.794992],[105.818543,20.794148],[105.813813,20.801947],[105.808482,20.796962],[105.809686,20.794791],[105.808224,20.792018],[105.811104,20.787998],[105.80648,20.780376],[105.803212,20.771259],[105.799643,20.771178],[105.795945,20.761851],[105.791732,20.762775],[105.792033,20.758835],[105.794612,20.759197],[105.793581,20.750523],[105.798622,20.749156],[105.803255,20.750724],[105.807113,20.745527],[105.810006,20.744531],[105.81121,20.746059],[105.813519,20.744796],[105.815249,20.741771],[105.820431,20.739253],[105.821979,20.741625],[105.825505,20.738931],[105.824903,20.737724],[105.826365,20.737162],[105.844855,20.741545],[105.846016,20.737242],[105.850703,20.737523],[105.849757,20.732698],[105.85453,20.731531],[105.857268,20.725121],[105.854731,20.721622],[105.859847,20.718405],[105.867935,20.709334],[105.873869,20.709736],[105.872063,20.705955],[105.887293,20.696251],[105.890604,20.691826],[105.882332,20.68507],[105.883536,20.677949],[105.885594,20.678944],[105.88621,20.675695],[105.894588,20.680213],[105.895204,20.675176],[105.904717,20.670283],[105.905753,20.668554],[105.907734,20.668554],[105.932694,20.679818],[105.940915,20.680731],[105.943726,20.682024],[105.945696,20.679737],[105.94733,20.675605],[105.946779,20.666744],[105.943623,20.663847],[105.943073,20.661597],[105.943956,20.656734],[105.945062,20.654966],[105.948249,20.653123],[105.958488,20.650388],[105.956616,20.654875],[105.958437,20.659353],[105.961418,20.662128],[105.965112,20.663986],[105.969391,20.665167],[105.977781,20.665541],[105.978531,20.673814],[105.991742,20.68954],[105.997802,20.692619],[105.995463,20.697376],[106.002799,20.70356],[105.990049,20.704098],[105.987808,20.701565],[105.978835,20.698616],[105.973063,20.69966],[105.968795,20.706463],[105.963509,20.717543],[105.962199,20.725482],[105.964915,20.728911],[105.966079,20.732314],[105.969668,20.734146],[105.967268,20.757539],[105.969574,20.764402],[105.963091,20.778094],[105.940457,20.782556],[105.924572,20.789822],[105.911891,20.815688],[105.910631,20.828371],[105.916663,20.841946],[105.929958,20.849013],[105.935344,20.854813],[105.935889,20.864942],[105.931526,20.873542],[105.896501,20.891828],[105.894973,20.900975],[105.911283,20.914693],[105.909373,20.925943],[105.881653,20.930529],[105.886124,20.945554]]]},"properties":{"npp":"NPP Thắng Lợi"}},{"type":"Feature","geometry":{"type":"Polygon","coordinates":[[[105.659433,20.814245],[105.662994,20.808393],[105.658869,20.808314],[105.648724,20.80945],[105.648835,20.792248],[105.648725,20.78383],[105.646086,20.782518],[105.647075,20.759121],[105.658534,20.734249],[105.66374,20.728168],[105.661856,20.72347],[105.664176,20.718538],[105.682671,20.698788],[105.684455,20.692234],[105.680501,20.682805],[105.677088,20.682707],[105.676267,20.680531],[105.674948,20.679774],[105.673842,20.681098],[105.672851,20.679996],[105.669989,20.67955],[105.669775,20.678115],[105.670428,20.676378],[105.669657,20.675175],[105.670758,20.674736],[105.673563,20.669567],[105.672519,20.667733],[105.673444,20.664692],[105.678145,20.666643],[105.680746,20.66213],[105.680009,20.642453],[105.686098,20.635039],[105.679483,20.629069],[105.673991,20.629113],[105.672001,20.632811],[105.670625,20.632771],[105.668131,20.628023],[105.665551,20.62927],[105.664041,20.627663],[105.666742,20.623122],[105.667233,20.617502],[105.670973,20.615736],[105.674279,20.615792],[105.68254,20.617231],[105.683419,20.614926],[105.687822,20.616243],[105.68835,20.61829],[105.691241,20.621101],[105.697925,20.619474],[105.699168,20.621489],[105.701478,20.620944],[105.704144,20.61568],[105.70389,20.611688],[105.705699,20.609096],[105.704687,20.607502],[105.70576,20.605191],[105.704375,20.602344],[105.708021,20.59877],[105.721997,20.596146],[105.727336,20.604347],[105.769566,20.563959],[105.781776,20.564824],[105.796242,20.568896],[105.798056,20.576769],[105.800255,20.582558],[105.801275,20.592822],[105.805901,20.599391],[105.807,20.606504],[105.805568,20.608582],[105.807293,20.612501],[105.812612,20.615629],[105.813515,20.617762],[105.811615,20.6274],[105.813498,20.632788],[105.83394,20.645668],[105.833753,20.649949],[105.828053,20.651786],[105.819439,20.660127],[105.822643,20.664613],[105.841347,20.658705],[105.845695,20.656248],[105.854698,20.646125],[105.859607,20.644587],[105.86601,20.645244],[105.878563,20.642614],[105.888229,20.645926],[105.895635,20.650515],[105.89673,20.652681],[105.896285,20.668445],[105.898105,20.668713],[105.903441,20.664505],[105.905663,20.664811],[105.905753,20.668554],[105.904717,20.670283],[105.895204,20.675176],[105.894588,20.680213],[105.88621,20.675695],[105.885594,20.678944],[105.883536,20.677949],[105.882332,20.68507],[105.890604,20.691826],[105.887293,20.696251],[105.872063,20.705955],[105.873869,20.709736],[105.867935,20.709334],[105.859847,20.718405],[105.854731,20.721622],[105.857268,20.725121],[105.85453,20.731531],[105.849757,20.732698],[105.850703,20.737523],[105.846016,20.737242],[105.844855,20.741545],[105.826365,20.737162],[105.824903,20.737724],[105.825505,20.738931],[105.821979,20.741625],[105.820431,20.739253],[105.815249,20.741771],[105.813519,20.744796],[105.81121,20.746059],[105.810006,20.744531],[105.807113,20.745527],[105.803255,20.750724],[105.798622,20.749156],[105.793581,20.750523],[105.794612,20.759197],[105.792033,20.758835],[105.791732,20.762775],[105.795945,20.761851],[105.799643,20.771178],[105.803212,20.771259],[105.80648,20.780376],[105.811104,20.787998],[105.808224,20.792018],[105.809686,20.794791],[105.808482,20.796962],[105.813813,20.801947],[105.818543,20.794148],[105.820908,20.794992],[105.816998,20.804242],[105.83179,20.806613],[105.832306,20.800825],[105.836692,20.800302],[105.841292,20.814491],[105.83652,20.817747],[105.837219,20.823634],[105.827931,20.827411],[105.827286,20.833641],[105.823568,20.841528],[105.821937,20.841203],[105.814159,20.839739],[105.803796,20.840905],[105.796873,20.839792],[105.795876,20.836346],[105.798496,20.831752],[105.796294,20.830343],[105.798752,20.828618],[105.792097,20.823958],[105.78746,20.824391],[105.78689,20.826038],[105.780061,20.823428],[105.777314,20.823546],[105.773627,20.81984],[105.776085,20.812514],[105.768827,20.811733],[105.769128,20.813229],[105.766168,20.817432],[105.764389,20.819505],[105.762047,20.822041],[105.759566,20.822756],[105.758639,20.821217],[105.752656,20.820676],[105.752679,20.821586],[105.753421,20.824447],[105.755097,20.827476],[105.758225,20.830577],[105.761176,20.834656],[105.760871,20.836795],[105.757705,20.837045],[105.754611,20.836873],[105.750501,20.837004],[105.746582,20.837596],[105.741471,20.83642],[105.737465,20.837953],[105.734414,20.839628],[105.733727,20.842266],[105.733155,20.845011],[105.728609,20.851549],[105.727198,20.850693],[105.724184,20.854935],[105.720124,20.856921],[105.719155,20.858516],[105.716441,20.859533],[105.715144,20.858322],[105.712855,20.858393],[105.711558,20.856254],[105.70927,20.856611],[105.7098,20.853872],[105.709072,20.851377],[105.706519,20.847706],[105.700264,20.847741],[105.700721,20.848668],[105.698242,20.848668],[105.696433,20.846345],[105.693572,20.846452],[105.690902,20.845347],[105.688995,20.843671],[105.685676,20.843992],[105.685881,20.841555],[105.686734,20.841156],[105.687164,20.837504],[105.689491,20.837682],[105.69094,20.83118],[105.685524,20.82954],[105.686897,20.827544],[105.683883,20.825868],[105.682358,20.827365],[105.67881,20.826082],[105.678352,20.827151],[105.673928,20.825262],[105.674385,20.82405],[105.672783,20.824656],[105.670457,20.822766],[105.668206,20.82241],[105.666108,20.820698],[105.657983,20.816527],[105.659433,20.814245]]]},"properties":{"npp":"NPP Tiến Thịnh"}},{"type":"Feature","geometry":{"type":"Polygon","coordinates":[[[105.318751,21.011905],[105.329063,20.997851],[105.344983,20.940881],[105.337013,20.94031],[105.330238,20.938436],[105.325617,20.934641],[105.316486,20.934906],[105.317286,20.928396],[105.313038,20.923603],[105.293338,20.92384],[105.290039,20.928526],[105.28514,20.929093],[105.281088,20.924329],[105.275961,20.924577],[105.271445,20.939766],[105.269064,20.94108],[105.260397,20.935622],[105.251536,20.944992],[105.242971,20.943926],[105.244585,20.942382],[105.231279,20.938321],[105.231316,20.936153],[105.22508,20.936709],[105.218674,20.9329],[105.224282,20.926415],[105.203006,20.917194],[105.197752,20.922422],[105.195528,20.930914],[105.207279,20.95062],[105.194957,20.95786],[105.177635,20.94493],[105.162088,20.943921],[105.16161,20.940651],[105.132306,20.938192],[105.089461,20.966542],[105.071235,20.995954],[105.055127,21.010794],[105.049941,21.008231],[105.038107,21.013303],[105.034253,21.020765],[105.028391,21.022053],[105.019219,21.015462],[105.021188,21.025546],[105.010221,21.038597],[105.000583,21.04064],[104.993305,21.048477],[104.969363,21.053872],[104.962831,21.060807],[104.956822,21.057039],[104.938538,21.05643],[104.932656,21.062022],[104.932784,21.064453],[104.930099,21.065912],[104.925772,21.065389],[104.92241,21.067272],[104.915011,21.06579],[104.910792,21.067248],[104.911944,21.071017],[104.916674,21.074663],[104.922683,21.07515],[104.922554,21.080741],[104.926647,21.084266],[104.92473,21.08925],[104.918975,21.092653],[104.914244,21.101404],[104.914116,21.107118],[104.911431,21.110278],[104.913061,21.112394],[104.89699,21.109556],[104.887829,21.105996],[104.877275,21.100938],[104.874289,21.098692],[104.871505,21.092703],[104.870515,21.086904],[104.867733,21.079419],[104.865942,21.077173],[104.862755,21.077732],[104.854786,21.079596],[104.851801,21.077535],[104.850766,21.073435],[104.851432,21.072239],[104.853641,21.067223],[104.855884,21.061193],[104.856362,21.060067],[104.859311,21.051484],[104.863807,21.037319],[104.864769,21.033174],[104.864799,21.033048],[104.86514,21.032595],[104.866192,21.030951],[104.866458,21.030846],[104.867425,21.029563],[104.872559,21.028232],[104.872564,21.02823],[104.878275,21.024423],[104.883224,21.01738],[104.888554,21.009766],[104.891219,21.0012],[104.894075,20.990159],[104.899058,20.981973],[104.900681,20.980374],[104.907152,20.975163],[104.910288,20.972637],[104.917072,20.96721],[104.922198,20.962385],[104.927807,20.952349],[104.927927,20.952133],[104.93333,20.941747],[104.939086,20.934529],[104.940541,20.932704],[104.949107,20.925661],[104.954384,20.920863],[104.957483,20.918046],[104.962918,20.914423],[104.963765,20.913858],[104.970046,20.911764],[104.972521,20.90929],[104.974805,20.902627],[104.97747,20.892729],[104.978664,20.891356],[104.985085,20.883972],[104.987018,20.881282],[104.987796,20.880424],[104.988142,20.879719],[104.9918,20.874629],[104.993841,20.87179],[104.996157,20.870632],[104.997824,20.857037],[104.997957,20.854522],[104.995418,20.849367],[104.995685,20.847229],[104.997155,20.846098],[105,20.846643],[105.002607,20.846082],[105.004031,20.844659],[105.00441,20.841724],[105.002987,20.83781],[105,20.831943],[104.998837,20.82926],[104.998837,20.825982],[104.99825,20.822445],[104.995861,20.819056],[104.995548,20.816698],[104.99594,20.815483],[104.997271,20.815151],[105,20.815179],[105.005467,20.81147],[105.012444,20.807171],[105.018823,20.805302],[105.021812,20.802684],[105.021214,20.799507],[105.018024,20.793713],[105.011645,20.789228],[105.007659,20.786238],[105.000484,20.776332],[104.999287,20.774749],[104.998714,20.770791],[104.998141,20.767552],[104.997281,20.765933],[104.99556,20.764134],[104.992216,20.761346],[104.989922,20.757657],[104.988871,20.755409],[104.988027,20.750306],[104.988281,20.750417],[104.990932,20.751735],[104.994492,20.752046],[104.999194,20.750193],[105.001672,20.749057],[105.007923,20.745393],[105.010504,20.741068],[105.015135,20.732377],[105.014732,20.729543],[105.012316,20.727654],[105.002851,20.724821],[105,20.723907],[104.987122,20.72492],[104.981751,20.72492],[104.96564,20.731812],[104.943422,20.744445],[104.936341,20.747201],[104.928773,20.746278],[104.91608,20.744204],[104.908022,20.747418],[104.894101,20.755683],[104.885063,20.760963],[104.865421,20.763492],[104.859864,20.758762],[104.859478,20.758252],[104.858168,20.755488],[104.857705,20.754688],[104.857164,20.75447],[104.856315,20.754469],[104.852066,20.75512],[104.845732,20.755041],[104.842797,20.754166],[104.838012,20.750235],[104.835852,20.748125],[104.835544,20.747325],[104.835239,20.743616],[104.835009,20.742016],[104.835477,20.737727],[104.835789,20.735328],[104.836253,20.734674],[104.837103,20.734166],[104.84027,20.733587],[104.842047,20.73308],[104.843129,20.732499],[104.843593,20.731845],[104.84367,20.731409],[104.840741,20.726171],[104.838274,20.722315],[104.837427,20.719551],[104.837352,20.718025],[104.837585,20.716934],[104.838513,20.715481],[104.839325,20.714409],[104.841414,20.710776],[104.841878,20.710085],[104.843154,20.707869],[104.8447,20.706089],[104.847405,20.704382],[104.847791,20.704128],[104.847868,20.70391],[104.847676,20.703656],[104.844434,20.702562],[104.835765,20.700758],[104.835145,20.700539],[104.833887,20.698812],[104.833568,20.69836],[104.833622,20.697809],[104.834477,20.695177],[104.834744,20.694601],[104.83549,20.6939],[104.837638,20.689587],[104.837872,20.688638],[104.838572,20.686813],[104.838962,20.684842],[104.838887,20.68214],[104.83889,20.679292],[104.838349,20.677831],[104.837187,20.67615],[104.837035,20.673448],[104.835958,20.665415],[104.834955,20.661032],[104.834956,20.660594],[104.835809,20.660449],[104.836817,20.659938],[104.837981,20.658771],[104.843084,20.654216],[104.843753,20.653277],[104.847114,20.651479],[104.853313,20.66276],[104.857535,20.660917],[104.873876,20.662186],[104.88021,20.663855],[104.887197,20.670281],[104.898812,20.669147],[104.925369,20.653222],[104.929028,20.649271],[104.941582,20.644111],[104.94604,20.643671],[104.957062,20.630766],[104.960603,20.608173],[104.986671,20.576091],[105.041371,20.560251],[105.095762,20.572723],[105.169602,20.514788],[105.229943,20.503983],[105.26001,20.433056],[105.409179,20.372972],[105.428891,20.385204],[105.521689,20.35932],[105.530615,20.371971],[105.543028,20.362169],[105.554146,20.360527],[105.55892,20.357836],[105.570727,20.359246],[105.575768,20.362981],[105.581058,20.370271],[105.589211,20.366162],[105.599274,20.363861],[105.60591,20.360424],[105.614778,20.349929],[105.623829,20.347039],[105.626291,20.348937],[105.676542,20.306089],[105.688303,20.305679],[105.691147,20.309732],[105.695231,20.311274],[105.700118,20.320351],[105.724275,20.329097],[105.729234,20.337408],[105.709651,20.360787],[105.712344,20.365087],[105.704235,20.374255],[105.707337,20.381747],[105.692033,20.392145],[105.692584,20.394083],[105.696777,20.392439],[105.697271,20.397274],[105.694778,20.402409],[105.691926,20.403664],[105.688736,20.40203],[105.685636,20.405178],[105.685598,20.410524],[105.689269,20.410617],[105.6907,20.411164],[105.69125,20.41215],[105.697744,20.411493],[105.700931,20.409529],[105.705891,20.41182],[105.713316,20.407659],[105.718988,20.407881],[105.731286,20.398885],[105.730553,20.385327],[105.742214,20.383769],[105.746801,20.381223],[105.744765,20.369972],[105.7462,20.366302],[105.75688,20.367069],[105.756465,20.370905],[105.759945,20.37854],[105.757197,20.383571],[105.756478,20.396876],[105.752587,20.407211],[105.752826,20.413033],[105.759856,20.415388],[105.757015,20.417306],[105.750977,20.438333],[105.759296,20.441727],[105.762516,20.440156],[105.772802,20.442429],[105.776537,20.436572],[105.779556,20.435567],[105.782759,20.436557],[105.788478,20.448371],[105.787349,20.453619],[105.792295,20.45468],[105.794247,20.446485],[105.801023,20.436171],[105.810753,20.427056],[105.821047,20.42059],[105.831264,20.41634],[105.854497,20.426073],[105.856864,20.425008],[105.857689,20.425743],[105.855818,20.427823],[105.854141,20.431638],[105.852174,20.477429],[105.823284,20.489765],[105.818594,20.497087],[105.817617,20.504074],[105.805783,20.502067],[105.802585,20.504145],[105.800076,20.508917],[105.79857,20.511622],[105.795036,20.514177],[105.792013,20.517682],[105.787497,20.526431],[105.779808,20.542653],[105.769566,20.563959],[105.727336,20.604347],[105.721997,20.596146],[105.708021,20.59877],[105.704375,20.602344],[105.70576,20.605191],[105.704687,20.607502],[105.705699,20.609096],[105.70389,20.611688],[105.704144,20.61568],[105.701478,20.620944],[105.699168,20.621489],[105.697925,20.619474],[105.691241,20.621101],[105.68835,20.61829],[105.687822,20.616243],[105.683419,20.614926],[105.68254,20.617231],[105.674279,20.615792],[105.670973,20.615736],[105.667233,20.617502],[105.666742,20.623122],[105.664041,20.627663],[105.665551,20.62927],[105.668131,20.628023],[105.670625,20.632771],[105.672001,20.632811],[105.673991,20.629113],[105.679483,20.629069],[105.686098,20.635039],[105.680009,20.642453],[105.680746,20.66213],[105.678145,20.666643],[105.673445,20.664692],[105.672519,20.667733],[105.673563,20.669567],[105.670758,20.674736],[105.669657,20.675175],[105.670428,20.676378],[105.669775,20.678115],[105.669989,20.67955],[105.672851,20.679996],[105.673842,20.681098],[105.674948,20.679774],[105.676267,20.680531],[105.677088,20.682707],[105.680501,20.682805],[105.684455,20.692234],[105.682671,20.698788],[105.664176,20.718538],[105.661857,20.72347],[105.66374,20.728168],[105.658534,20.734249],[105.647075,20.759121],[105.646086,20.782518],[105.648725,20.78383],[105.648835,20.792248],[105.639596,20.792576],[105.634046,20.80766],[105.633422,20.814659],[105.63457,20.819481],[105.638534,20.821056],[105.641795,20.827165],[105.640023,20.828729],[105.636933,20.830115],[105.635154,20.833031],[105.63628,20.834863],[105.635672,20.836674],[105.636408,20.839188],[105.631942,20.838333],[105.632038,20.831847],[105.633264,20.829624],[105.630613,20.829168],[105.628928,20.831045],[105.626201,20.832118],[105.624004,20.831426],[105.621651,20.831362],[105.620603,20.83118],[105.619603,20.831612],[105.616346,20.831269],[105.615203,20.833816],[105.613237,20.835382],[105.610971,20.836055],[105.610984,20.837251],[105.609075,20.838467],[105.606157,20.838065],[105.602733,20.838825],[105.601086,20.841373],[105.597968,20.840687],[105.593643,20.832403],[105.58927,20.831313],[105.569501,20.804958],[105.560832,20.819795],[105.568604,20.826859],[105.56597,20.838604],[105.571151,20.846798],[105.585355,20.84525],[105.584638,20.857743],[105.574388,20.868985],[105.570561,20.868807],[105.565825,20.87493],[105.561956,20.875805],[105.558938,20.878315],[105.559603,20.879756],[105.559001,20.880636],[105.555765,20.878951],[105.553612,20.881856],[105.552129,20.883957],[105.559404,20.889228],[105.560919,20.896774],[105.567103,20.901521],[105.567253,20.911526],[105.579978,20.916308],[105.578591,20.920732],[105.581434,20.922021],[105.581404,20.927801],[105.57448,20.929523],[105.571358,20.926996],[105.552828,20.92865],[105.543569,20.925704],[105.536937,20.930368],[105.531664,20.930687],[105.52845,20.927277],[105.503724,20.929604],[105.498713,20.930924],[105.492717,20.933291],[105.488723,20.93501],[105.486976,20.939336],[105.479888,20.947933],[105.470276,20.948477],[105.466839,20.945729],[105.45944,20.947443],[105.457867,20.950218],[105.456469,20.950599],[105.453531,20.953139],[105.444414,20.955968],[105.443889,20.95945],[105.442637,20.960728],[105.442185,20.963907],[105.434641,20.97631],[105.430447,20.980145],[105.422145,20.9833],[105.421083,20.985226],[105.421258,20.987783],[105.419772,20.989741],[105.420588,20.991237],[105.418461,20.992624],[105.418753,20.99401],[105.417646,20.995425],[105.417937,20.997247],[105.414209,20.998144],[105.40984,20.997981],[105.408075,20.998858],[105.403708,20.997752],[105.395494,21.001068],[105.393417,21.003783],[105.391868,21.005904],[105.393718,21.013711],[105.387058,21.01751],[105.388316,21.020964],[105.387872,21.024349],[105.380472,21.019721],[105.378242,21.016833],[105.376254,21.015161],[105.3715,21.012345],[105.367014,21.013057],[105.354003,21.007277],[105.351625,21.008826],[105.34835,21.013727],[105.344042,21.012889],[105.339795,21.013182],[105.334321,21.008072],[105.328399,21.00891],[105.326694,21.00912],[105.325572,21.010585],[105.327053,21.011549],[105.327277,21.013475],[105.326649,21.015653],[105.327546,21.01691],[105.329116,21.016575],[105.329655,21.017412],[105.328713,21.019548],[105.326918,21.020344],[105.32638,21.021056],[105.325079,21.021265],[105.324271,21.019716],[105.32445,21.017454],[105.318751,21.011905]]]},"properties":{"npp":"NPP Vũ Tấm"}},{"type":"Feature","geometry":{"type":"Polygon","coordinates":[[[105.515029,21.152361],[105.517055,21.152015],[105.516096,21.147952],[105.516597,21.14781],[105.515574,21.144884],[105.516367,21.139654],[105.520986,21.139228],[105.522227,21.135672],[105.524232,21.135204],[105.524711,21.133924],[105.521666,21.133489],[105.518948,21.130617],[105.519504,21.12967],[105.518653,21.128968],[105.517703,21.129701],[105.515673,21.128112],[105.514821,21.129121],[105.512889,21.127929],[105.512726,21.126158],[105.511972,21.124844],[105.510662,21.123622],[105.508337,21.124752],[105.507453,21.123561],[105.506316,21.123933],[105.504785,21.123236],[105.505473,21.120592],[105.504773,21.119264],[105.503017,21.11716],[105.502044,21.117138],[105.501747,21.116795],[105.502329,21.116097],[105.501772,21.115638],[105.502128,21.115362],[105.502544,21.115616],[105.502888,21.115118],[105.502508,21.114443],[105.501867,21.114509],[105.502033,21.113823],[105.501132,21.113867],[105.500538,21.112971],[105.501784,21.111498],[105.501393,21.111221],[105.501687,21.109975],[105.502351,21.110042],[105.502755,21.109101],[105.502411,21.109045],[105.502814,21.108492],[105.502292,21.108437],[105.503598,21.106907],[105.506055,21.106985],[105.505521,21.104904],[105.506402,21.103901],[105.505559,21.102561],[105.505749,21.102129],[105.503663,21.099995],[105.503271,21.100006],[105.502785,21.098987],[105.502025,21.099153],[105.500482,21.098434],[105.501825,21.096594],[105.501255,21.095797],[105.502109,21.095266],[105.503723,21.095144],[105.507521,21.096572],[105.507378,21.097923],[105.51138,21.094478],[105.511772,21.092363],[105.514562,21.09017],[105.515772,21.090834],[105.515369,21.091399],[105.516105,21.092008],[105.517196,21.092031],[105.517338,21.090569],[105.518378,21.090166],[105.519102,21.090698],[105.520241,21.090078],[105.5217,21.090177],[105.522223,21.089369],[105.52335,21.089026],[105.524501,21.089092],[105.526779,21.089635],[105.527515,21.089258],[105.527824,21.09062],[105.528619,21.091362],[105.529865,21.091085],[105.530185,21.090454],[105.539261,21.091086],[105.53962,21.092495],[105.543609,21.096195],[105.543869,21.095082],[105.545701,21.0944],[105.546715,21.095029],[105.547752,21.093776],[105.549396,21.094057],[105.549807,21.097076],[105.554824,21.096381],[105.557359,21.102058],[105.563443,21.100008],[105.575516,21.099873],[105.57556,21.094668],[105.578023,21.093812],[105.576019,21.088293],[105.576816,21.086311],[105.574763,21.082165],[105.581057,21.077744],[105.581637,21.078082],[105.583278,21.075176],[105.593854,21.077497],[105.594843,21.074635],[105.607519,21.070445],[105.609282,21.072518],[105.615751,21.067641],[105.617079,21.068429],[105.625578,21.063968],[105.629605,21.060033],[105.62876,21.05965],[105.632221,21.052454],[105.63062,21.051171],[105.634734,21.044184],[105.642989,21.043734],[105.643236,21.040952],[105.648457,21.040259],[105.650671,21.04416],[105.652637,21.042361],[105.653236,21.040927],[105.653015,21.040393],[105.65464,21.039507],[105.654236,21.038851],[105.65464,21.038656],[105.654549,21.037599],[105.664374,21.033494],[105.667309,21.030599],[105.667622,21.029578],[105.668816,21.023668],[105.677632,21.018902],[105.676616,21.014672],[105.676626,21.009859],[105.675962,21.008753],[105.674295,21.008534],[105.671796,21.008595],[105.670337,21.009568],[105.666803,21.009427],[105.663718,21.007676],[105.663871,21.003112],[105.664014,21.002597],[105.664238,21.002105],[105.664371,21.001738],[105.66458,21.001481],[105.664796,21.00141],[105.665012,21.001404],[105.665315,21.001484],[105.66574,21.001421],[105.665963,21.001266],[105.690905,21.005352],[105.716921,21.011143],[105.730576,21.010516],[105.732925,21.010609],[105.734025,21.01546],[105.729954,21.01795],[105.731605,21.01933],[105.733774,21.021501],[105.734364,21.02265],[105.735099,21.022534],[105.734951,21.02181],[105.736123,21.021902],[105.736026,21.022631],[105.736573,21.022449],[105.73712,21.023416],[105.734709,21.025053],[105.73492,21.025592],[105.734927,21.026323],[105.738523,21.027778],[105.737895,21.028951],[105.737575,21.028888],[105.737282,21.029206],[105.737487,21.029915],[105.736962,21.031332],[105.7392,21.031738],[105.738046,21.036464],[105.733349,21.036912],[105.73334,21.046513],[105.729479,21.047031],[105.729548,21.047955],[105.72796,21.048407],[105.728715,21.050512],[105.728397,21.050748],[105.728264,21.050978],[105.726391,21.05257],[105.729614,21.05646],[105.72468,21.059899],[105.724539,21.076105],[105.728298,21.082646],[105.727923,21.084526],[105.726454,21.085404],[105.727036,21.088459],[105.725511,21.088773],[105.726799,21.093795],[105.725005,21.096971],[105.726385,21.099138],[105.727627,21.098816],[105.730787,21.100828],[105.736896,21.104696],[105.698594,21.142858],[105.666244,21.132801],[105.626338,21.171369],[105.575492,21.163994],[105.576003,21.162769],[105.571479,21.161476],[105.571114,21.160047],[105.531796,21.155532],[105.515332,21.155452],[105.515029,21.152361]]]},"properties":{"npp":"NPP Tây Đô"}},{"type":"Feature","geometry":{"type":"Polygon","coordinates":[[[105.665045,20.982884],[105.665032,20.983467],[105.667552,20.993207],[105.667492,20.996314],[105.667022,20.996766],[105.667155,20.998618],[105.666487,20.998818],[105.665963,21.001266],[105.66574,21.001421],[105.665315,21.001484],[105.665012,21.001404],[105.664796,21.00141],[105.66458,21.001481],[105.664371,21.001738],[105.664238,21.002105],[105.664014,21.002597],[105.663871,21.003112],[105.663718,21.007676],[105.666803,21.009427],[105.670337,21.009568],[105.671796,21.008595],[105.674295,21.008534],[105.675962,21.008753],[105.676626,21.009859],[105.676616,21.014672],[105.677632,21.018902],[105.668816,21.023668],[105.667622,21.029578],[105.667309,21.030599],[105.664374,21.033494],[105.654549,21.037599],[105.65464,21.038656],[105.654236,21.038851],[105.65464,21.039507],[105.653015,21.040393],[105.653236,21.040927],[105.652637,21.042361],[105.650671,21.04416],[105.648457,21.040259],[105.643236,21.040952],[105.642989,21.043734],[105.634734,21.044184],[105.63062,21.051171],[105.632221,21.052454],[105.62876,21.05965],[105.629605,21.060033],[105.625578,21.063968],[105.617079,21.068429],[105.615751,21.067641],[105.609282,21.072518],[105.607519,21.070445],[105.594843,21.074635],[105.593854,21.077497],[105.583278,21.075176],[105.581637,21.078082],[105.581057,21.077744],[105.574763,21.082165],[105.576816,21.086311],[105.576019,21.088293],[105.578023,21.093812],[105.57556,21.094668],[105.575516,21.099873],[105.563443,21.100008],[105.557359,21.102058],[105.554824,21.096381],[105.549807,21.097076],[105.549396,21.094057],[105.547752,21.093776],[105.546715,21.095029],[105.545701,21.0944],[105.543869,21.095082],[105.543609,21.096195],[105.53962,21.092495],[105.539261,21.091086],[105.530185,21.090454],[105.529865,21.091085],[105.528619,21.091362],[105.527824,21.09062],[105.527515,21.089258],[105.526779,21.089635],[105.524501,21.089092],[105.52335,21.089026],[105.522223,21.089369],[105.5217,21.090177],[105.520241,21.090078],[105.519102,21.090698],[105.518378,21.090166],[105.517338,21.090569],[105.517196,21.092031],[105.516105,21.092008],[105.515369,21.091399],[105.515772,21.090834],[105.514562,21.09017],[105.511772,21.092363],[105.51138,21.094478],[105.507378,21.097923],[105.507521,21.096572],[105.503723,21.095144],[105.502109,21.095266],[105.501255,21.095797],[105.501825,21.096594],[105.500482,21.098434],[105.502025,21.099153],[105.502785,21.098987],[105.503271,21.100006],[105.503663,21.099995],[105.505749,21.102129],[105.505559,21.102561],[105.506402,21.103901],[105.505521,21.104904],[105.506055,21.106985],[105.503598,21.106907],[105.502292,21.108437],[105.502814,21.108492],[105.502411,21.109045],[105.502755,21.109101],[105.502351,21.110042],[105.501687,21.109975],[105.501393,21.111221],[105.501784,21.111498],[105.500538,21.112971],[105.501132,21.113867],[105.502033,21.113823],[105.501867,21.114509],[105.502508,21.114443],[105.502888,21.115118],[105.502544,21.115616],[105.502128,21.115362],[105.501772,21.115638],[105.502329,21.116097],[105.501747,21.116795],[105.502044,21.117138],[105.503017,21.11716],[105.504773,21.119264],[105.505473,21.120592],[105.504785,21.123236],[105.506316,21.123933],[105.507453,21.123561],[105.508337,21.124752],[105.510662,21.123622],[105.511972,21.124844],[105.512726,21.126158],[105.512889,21.127929],[105.514821,21.129121],[105.515673,21.128112],[105.517703,21.129701],[105.518653,21.128968],[105.519504,21.12967],[105.518948,21.130617],[105.521666,21.133489],[105.524711,21.133924],[105.524232,21.135204],[105.522227,21.135672],[105.520986,21.139228],[105.516367,21.139654],[105.515574,21.144884],[105.516597,21.14781],[105.516096,21.147952],[105.517055,21.152015],[105.515029,21.152361],[105.515332,21.155452],[105.474184,21.169711],[105.468962,21.183454],[105.466568,21.201381],[105.465023,21.201297],[105.464569,21.202652],[105.465296,21.202652],[105.464522,21.206075],[105.463091,21.205642],[105.462555,21.207241],[105.46352,21.207791],[105.463667,21.209036],[105.462148,21.211503],[105.461678,21.213718],[105.462339,21.213984],[105.461652,21.219818],[105.458296,21.227859],[105.450769,21.239632],[105.446259,21.244921],[105.443885,21.265176],[105.441355,21.275608],[105.3967,21.30319],[105.356098,21.282829],[105.355626,21.255297],[105.3447,21.220048],[105.306697,21.193176],[105.28764,21.159397],[105.303459,21.14511],[105.321346,21.10858],[105.294829,21.056272],[105.296629,21.034695],[105.318751,21.011905],[105.32445,21.017454],[105.324271,21.019716],[105.325079,21.021265],[105.32638,21.021056],[105.326918,21.020344],[105.328713,21.019548],[105.329655,21.017412],[105.329116,21.016575],[105.327546,21.01691],[105.326649,21.015653],[105.327277,21.013475],[105.327053,21.011549],[105.325572,21.010585],[105.326694,21.00912],[105.328399,21.00891],[105.334321,21.008072],[105.339795,21.013182],[105.344042,21.012889],[105.34835,21.013727],[105.351625,21.008826],[105.354003,21.007277],[105.367014,21.013057],[105.3715,21.012345],[105.376254,21.015161],[105.378242,21.016833],[105.380472,21.019721],[105.387872,21.024349],[105.388316,21.020964],[105.387058,21.01751],[105.393718,21.013711],[105.391868,21.005904],[105.393417,21.003783],[105.395494,21.001068],[105.403708,20.997752],[105.408075,20.998858],[105.40984,20.997981],[105.414209,20.998144],[105.417937,20.997247],[105.417646,20.995425],[105.418753,20.99401],[105.418461,20.992624],[105.420588,20.991237],[105.419772,20.989741],[105.421258,20.987783],[105.421083,20.985226],[105.422145,20.9833],[105.430447,20.980145],[105.434641,20.97631],[105.442185,20.963907],[105.442637,20.960728],[105.443889,20.95945],[105.444414,20.955968],[105.453531,20.953139],[105.456469,20.950599],[105.457867,20.950218],[105.45944,20.947443],[105.466839,20.945729],[105.470276,20.948477],[105.479888,20.947933],[105.486976,20.939336],[105.488723,20.93501],[105.492717,20.933291],[105.498713,20.930924],[105.503724,20.929604],[105.516005,20.939647],[105.518055,20.94369],[105.516005,20.948157],[105.521984,20.951668],[105.52842,20.952146],[105.528883,20.957661],[105.526775,20.959097],[105.529965,20.965267],[105.529167,20.968085],[105.525579,20.973509],[105.530591,20.979784],[105.534749,20.978349],[105.536172,20.979838],[105.541412,20.97888],[105.548986,20.983826],[105.549369,20.987172],[105.551617,20.985921],[105.555023,20.989675],[105.555023,20.983613],[105.5577,20.982124],[105.559466,20.982762],[105.566584,20.979412],[105.565958,20.977338],[105.568976,20.97787],[105.56909,20.975318],[105.570799,20.976062],[105.572394,20.97452],[105.57437,20.974657],[105.574998,20.97608],[105.573563,20.976875],[105.573608,20.977503],[105.576163,20.977231],[105.576455,20.97811],[105.575692,20.97989],[105.575917,20.981376],[105.574818,20.982631],[105.576409,20.986],[105.578381,20.985498],[105.577036,20.982128],[105.58078,20.981416],[105.581654,20.984975],[105.58004,20.985854],[105.58291,20.98914],[105.581677,20.989977],[105.580802,20.989349],[105.579009,20.991526],[105.580319,20.995309],[105.582179,20.995978],[105.581731,20.99669],[105.580498,20.996606],[105.580834,20.99826],[105.580005,20.998406],[105.581462,21.002006],[105.584197,21.004311],[105.584959,21.003118],[105.587336,21.003453],[105.587448,21.004227],[105.590743,21.004269],[105.591147,21.007073],[105.591729,21.007115],[105.593747,21.009459],[105.593254,21.010526],[105.59368,21.010924],[105.593814,21.012786],[105.594442,21.013038],[105.594778,21.013477],[105.595451,21.013163],[105.595921,21.013351],[105.599956,21.005922],[105.602467,21.005002],[105.615132,21.008183],[105.614572,21.001235],[105.628202,21.002344],[105.63254,20.99686],[105.630097,20.995269],[105.63189,20.993239],[105.632988,20.993595],[105.63523,20.990058],[105.633818,20.988886],[105.632473,20.991899],[105.629648,20.989639],[105.632357,20.982618],[105.630542,20.979541],[105.632418,20.97762],[105.630244,20.976636],[105.630804,20.975192],[105.629325,20.972848],[105.630894,20.970629],[105.638672,20.973915],[105.637282,20.979169],[105.641026,20.980048],[105.640869,20.981743],[105.643858,20.982404],[105.642962,20.983534],[105.646974,20.985983],[105.648319,20.989122],[105.652818,20.990439],[105.655508,20.989623],[105.655284,20.9882],[105.656741,20.988242],[105.656673,20.989707],[105.659476,20.990209],[105.660798,20.988263],[105.659319,20.984516],[105.662098,20.984014],[105.662413,20.981958],[105.665045,20.982884]]]},"properties":{"npp":"NPP Nguyên Vũ"}},{"type":"Feature","geometry":{"type":"Polygon","coordinates":[[[105.967268,20.757539],[105.969668,20.734146],[105.966079,20.732314],[105.964915,20.728911],[105.962199,20.725482],[105.963509,20.717543],[105.968795,20.706463],[105.973063,20.69966],[105.978835,20.698616],[105.987808,20.701565],[105.990049,20.704098],[106.002799,20.70356],[106.033782,20.68319],[106.037775,20.659248],[106.031815,20.639733],[106.057764,20.606962],[106.082503,20.604051],[106.098402,20.619553],[106.121173,20.61746],[106.128578,20.627785],[106.12473,20.633867],[106.109872,20.640037],[106.114641,20.646189],[106.125842,20.647069],[106.13576,20.658661],[106.145663,20.659541],[106.162147,20.645087],[106.168646,20.645586],[106.170392,20.648627],[106.170392,20.655434],[106.173496,20.658016],[106.182032,20.656745],[106.20264,20.643765],[106.223496,20.641224],[106.224999,20.643221],[106.216269,20.65434],[106.222138,20.657063],[106.232935,20.65916],[106.236584,20.664897],[106.242587,20.670761],[106.268829,20.681718],[106.268453,20.687569],[106.254381,20.688983],[106.248981,20.695123],[106.244408,20.695438],[106.233207,20.702845],[106.22771,20.704496],[106.224452,20.711183],[106.223966,20.717159],[106.219977,20.721109],[106.219245,20.723938],[106.211928,20.72924],[106.211329,20.73123],[106.21379,20.732691],[106.218581,20.732035],[106.218959,20.736541],[106.21833,20.741794],[106.215588,20.750239],[106.204103,20.751543],[106.197055,20.756921],[106.196257,20.760372],[106.193431,20.765284],[106.189042,20.766652],[106.18595,20.765812],[106.184953,20.762983],[106.181083,20.763142],[106.176437,20.769451],[106.174029,20.772741],[106.176831,20.775873],[106.17457,20.778297],[106.171511,20.776805],[106.165699,20.784787],[106.163283,20.785091],[106.160606,20.783566],[106.160165,20.78068],[106.158401,20.780062],[106.154341,20.780582],[106.146548,20.786715],[106.146039,20.788586],[106.141584,20.793746],[106.142548,20.796139],[106.141717,20.797818],[106.140254,20.797414],[106.139024,20.799776],[106.130748,20.806473],[106.13261,20.809426],[106.137134,20.809206],[106.138429,20.8101],[106.140845,20.81456],[106.140801,20.81813],[106.139768,20.82032],[106.136915,20.823462],[106.134811,20.824432],[106.131685,20.82837],[106.130732,20.829187],[106.128878,20.82984],[106.124622,20.833284],[106.128765,20.836881],[106.128397,20.846033],[106.121557,20.85021],[106.11822,20.851048],[106.114631,20.85206],[106.112787,20.852673],[106.113118,20.853054],[106.112864,20.853244],[106.112264,20.853339],[106.112391,20.853559],[106.112181,20.85372],[106.111824,20.85353],[106.110815,20.854303],[106.110653,20.854067],[106.110557,20.854691],[106.108172,20.854975],[106.108109,20.855011],[106.107975,20.855017],[106.106734,20.854702],[106.106791,20.854404],[106.106116,20.854327],[106.10611,20.852994],[106.1035,20.85284],[106.103074,20.853601],[106.102004,20.85309],[106.101953,20.852025],[106.101693,20.850957],[106.101637,20.850039],[106.10158,20.848101],[106.101543,20.847335],[106.101441,20.846381],[106.10135,20.845278],[106.101183,20.844023],[106.100773,20.842628],[106.100142,20.841577],[106.099303,20.841032],[106.098367,20.84051],[106.097667,20.84034],[106.097095,20.840334],[106.096032,20.840888],[106.095098,20.841238],[106.094292,20.841347],[106.093883,20.841134],[106.093505,20.84036],[106.091927,20.841483],[106.089611,20.843269],[106.08954,20.844342],[106.089305,20.844292],[106.089285,20.844522],[106.089225,20.844514],[106.089213,20.844783],[106.088976,20.844988],[106.08851,20.845012],[106.087957,20.844979],[106.087431,20.844537],[106.086667,20.843831],[106.083803,20.843363],[106.083838,20.843257],[106.081536,20.842551],[106.080649,20.845165],[106.083216,20.846299],[106.082665,20.847217],[106.082561,20.848725],[106.082354,20.84875],[106.082409,20.849231],[106.082259,20.849268],[106.082125,20.849844],[106.082236,20.849874],[106.081722,20.850988],[106.08139,20.85101],[106.080813,20.851128],[106.080252,20.851468],[106.079888,20.852007],[106.079699,20.852487],[106.079596,20.854391],[106.079754,20.854642],[106.081058,20.85507],[106.080813,20.855513],[106.081446,20.855927],[106.080876,20.856688],[106.080481,20.856525],[106.080363,20.856754],[106.079817,20.856606],[106.079335,20.85654],[106.078577,20.856643],[106.077557,20.856688],[106.076949,20.856931],[106.076416,20.857315],[106.075918,20.857847],[106.075561,20.858364],[106.07075,20.857053],[106.071108,20.855976],[106.070876,20.855902],[106.071812,20.852568],[106.071428,20.852445],[106.071349,20.852602],[106.071129,20.852524],[106.071092,20.85271],[106.070734,20.852696],[106.070587,20.853074],[106.070372,20.853074],[106.070177,20.852882],[106.069926,20.853133],[106.066103,20.847259],[106.065346,20.847158],[106.064524,20.846501],[106.063085,20.844109],[106.058664,20.843351],[106.058675,20.843523],[106.056192,20.844736],[106.056322,20.845161],[106.056992,20.846232],[106.057273,20.847111],[106.055225,20.84792],[106.054835,20.847091],[106.054413,20.847314],[106.053863,20.846014],[106.052324,20.843455],[106.050941,20.844496],[106.050545,20.844709],[106.049933,20.844965],[106.049945,20.845341],[106.049152,20.845406],[106.049198,20.844796],[106.049082,20.844725],[106.049023,20.844834],[106.048277,20.844387],[106.04984,20.841851],[106.046629,20.841306],[106.047067,20.840692],[106.045604,20.839461],[106.044927,20.838824],[106.044332,20.838655],[106.044131,20.83833],[106.044364,20.837932],[106.043705,20.837485],[106.043063,20.838281],[106.040474,20.83712],[106.038698,20.836163],[106.041894,20.831128],[106.038949,20.830173],[106.04064,20.82719],[106.037845,20.825616],[106.038667,20.82439],[106.037723,20.823981],[106.03371,20.822241],[106.038365,20.812655],[106.036151,20.810643],[106.038845,20.80765],[106.036577,20.806605],[106.035,20.806316],[106.033155,20.805882],[106.031388,20.804746],[106.03178,20.80429],[106.029139,20.802621],[106.030306,20.80107],[106.018156,20.795568],[106.018185,20.794363],[106.017598,20.794486],[106.017291,20.794306],[106.016949,20.794208],[106.016414,20.794085],[106.015993,20.794117],[106.015004,20.794454],[106.014289,20.795094],[106.013517,20.795425],[106.013199,20.795757],[106.01214,20.789983],[106.011243,20.789703],[106.009224,20.78209],[106.009772,20.78195],[106.01324,20.776326],[106.015808,20.777713],[106.016194,20.77172],[106.017677,20.771767],[106.017124,20.767198],[106.015928,20.767792],[106.016002,20.768142],[106.014981,20.768386],[106.014956,20.767163],[106.015479,20.766883],[106.01492,20.761356],[106.013624,20.762032],[106.013574,20.761752],[106.01244,20.761881],[106.009465,20.76209],[106.008754,20.759096],[106.008866,20.758944],[106.008293,20.756952],[106.005402,20.757511],[106.003283,20.757709],[106.000799,20.757791],[105.999368,20.757698],[105.9977,20.756975],[105.997339,20.756999],[105.997152,20.757919],[105.996143,20.758199],[105.993766,20.758327],[105.988116,20.758711],[105.987736,20.758863],[105.984524,20.759609],[105.983278,20.759655],[105.982348,20.759574],[105.982148,20.759294],[105.980167,20.759387],[105.978658,20.759375],[105.977175,20.759073],[105.97712,20.759247],[105.971346,20.758037],[105.967268,20.757539]]]},"properties":{"npp":"NPP Ngọc Phúc"}},{"type":"Feature","geometry":{"type":"Polygon","coordinates":[[[105.909711,20.929225],[105.909373,20.925943],[105.911283,20.914693],[105.894973,20.900975],[105.896501,20.891828],[105.931526,20.873542],[105.935889,20.864942],[105.935344,20.854813],[105.929958,20.849013],[105.916663,20.841946],[105.910631,20.828371],[105.911891,20.815688],[105.924572,20.789822],[105.940457,20.782556],[105.963091,20.778094],[105.969574,20.764402],[105.967268,20.757539],[105.971346,20.758037],[105.97712,20.759247],[105.977175,20.759073],[105.978658,20.759375],[105.980167,20.759387],[105.982148,20.759294],[105.982348,20.759574],[105.983278,20.759655],[105.984524,20.759609],[105.987736,20.758863],[105.988116,20.758711],[105.993766,20.758327],[105.996143,20.758199],[105.997152,20.757919],[105.997339,20.756999],[105.9977,20.756975],[105.999368,20.757698],[106.000799,20.757791],[106.003283,20.757709],[106.005402,20.757511],[106.008293,20.756952],[106.008866,20.758944],[106.008754,20.759096],[106.009465,20.76209],[106.01244,20.761881],[106.013574,20.761752],[106.013624,20.762032],[106.01492,20.761356],[106.015479,20.766883],[106.014956,20.767163],[106.014981,20.768386],[106.016002,20.768142],[106.015928,20.767792],[106.017124,20.767198],[106.017677,20.771767],[106.016194,20.77172],[106.015808,20.777713],[106.01324,20.776326],[106.009772,20.78195],[106.009224,20.78209],[106.011243,20.789703],[106.01214,20.789983],[106.013199,20.795757],[106.013517,20.795425],[106.014289,20.795094],[106.015004,20.794454],[106.015993,20.794117],[106.016414,20.794085],[106.016949,20.794208],[106.017291,20.794306],[106.017598,20.794486],[106.018185,20.794363],[106.018156,20.795568],[106.030306,20.80107],[106.029139,20.802621],[106.03178,20.80429],[106.031388,20.804746],[106.033155,20.805882],[106.035,20.806316],[106.036577,20.806605],[106.038845,20.80765],[106.036151,20.810643],[106.038365,20.812655],[106.03371,20.822241],[106.037723,20.823981],[106.038667,20.82439],[106.037845,20.825616],[106.04064,20.82719],[106.038949,20.830173],[106.041894,20.831128],[106.038698,20.836163],[106.040474,20.83712],[106.043063,20.838281],[106.043705,20.837485],[106.044364,20.837932],[106.044131,20.83833],[106.044332,20.838655],[106.044927,20.838824],[106.045604,20.839461],[106.047067,20.840692],[106.046629,20.841306],[106.04984,20.841851],[106.048277,20.844387],[106.049023,20.844834],[106.049082,20.844725],[106.049198,20.844796],[106.049152,20.845406],[106.049945,20.845341],[106.049933,20.844965],[106.050545,20.844709],[106.050941,20.844496],[106.052324,20.843455],[106.053863,20.846014],[106.054413,20.847314],[106.054835,20.847091],[106.055225,20.84792],[106.057273,20.847111],[106.056992,20.846232],[106.056322,20.845161],[106.056192,20.844736],[106.058675,20.843523],[106.058664,20.843351],[106.063085,20.844109],[106.064524,20.846501],[106.065346,20.847158],[106.066103,20.847259],[106.069926,20.853133],[106.070177,20.852882],[106.070372,20.853074],[106.070587,20.853074],[106.070734,20.852696],[106.071092,20.85271],[106.071129,20.852524],[106.071349,20.852602],[106.071428,20.852445],[106.071812,20.852568],[106.070876,20.855902],[106.071108,20.855976],[106.07075,20.857053],[106.075561,20.858364],[106.075918,20.857847],[106.076416,20.857315],[106.076949,20.856931],[106.077557,20.856688],[106.078577,20.856643],[106.079335,20.85654],[106.079817,20.856606],[106.080363,20.856754],[106.080481,20.856525],[106.080876,20.856688],[106.081446,20.855927],[106.080813,20.855513],[106.081058,20.85507],[106.079754,20.854642],[106.079596,20.854391],[106.079699,20.852487],[106.079888,20.852007],[106.080252,20.851468],[106.080813,20.851128],[106.08139,20.85101],[106.081722,20.850988],[106.082236,20.849874],[106.082125,20.849844],[106.082259,20.849268],[106.082409,20.849231],[106.082354,20.84875],[106.082561,20.848725],[106.082665,20.847217],[106.083216,20.846299],[106.080649,20.845165],[106.081536,20.842551],[106.083838,20.843257],[106.083803,20.843363],[106.086667,20.843831],[106.087431,20.844537],[106.087957,20.844979],[106.08851,20.845012],[106.088976,20.844988],[106.089213,20.844783],[106.089225,20.844514],[106.089285,20.844522],[106.089305,20.844292],[106.08954,20.844342],[106.089611,20.843269],[106.091927,20.841483],[106.093505,20.84036],[106.093883,20.841134],[106.094292,20.841347],[106.095098,20.841238],[106.096032,20.840888],[106.097095,20.840334],[106.097667,20.84034],[106.098367,20.84051],[106.099303,20.841032],[106.100142,20.841577],[106.100773,20.842628],[106.101183,20.844023],[106.10135,20.845278],[106.101441,20.846381],[106.101543,20.847335],[106.10158,20.848101],[106.101637,20.850039],[106.101693,20.850957],[106.101953,20.852025],[106.102004,20.85309],[106.103074,20.853601],[106.1035,20.85284],[106.10611,20.852994],[106.106116,20.854327],[106.106791,20.854404],[106.106734,20.854702],[106.107975,20.855017],[106.108109,20.855011],[106.108172,20.854975],[106.110557,20.854691],[106.110653,20.854067],[106.110815,20.854303],[106.111824,20.85353],[106.112181,20.85372],[106.112391,20.853559],[106.112264,20.853339],[106.112864,20.853244],[106.113118,20.853054],[106.112787,20.852673],[106.114631,20.85206],[106.11822,20.851048],[106.121557,20.85021],[106.136842,20.851528],[106.139273,20.855285],[106.141801,20.858514],[106.141839,20.863239],[106.141668,20.869532],[106.143497,20.871334],[106.142765,20.873011],[106.143929,20.87531],[106.143289,20.877888],[106.146713,20.881118],[106.146958,20.888229],[106.145129,20.891429],[106.142624,20.892395],[106.137882,20.893044],[106.137649,20.898883],[106.135355,20.902549],[106.13592,20.904444],[106.140142,20.905748],[106.142856,20.907683],[106.145096,20.912332],[106.147141,20.913797],[106.14893,20.914863],[106.151062,20.915843],[106.152707,20.916474],[106.155076,20.917769],[106.153646,20.920843],[106.154444,20.921682],[106.153945,20.92311],[106.152581,20.923495],[106.151419,20.924721],[106.149258,20.924352],[106.148646,20.927906],[106.148526,20.929538],[106.150257,20.930321],[106.150407,20.933087],[106.152131,20.933927],[106.151457,20.934942],[106.152458,20.941978],[106.150557,20.942361],[106.150263,20.943779],[106.151981,20.944356],[106.152169,20.945441],[106.15468,20.945196],[106.155017,20.946666],[106.156913,20.947412],[106.157978,20.948836],[106.15764,20.949046],[106.157678,20.949116],[106.158741,20.950952],[106.15483,20.954611],[106.153248,20.957147],[106.150588,20.956184],[106.150002,20.960666],[106.148315,20.960666],[106.148527,20.958109],[106.145422,20.958509],[106.140281,20.960251],[106.135095,20.960158],[106.132955,20.965439],[106.13415,20.965736],[106.13372,20.969661],[106.136623,20.97172],[106.137576,20.974473],[106.133288,20.979208],[106.131939,20.978438],[106.132876,20.979453],[106.132126,20.980258],[106.131264,20.979978],[106.12984,20.981657],[106.128378,20.980923],[106.127083,20.983572],[106.119762,20.984782],[106.117887,20.983391],[106.115067,20.983118],[106.114495,20.983701],[106.114335,20.988649],[106.115453,20.99018],[106.115715,20.996197],[106.11207,20.997066],[106.109078,21.000084],[106.102506,20.997302],[106.097825,21.001367],[106.096708,21.000994],[106.095112,21.001913],[106.095604,21.00306],[106.092747,21.005469],[106.091776,21.005382],[106.090071,21.006524],[106.088723,21.006288],[106.087752,21.004351],[106.085677,21.005568],[106.084919,21.004752],[106.083841,21.004652],[106.082418,21.001101],[106.083323,21.000605],[106.082711,20.999313],[106.081846,20.999363],[106.079878,20.996091],[106.078579,20.996625],[106.076717,20.995011],[106.075852,20.995731],[106.076192,20.996339],[106.075314,20.996873],[106.074782,20.996227],[106.069918,20.99824],[106.067227,21.000604],[106.065291,21.000925],[106.061294,21.000438],[106.05694,21.000542],[106.056208,21.002426],[106.055498,21.00341],[106.054345,21.004084],[106.055443,21.005326],[106.05511,21.006455],[106.05369,21.006382],[106.052947,21.005885],[106.051251,21.007324],[106.048845,21.005746],[106.050263,21.00363],[106.048027,21.003599],[106.047376,21.004144],[106.04306,21.002913],[106.042075,21.003365],[106.037826,21.000371],[106.037292,20.998392],[106.035706,20.998128],[106.035823,20.99752],[106.034989,20.997208],[106.034705,20.997582],[106.03347,20.997006],[106.033053,20.996086],[106.032119,20.995712],[106.031484,20.995899],[106.031067,20.994808],[106.029916,20.994964],[106.030033,20.993983],[106.029298,20.99325],[106.028664,20.993079],[106.027438,20.993889],[106.026453,20.993811],[106.024426,20.995712],[106.02214,20.994544],[106.020556,20.995323],[106.020523,20.995806],[106.019555,20.997504],[106.018048,20.997348],[106.01688,21.00223],[106.015612,21.002246],[106.013876,21.001467],[106.012691,21.002417],[106.01169,21.001841],[106.011112,20.998935],[106.005689,20.998265],[106.005272,20.999792],[106.003803,21.000431],[106.003736,21.001132],[106.002776,21.001191],[106.000995,21.000288],[105.994241,21.001249],[105.993812,21.00033],[105.9917,21.000915],[105.990859,20.998826],[105.99,20.997907],[105.98932,20.998359],[105.988246,20.997239],[105.985043,20.996187],[105.982358,20.996721],[105.980024,20.997683],[105.977805,20.998936],[105.976677,20.997917],[105.975532,20.998451],[105.974744,20.997248],[105.972901,20.996213],[105.972346,20.996881],[105.971809,20.996764],[105.972131,20.996079],[105.971272,20.994687],[105.972239,20.993033],[105.972114,20.989501],[105.968964,20.988481],[105.96653,20.991088],[105.965922,20.990804],[105.965653,20.991054],[105.964347,20.990887],[105.962088,20.989676],[105.961444,20.988139],[105.964111,20.984214],[105.964755,20.984732],[105.965167,20.984398],[105.964254,20.982844],[105.963484,20.982125],[105.962088,20.982376],[105.961927,20.981139],[105.962889,20.980634],[105.961709,20.976263],[105.963123,20.975461],[105.962335,20.973706],[105.964798,20.972598],[105.964279,20.970693],[105.964637,20.963272],[105.964279,20.963055],[105.960717,20.965077],[105.960109,20.964593],[105.959465,20.964826],[105.959142,20.965829],[105.954951,20.966255],[105.955181,20.96818],[105.952769,20.968537],[105.951905,20.96804],[105.949287,20.967337],[105.948163,20.967724],[105.948731,20.968376],[105.948491,20.969222],[105.938552,20.967857],[105.938148,20.96914],[105.936199,20.969624],[105.932071,20.973375],[105.930096,20.972631],[105.924804,20.975078],[105.924717,20.975944],[105.922186,20.976382],[105.922589,20.975119],[105.919754,20.975231],[105.919907,20.976331],[105.918602,20.976324],[105.918205,20.975159],[105.915772,20.97517],[105.915784,20.973806],[105.915141,20.973612],[105.915106,20.972121],[105.912634,20.97221],[105.912564,20.972161],[105.911912,20.968592],[105.909851,20.965354],[105.907532,20.961383],[105.90646,20.957958],[105.903942,20.95404],[105.904735,20.950992],[105.904035,20.945703],[105.914574,20.937249],[105.909711,20.929225]]]},"properties":{"npp":"NPP Hưng Thịnh"}},{"type":"Feature","geometry":{"type":"Polygon","coordinates":[[[106.294673,21.027049],[106.295489,21.023127],[106.294297,21.019492],[106.287767,21.015163],[106.283178,21.011738],[106.277632,21.007991],[106.275349,21.006348],[106.272413,21.001056],[106.272489,20.996138],[106.272836,20.991749],[106.266503,20.988047],[106.262646,20.988667],[106.262314,20.989692],[106.261216,20.990313],[106.258371,20.990381],[106.257939,20.992927],[106.256177,20.993144],[106.252719,20.996589],[106.250691,20.996527],[106.246244,20.997481],[106.244972,20.99153],[106.242313,20.992461],[106.240384,20.991344],[106.23809,20.993889],[106.237159,20.992834],[106.236262,20.994727],[106.233103,20.995534],[106.231984,20.993612],[106.230905,20.992862],[106.229905,20.992727],[106.229431,20.994657],[106.228996,20.994706],[106.227851,20.994313],[106.225732,20.9943],[106.220538,20.995824],[106.220183,20.995296],[106.220706,20.993765],[106.220373,20.991095],[106.221262,20.990644],[106.221341,20.989993],[106.217774,20.989341],[106.216826,20.988715],[106.214954,20.988674],[106.213724,20.98675],[106.211097,20.986129],[106.210268,20.985194],[106.204883,20.983246],[106.202936,20.983086],[106.19198,20.978682],[106.18998,20.97903],[106.187648,20.981155],[106.187298,20.979553],[106.18601,20.978455],[106.184214,20.97807],[106.182335,20.978664],[106.180585,20.977375],[106.178728,20.977097],[106.178299,20.975982],[106.17787,20.97586],[106.177739,20.974693],[106.175603,20.975493],[106.174291,20.973944],[106.171828,20.972689],[106.167491,20.968633],[106.166327,20.969967],[106.167215,20.971326],[106.163003,20.975928],[106.169586,20.985551],[106.166072,20.988943],[106.164842,20.98767],[106.158824,20.990122],[106.15653,20.98857],[106.151381,20.988675],[106.149021,20.990196],[106.149054,20.991996],[106.145762,20.994262],[106.141814,20.997764],[106.137658,21.001241],[106.131773,20.999006],[106.131308,20.995219],[106.128666,20.992794],[106.129497,20.991273],[106.129531,20.987144],[106.127083,20.983572],[106.128378,20.980923],[106.12984,20.981657],[106.131264,20.979978],[106.132126,20.980258],[106.132876,20.979453],[106.131939,20.978438],[106.133288,20.979208],[106.137576,20.974473],[106.136623,20.97172],[106.13372,20.969661],[106.13415,20.965736],[106.132955,20.965439],[106.135095,20.960158],[106.140281,20.960251],[106.145422,20.958509],[106.148527,20.958109],[106.148315,20.960666],[106.150002,20.960666],[106.150588,20.956184],[106.153248,20.957147],[106.15483,20.954611],[106.158741,20.950952],[106.157678,20.949116],[106.15764,20.949046],[106.157978,20.948836],[106.156913,20.947412],[106.155017,20.946666],[106.15468,20.945196],[106.152169,20.945441],[106.151981,20.944356],[106.150263,20.943779],[106.150557,20.942361],[106.152458,20.941978],[106.151457,20.934942],[106.152131,20.933927],[106.150407,20.933087],[106.150257,20.930321],[106.148526,20.929538],[106.148646,20.927906],[106.149258,20.924352],[106.151419,20.924721],[106.152581,20.923495],[106.153945,20.92311],[106.154444,20.921682],[106.153646,20.920843],[106.155076,20.917769],[106.152707,20.916474],[106.151062,20.915843],[106.14893,20.914863],[106.147141,20.913797],[106.145096,20.912332],[106.142856,20.907683],[106.140142,20.905748],[106.13592,20.904444],[106.135355,20.902549],[106.137649,20.898883],[106.137882,20.893044],[106.142624,20.892395],[106.145129,20.891429],[106.146958,20.888229],[106.146713,20.881118],[106.143289,20.877888],[106.143929,20.87531],[106.142765,20.873011],[106.143497,20.871334],[106.141668,20.869532],[106.141839,20.863239],[106.141801,20.858514],[106.139273,20.855285],[106.136842,20.851528],[106.121557,20.85021],[106.128397,20.846033],[106.128765,20.836881],[106.124622,20.833284],[106.128878,20.82984],[106.130732,20.829187],[106.131685,20.82837],[106.134811,20.824432],[106.136915,20.823462],[106.139768,20.82032],[106.140801,20.81813],[106.140845,20.81456],[106.138429,20.8101],[106.137134,20.809206],[106.13261,20.809426],[106.130748,20.806473],[106.139024,20.799776],[106.140254,20.797414],[106.141717,20.797818],[106.142548,20.796139],[106.141584,20.793746],[106.146039,20.788586],[106.146548,20.786715],[106.154341,20.780582],[106.158401,20.780062],[106.160165,20.78068],[106.160606,20.783566],[106.163283,20.785091],[106.165699,20.784787],[106.171511,20.776805],[106.17457,20.778297],[106.176831,20.775873],[106.174029,20.772741],[106.176437,20.769451],[106.181083,20.763142],[106.184953,20.762983],[106.18595,20.765812],[106.189042,20.766652],[106.193431,20.765284],[106.196257,20.760372],[106.197055,20.756921],[106.204103,20.751543],[106.215588,20.750239],[106.21833,20.741794],[106.218959,20.736541],[106.218581,20.732035],[106.21379,20.732691],[106.211329,20.73123],[106.211928,20.72924],[106.219245,20.723938],[106.219977,20.721109],[106.223966,20.717159],[106.224452,20.711183],[106.22771,20.704496],[106.233207,20.702845],[106.244408,20.695438],[106.248981,20.695123],[106.24965,20.697678],[106.261047,20.703753],[106.266328,20.703897],[106.269563,20.699625],[106.27442,20.693161],[106.280505,20.692439],[106.293349,20.696374],[106.301485,20.689759],[106.321803,20.699858],[106.328252,20.706678],[106.333558,20.711138],[106.341211,20.710689],[106.344304,20.70481],[106.346942,20.701531],[106.350166,20.70037],[106.357828,20.700262],[106.364886,20.70503],[106.374893,20.711608],[106.384772,20.711369],[106.390887,20.712777],[106.39425,20.714611],[106.396869,20.718],[106.400279,20.72688],[106.40265,20.729098],[106.407535,20.728539],[106.413813,20.735683],[106.43074,20.730667],[106.434963,20.723764],[106.43677,20.719998],[106.4441,20.724804],[106.44708,20.736546],[106.453547,20.731298],[106.450884,20.722403],[106.458909,20.721418],[106.465566,20.727052],[106.4636,20.733937],[106.451902,20.740786],[106.456545,20.74462],[106.46539,20.742189],[106.473982,20.753929],[106.479496,20.750401],[106.489577,20.751054],[106.498105,20.759799],[106.492471,20.762709],[106.495388,20.769883],[106.496164,20.779204],[106.490236,20.792363],[106.484593,20.799506],[106.495387,20.807826],[106.502868,20.807975],[106.504105,20.804389],[106.508765,20.801366],[106.5164,20.81383],[106.514212,20.821979],[106.496173,20.819727],[106.487645,20.822038],[106.495573,20.83216],[106.497063,20.841256],[106.489029,20.846213],[106.477387,20.858701],[106.473354,20.871019],[106.470053,20.877556],[106.463241,20.880053],[106.462324,20.875745],[106.458881,20.872019],[106.455106,20.862055],[106.443471,20.859589],[106.440615,20.84884],[106.432125,20.843747],[106.430059,20.851359],[106.426338,20.850551],[106.429011,20.860107],[106.428041,20.861478],[106.422696,20.861405],[106.422088,20.86352],[106.425442,20.864303],[106.425311,20.869445],[106.424891,20.870351],[106.425966,20.873827],[106.423298,20.876423],[106.420914,20.875714],[106.41583,20.877892],[106.417088,20.880365],[106.422905,20.879288],[106.423901,20.883472],[106.417855,20.887095],[106.416414,20.891719],[106.414842,20.890911],[106.413506,20.894363],[106.416807,20.895405],[106.419139,20.898979],[106.415026,20.903203],[106.4161,20.905259],[106.419165,20.905038],[106.419506,20.906482],[106.417646,20.907217],[106.415392,20.906874],[106.414187,20.907878],[106.415759,20.909934],[106.415995,20.913006],[106.416729,20.915478],[106.414694,20.918314],[106.41155,20.917384],[106.40252,20.917458],[106.397466,20.917849],[106.396654,20.918877],[106.396129,20.920517],[106.396051,20.925591],[106.397256,20.931049],[106.39854,20.932964],[106.401448,20.935191],[106.404016,20.937956],[106.404435,20.939596],[106.403518,20.941554],[106.401737,20.942165],[106.3993,20.940819],[106.396309,20.937393],[106.39361,20.935118],[106.392038,20.934383],[106.390361,20.934653],[106.389392,20.93546],[106.388815,20.936806],[106.388344,20.940159],[106.386195,20.946135],[106.385252,20.947897],[106.385461,20.949169],[106.386274,20.950658],[106.390335,20.952787],[106.39175,20.953961],[106.39492,20.958012],[106.395313,20.959823],[106.394422,20.965396],[106.393427,20.966668],[106.388003,20.967573],[106.384981,20.968919],[106.382414,20.971026],[106.38561,20.97357],[106.387549,20.974084],[106.388597,20.979722],[106.38768,20.986303],[106.383078,20.987159],[106.3777,20.983906],[106.375106,20.987331],[106.373325,20.985018],[106.374923,20.982473],[106.37225,20.980062],[106.372381,20.975565],[106.369945,20.972234],[106.370128,20.970497],[106.366905,20.9646],[106.366093,20.964552],[106.364757,20.966142],[106.361415,20.964233],[106.35814,20.964967],[106.360315,20.970546],[106.35739,20.971769],[106.354272,20.96827],[106.351962,20.969029],[106.351385,20.96668],[106.348687,20.966582],[106.34908,20.964087],[106.342645,20.963989],[106.341678,20.970589],[106.340263,20.969537],[106.337916,20.970198],[106.33713,20.974553],[106.33975,20.974871],[106.340038,20.9758],[106.338256,20.977758],[106.339016,20.981452],[106.332754,20.983262],[106.332492,20.981843],[106.325798,20.983678],[106.323204,20.976608],[106.326138,20.975776],[106.323862,20.970491],[106.315582,20.971959],[106.315084,20.970075],[106.312071,20.970956],[106.312805,20.977555],[106.304708,20.982474],[106.304577,20.987177],[106.301381,20.987324],[106.300071,20.990625],[106.300411,20.99378],[106.297896,20.996691],[106.300935,20.997553],[106.306569,21.002054],[106.311652,21.000684],[106.314403,21.001858],[106.320062,21.001442],[106.3198,21.002739],[106.323207,21.003668],[106.324071,21.005234],[106.320665,21.00823],[106.319643,21.011229],[106.311678,21.012917],[106.312307,21.013548],[106.310577,21.016312],[106.308219,21.015407],[106.30725,21.016923],[106.304289,21.015602],[106.303005,21.016263],[106.301748,21.016287],[106.301721,21.017363],[106.300647,21.018122],[106.300673,21.01888],[106.301407,21.018929],[106.302586,21.022842],[106.303687,21.022842],[106.304237,21.025728],[106.305442,21.025826],[106.305468,21.026706],[106.294673,21.027049]]]},"properties":{"npp":"NPP Tân Thúy"}},{"type":"Feature","geometry":{"type":"Polygon","coordinates":[[[105.871065,20.956565],[105.879201,20.951199],[105.886124,20.945554],[105.881653,20.930529],[105.909373,20.925943],[105.909711,20.929225],[105.914574,20.937249],[105.904035,20.945703],[105.904735,20.950992],[105.903942,20.95404],[105.90646,20.957958],[105.907532,20.961383],[105.909851,20.965354],[105.911912,20.968592],[105.912564,20.972161],[105.906226,20.976284],[105.906575,20.989976],[105.878047,21.006297],[105.871299,20.999684],[105.86223,20.996312],[105.858064,20.995187],[105.847281,20.996296],[105.841246,20.997768],[105.83066,21.000256],[105.820336,21.003189],[105.818097,21.001649],[105.803325,20.99148],[105.809931,20.982407],[105.806474,20.980109],[105.808715,20.977005],[105.806983,20.973359],[105.817779,20.966973],[105.819222,20.967836],[105.821601,20.971718],[105.825038,20.97072],[105.823945,20.967991],[105.818962,20.963749],[105.813258,20.960488],[105.813393,20.959737],[105.814149,20.959515],[105.81579,20.959881],[105.817632,20.959726],[105.821369,20.957107],[105.825973,20.956355],[105.828212,20.954782],[105.830254,20.953288],[105.832802,20.952151],[105.836513,20.952502],[105.839843,20.954235],[105.841068,20.95421],[105.842351,20.953449],[105.842745,20.951634],[105.842886,20.951094],[105.846161,20.951542],[105.847564,20.952119],[105.847941,20.949954],[105.848903,20.947857],[105.850366,20.947414],[105.85241,20.946978],[105.854248,20.947177],[105.858855,20.945064],[105.864005,20.943243],[105.863929,20.946071],[105.864251,20.946576],[105.864483,20.947332],[105.864285,20.947898],[105.864762,20.949293],[105.866255,20.950011],[105.866296,20.951112],[105.867815,20.953776],[105.869506,20.954343],[105.871065,20.956565]]]},"properties":{"npp":"NPP Long Hải"}},{"type":"Feature","geometry":{"type":"Polygon","coordinates":[[[106.181616,20.22776],[106.189361,20.233339],[106.196934,20.221021],[106.196685,20.206908],[106.240351,20.23568],[106.250611,20.244679],[106.255197,20.250479],[106.263806,20.25051],[106.274176,20.239726],[106.277372,20.237135],[106.285116,20.237946],[106.318479,20.262824],[106.327652,20.284777],[106.330322,20.294786],[106.325857,20.298543],[106.316663,20.295895],[106.312048,20.299538],[106.311554,20.332142],[106.320229,20.343555],[106.317124,20.345784],[106.290262,20.3374],[106.277109,20.328381],[106.263968,20.326434],[106.252498,20.338068],[106.25321,20.355332],[106.278745,20.374465],[106.287831,20.388051],[106.279367,20.402671],[106.225627,20.406998],[106.209018,20.422913],[106.223756,20.452227],[106.225127,20.473933],[106.19514,20.479051],[106.183086,20.484541],[106.180155,20.47992],[106.177951,20.479951],[106.175139,20.475606],[106.172435,20.47351],[106.170556,20.472811],[106.161041,20.472748],[106.156501,20.472154],[106.149682,20.468592],[106.147264,20.468659],[106.143858,20.470285],[106.140853,20.474695],[106.138739,20.479873],[106.138839,20.484403],[106.140742,20.494693],[106.135071,20.495016],[106.130263,20.499425],[106.128494,20.499117],[106.127993,20.49771],[106.124788,20.496209],[106.114338,20.496365],[106.113437,20.494833],[106.11347,20.493175],[106.111968,20.491549],[106.10943,20.48969],[106.101212,20.48892],[106.099791,20.486935],[106.101364,20.485066],[106.102408,20.481413],[106.099476,20.480706],[106.099905,20.479602],[106.098417,20.478561],[106.104459,20.470612],[106.105209,20.468169],[106.105205,20.465532],[106.101806,20.458582],[106.100959,20.455517],[106.098364,20.455412],[106.09191,20.456762],[106.08844,20.459568],[106.086518,20.464594],[106.085577,20.465823],[106.084487,20.465583],[106.08323,20.462603],[106.080706,20.461729],[106.078788,20.46158],[106.076755,20.462972],[106.075659,20.467567],[106.074664,20.46858],[106.07129,20.468242],[106.065417,20.465417],[106.064442,20.466047],[106.05935,20.472254],[106.056537,20.473354],[106.047415,20.472852],[106.044807,20.471328],[106.043443,20.469894],[106.043403,20.464311],[106.041433,20.458184],[106.042408,20.451663],[106.04222,20.4506],[106.038352,20.446669],[106.036922,20.446341],[106.03193,20.446764],[106.030033,20.446765],[106.029103,20.445707],[106.028972,20.444966],[106.030056,20.442496],[106.030161,20.440371],[106.028995,20.437707],[106.025289,20.433664],[106.023994,20.430737],[106.023447,20.428093],[106.023874,20.424571],[106.019502,20.416453],[106.020127,20.412306],[106.020798,20.411315],[106.023886,20.410354],[106.024537,20.408965],[106.024546,20.405639],[106.02517,20.404799],[106.028056,20.402764],[106.028671,20.401546],[106.02207,20.402718],[106.020255,20.402612],[106.016212,20.400694],[106.01442,20.399613],[106.01266,20.399832],[106.004958,20.402623],[106.003482,20.401532],[106.003055,20.400895],[106.003159,20.398454],[106.002834,20.397162],[106.001994,20.396424],[106.000476,20.396298],[105.995867,20.395456],[105.99567,20.396934],[105.997024,20.397883],[105.997024,20.398607],[105.995986,20.399236],[105.995809,20.400043],[105.994784,20.400173],[105.994202,20.399117],[105.992961,20.401113],[105.992467,20.403529],[105.989466,20.403878],[105.989658,20.407765],[105.989444,20.410262],[105.991171,20.410614],[105.990518,20.417983],[105.991269,20.418633],[105.993496,20.425757],[105.994418,20.425574],[105.99457,20.428122],[105.994044,20.428333],[105.993987,20.429619],[105.986524,20.429419],[105.986097,20.431521],[105.983119,20.431537],[105.981889,20.434861],[105.981759,20.440259],[105.980437,20.44038],[105.979911,20.441371],[105.978397,20.441316],[105.978264,20.439519],[105.976615,20.438865],[105.976879,20.433383],[105.973864,20.425681],[105.973961,20.423404],[105.968874,20.424097],[105.968845,20.425576],[105.965095,20.425929],[105.964598,20.425101],[105.964033,20.425101],[105.963729,20.423405],[105.962803,20.423635],[105.9626,20.422279],[105.961224,20.422048],[105.96092,20.421003],[105.959704,20.420827],[105.959385,20.420108],[105.958647,20.419538],[105.957561,20.417054],[105.958111,20.415331],[105.955636,20.414981],[105.948372,20.412993],[105.948962,20.409516],[105.949523,20.40884],[105.950623,20.403613],[105.94878,20.40264],[105.942574,20.398442],[105.94203,20.400416],[105.939055,20.398355],[105.931571,20.397585],[105.928144,20.399009],[105.926832,20.399227],[105.923721,20.395529],[105.924801,20.3915],[105.925402,20.383826],[105.92683,20.379629],[105.928637,20.377307],[105.931856,20.375174],[105.934059,20.37501],[105.936281,20.37602],[105.937062,20.37535],[105.937094,20.374392],[105.936091,20.37255],[105.935113,20.371225],[105.934896,20.367733],[105.937826,20.363731],[105.937307,20.35651],[105.945859,20.354613],[105.953655,20.35527],[105.952108,20.342745],[105.942384,20.33223],[105.935735,20.329066],[105.939597,20.324645],[105.970147,20.310395],[105.986089,20.29002],[105.986476,20.28156],[105.9806,20.264307],[106.001849,20.251187],[106.029106,20.249983],[106.042475,20.255745],[106.049752,20.248412],[106.048345,20.241491],[106.04001,20.240114],[106.031017,20.240496],[106.028753,20.235164],[106.035685,20.22443],[106.050652,20.216093],[106.066435,20.220856],[106.079738,20.23424],[106.086918,20.253415],[106.095318,20.25501],[106.096699,20.250827],[106.117674,20.26907],[106.137588,20.26818],[106.144702,20.279758],[106.140198,20.294017],[106.144373,20.306625],[106.181701,20.302063],[106.181616,20.22776]]]},"properties":{"npp":"NPP Thái Hoà"}},{"type":"Feature","geometry":{"type":"Polygon","coordinates":[[[106.596571,20.471684],[106.573155,20.476592],[106.558946,20.472],[106.521886,20.444718],[106.513926,20.44244],[106.504528,20.445844],[106.497147,20.452651],[106.486408,20.452783],[106.474078,20.4498],[106.468926,20.451481],[106.469488,20.457129],[106.476511,20.467671],[106.47965,20.483091],[106.476444,20.495579],[106.470737,20.503864],[106.464498,20.503151],[106.4526,20.490976],[106.450584,20.486574],[106.446513,20.485523],[106.441107,20.488572],[106.438178,20.494345],[106.432338,20.492599],[106.425,20.48647],[106.410709,20.483012],[106.402739,20.482781],[106.378206,20.489507],[106.374067,20.502143],[106.368113,20.500968],[106.364366,20.505742],[106.359402,20.500807],[106.350172,20.510537],[106.342503,20.511437],[106.334743,20.507037],[106.324464,20.506912],[106.317064,20.506057],[106.307972,20.507411],[106.297798,20.512242],[106.290244,20.512463],[106.28737,20.508427],[106.291214,20.498597],[106.288018,20.493555],[106.284252,20.492557],[106.274761,20.498781],[106.271888,20.503039],[106.264622,20.500776],[106.256269,20.502735],[106.249255,20.507455],[106.250652,20.514009],[106.238474,20.517403],[106.222278,20.512201],[106.216515,20.512735],[106.209076,20.516546],[106.200098,20.516529],[106.194011,20.521285],[106.189693,20.521731],[106.185337,20.518809],[106.180383,20.51921],[106.180912,20.485715],[106.183086,20.484541],[106.19514,20.479051],[106.225127,20.473933],[106.223756,20.452227],[106.209018,20.422913],[106.225627,20.406998],[106.279367,20.402671],[106.287831,20.388051],[106.278745,20.374465],[106.25321,20.355332],[106.252498,20.338068],[106.263968,20.326434],[106.277109,20.328381],[106.290262,20.3374],[106.341378,20.378121],[106.342709,20.375725],[106.35864,20.351175],[106.377917,20.343885],[106.392881,20.343417],[106.415834,20.322391],[106.434754,20.297682],[106.460337,20.288304],[106.487355,20.296067],[106.49911,20.3089],[106.514821,20.309724],[106.527845,20.316713],[106.595603,20.246615],[106.61193,20.276834],[106.609526,20.295274],[106.579472,20.367129],[106.608379,20.424571],[106.60673,20.467318],[106.596571,20.471684]]]},"properties":{"npp":"NPP Hải Hằng"}},{"type":"Feature","geometry":{"type":"Polygon","coordinates":[[[106.185337,20.518809],[106.189693,20.521731],[106.194011,20.521285],[106.200098,20.516529],[106.209076,20.516546],[106.216515,20.512735],[106.222278,20.512201],[106.238474,20.517403],[106.250652,20.514009],[106.249255,20.507455],[106.256269,20.502735],[106.264622,20.500776],[106.271888,20.503039],[106.274761,20.498781],[106.284252,20.492557],[106.288018,20.493555],[106.291214,20.498597],[106.28737,20.508427],[106.290244,20.512463],[106.297798,20.512242],[106.307972,20.507411],[106.317064,20.506057],[106.324464,20.506912],[106.334743,20.507037],[106.342503,20.511437],[106.350172,20.510537],[106.359402,20.500807],[106.364366,20.505742],[106.368113,20.500968],[106.374067,20.502143],[106.378206,20.489507],[106.402739,20.482781],[106.410709,20.483012],[106.425,20.48647],[106.432338,20.492599],[106.438178,20.494345],[106.441107,20.488572],[106.446513,20.485523],[106.450584,20.486574],[106.4526,20.490976],[106.464498,20.503151],[106.470737,20.503864],[106.476444,20.495579],[106.47965,20.483091],[106.476511,20.467671],[106.469488,20.457129],[106.468926,20.451481],[106.474078,20.4498],[106.486408,20.452783],[106.497147,20.452651],[106.504528,20.445844],[106.513926,20.44244],[106.521886,20.444718],[106.558946,20.472],[106.573155,20.476592],[106.596571,20.471684],[106.60673,20.467318],[106.60785,20.505789],[106.583822,20.505082],[106.591496,20.565301],[106.649761,20.619879],[106.634953,20.627656],[106.6276,20.627161],[106.621827,20.624805],[106.614089,20.625609],[106.610477,20.627348],[106.60629,20.631184],[106.6015,20.63969],[106.593257,20.63679],[106.590892,20.634425],[106.588679,20.631385],[106.58594,20.627475],[106.571301,20.620832],[106.568521,20.619407],[106.565499,20.620312],[106.56113,20.625487],[106.557116,20.626894],[106.550662,20.627346],[106.548437,20.627414],[106.545899,20.626599],[106.543706,20.62373],[106.542207,20.623097],[106.541537,20.621868],[106.542021,20.614108],[106.539927,20.607979],[106.534185,20.604698],[106.528995,20.602598],[106.523894,20.602485],[106.519326,20.602508],[106.518383,20.607938],[106.516533,20.610758],[106.512544,20.613201],[106.507694,20.614729],[106.502642,20.615385],[106.493996,20.616496],[106.492908,20.616519],[106.491264,20.614279],[106.489452,20.608765],[106.486358,20.604579],[106.482683,20.600122],[106.481596,20.598923],[106.478308,20.598357],[106.472168,20.59795],[106.470476,20.599036],[106.469872,20.602746],[106.469728,20.607068],[106.46748,20.611864],[106.465135,20.614722],[106.462065,20.616623],[106.459334,20.617754],[106.453345,20.618989],[106.451,20.61951],[106.450203,20.620912],[106.450227,20.622541],[106.45287,20.627314],[106.454792,20.631811],[106.455511,20.637358],[106.454593,20.64005],[106.447982,20.646805],[106.442862,20.653604],[106.439873,20.657508],[106.437246,20.659669],[106.428818,20.665128],[106.425768,20.669103],[106.423547,20.673025],[106.420212,20.676712],[106.405472,20.687554],[106.40099,20.68774],[106.400458,20.68912],[106.401232,20.691743],[106.405859,20.697462],[106.410083,20.703211],[106.411745,20.705063],[106.415028,20.707041],[106.417353,20.707708],[106.420447,20.707776],[106.421511,20.709743],[106.420882,20.713089],[106.419258,20.715397],[106.415829,20.717725],[106.412381,20.720076],[106.409014,20.722175],[106.408279,20.7247],[106.407535,20.728539],[106.40265,20.729098],[106.400279,20.72688],[106.396869,20.718],[106.39425,20.714611],[106.390887,20.712777],[106.384772,20.711369],[106.374893,20.711608],[106.364886,20.70503],[106.357828,20.700262],[106.350166,20.70037],[106.346942,20.701531],[106.344304,20.70481],[106.341211,20.710689],[106.333558,20.711138],[106.328252,20.706678],[106.321803,20.699858],[106.301485,20.689759],[106.293349,20.696374],[106.280505,20.692439],[106.27442,20.693161],[106.269563,20.699625],[106.266328,20.703897],[106.261047,20.703753],[106.24965,20.697678],[106.248981,20.695123],[106.249002,20.69511],[106.254381,20.688983],[106.268453,20.687569],[106.268829,20.681718],[106.242587,20.670761],[106.236584,20.664897],[106.232935,20.65916],[106.222138,20.657063],[106.216269,20.65434],[106.224999,20.643221],[106.223496,20.641224],[106.20264,20.643765],[106.182032,20.656745],[106.173496,20.658016],[106.170392,20.655434],[106.170392,20.648627],[106.168646,20.645586],[106.162147,20.645087],[106.145663,20.659541],[106.13576,20.658661],[106.125842,20.647069],[106.114641,20.646189],[106.109872,20.640037],[106.12473,20.633867],[106.128578,20.627785],[106.121173,20.61746],[106.136903,20.569214],[106.167444,20.55983],[106.180383,20.51921],[106.185337,20.518809]]]},"properties":{"npp":"NPP Sơn Lâm"}},{"type":"Feature","geometry":{"type":"Polygon","coordinates":[[[106.547677,20.869028],[106.537878,20.867951],[106.534883,20.86566],[106.534778,20.860518],[106.532315,20.854666],[106.527822,20.851336],[106.524337,20.851018],[106.523079,20.852841],[106.525283,20.862237],[106.515134,20.862334],[106.508335,20.864185],[106.504205,20.861682],[106.503122,20.855748],[106.501026,20.852834],[106.498903,20.853226],[106.498695,20.858614],[106.494623,20.866554],[106.492754,20.867729],[106.481719,20.863703],[106.477387,20.858701],[106.489029,20.846213],[106.497063,20.841256],[106.495573,20.83216],[106.487645,20.822038],[106.496173,20.819727],[106.514212,20.821979],[106.5164,20.81383],[106.508765,20.801366],[106.504105,20.804389],[106.502868,20.807975],[106.495387,20.807826],[106.484593,20.799506],[106.490236,20.792363],[106.496164,20.779204],[106.495388,20.769883],[106.492471,20.762709],[106.498105,20.759799],[106.489577,20.751054],[106.479496,20.750401],[106.473982,20.753929],[106.46539,20.742189],[106.456545,20.74462],[106.451902,20.740786],[106.4636,20.733937],[106.465566,20.727052],[106.458909,20.721418],[106.450884,20.722403],[106.453547,20.731298],[106.44708,20.736546],[106.4441,20.724804],[106.43677,20.719998],[106.434963,20.723764],[106.43074,20.730667],[106.413813,20.735683],[106.407535,20.728539],[106.408279,20.7247],[106.409014,20.722175],[106.412381,20.720076],[106.415829,20.717725],[106.419258,20.715397],[106.420882,20.713089],[106.421511,20.709743],[106.420447,20.707776],[106.417353,20.707708],[106.415028,20.707041],[106.411745,20.705063],[106.410083,20.703211],[106.405859,20.697462],[106.401232,20.691743],[106.400458,20.68912],[106.40099,20.68774],[106.405472,20.687554],[106.420212,20.676712],[106.423547,20.673025],[106.425768,20.669103],[106.428818,20.665128],[106.437246,20.659669],[106.439873,20.657508],[106.442862,20.653604],[106.447982,20.646805],[106.454593,20.64005],[106.455511,20.637358],[106.454792,20.631811],[106.45287,20.627314],[106.450227,20.622541],[106.450203,20.620912],[106.451,20.61951],[106.453345,20.618989],[106.459334,20.617754],[106.462065,20.616623],[106.465135,20.614722],[106.46748,20.611864],[106.469728,20.607068],[106.469872,20.602746],[106.470476,20.599036],[106.472168,20.59795],[106.478308,20.598357],[106.481596,20.598923],[106.482683,20.600122],[106.486358,20.604579],[106.489452,20.608765],[106.491264,20.614279],[106.492908,20.616519],[106.493996,20.616496],[106.502642,20.615385],[106.507694,20.614729],[106.512544,20.613201],[106.516533,20.610758],[106.518383,20.607938],[106.519326,20.602508],[106.523894,20.602485],[106.528995,20.602598],[106.534185,20.604698],[106.539927,20.607979],[106.542021,20.614108],[106.541537,20.621868],[106.542207,20.623097],[106.543706,20.62373],[106.545899,20.626599],[106.548437,20.627414],[106.550662,20.627346],[106.557116,20.626894],[106.56113,20.625487],[106.565499,20.620312],[106.568521,20.619407],[106.571301,20.620832],[106.58594,20.627475],[106.588679,20.631385],[106.590892,20.634425],[106.593257,20.63679],[106.6015,20.63969],[106.60629,20.631184],[106.610477,20.627348],[106.614089,20.625609],[106.621827,20.624805],[106.6276,20.627161],[106.634953,20.627656],[106.649761,20.619879],[106.666559,20.611682],[106.828512,20.666533],[106.781743,20.776104],[106.760001,20.775308],[106.741028,20.774613],[106.734163,20.779081],[106.733606,20.786494],[106.732908,20.794006],[106.728669,20.798044],[106.718465,20.799552],[106.704672,20.80873],[106.703018,20.811933],[106.703222,20.816289],[106.703893,20.820602],[106.703049,20.825366],[106.699648,20.828296],[106.696292,20.827735],[106.694779,20.819776],[106.69317,20.816603],[106.691026,20.815285],[106.684467,20.815005],[106.671596,20.818363],[106.669596,20.82087],[106.670126,20.825233],[106.669346,20.831783],[106.661608,20.841112],[106.657432,20.843511],[106.653003,20.84372],[106.650405,20.841384],[106.649542,20.837672],[106.655909,20.83157],[106.655827,20.827303],[106.652481,20.825757],[106.643744,20.829875],[106.633403,20.825411],[106.628911,20.820166],[106.621673,20.816091],[106.607103,20.820594],[106.590348,20.823565],[106.586396,20.826798],[106.584571,20.832837],[106.584468,20.839043],[106.581721,20.84625],[106.582759,20.849851],[106.579969,20.850862],[106.564834,20.847826],[106.563086,20.848785],[106.562288,20.854575],[106.559242,20.856963],[106.556211,20.857162],[106.550412,20.8536],[106.548106,20.853241],[106.547012,20.854871],[106.549229,20.862992],[106.547677,20.869028]]]},"properties":{"npp":"NPP Hoàng Minh"}},{"type":"Feature","geometry":{"type":"Polygon","coordinates":[[[105.964928,17.503656],[106.09231,17.359407],[106.104288,17.352077],[106.113316,17.347187],[106.123581,17.338582],[106.134921,17.334086],[106.135488,17.32886],[106.139983,17.325261],[106.143806,17.324811],[106.141777,17.320936],[106.14475,17.318007],[106.142296,17.315664],[106.145175,17.311474],[106.164399,17.301873],[106.162606,17.298899],[106.166948,17.296555],[106.169968,17.297817],[106.176663,17.293771],[106.18379,17.287372],[106.188274,17.282775],[106.188974,17.279583],[106.195723,17.276518],[106.197233,17.273672],[106.201103,17.27232],[106.207788,17.270384],[106.214729,17.265637],[106.221502,17.260392],[106.224192,17.260212],[106.225844,17.256516],[106.232168,17.251062],[106.235877,17.249824],[106.245998,17.248743],[106.247295,17.245324],[106.251731,17.243025],[106.252533,17.250778],[106.261737,17.253032],[106.277479,17.261439],[106.282988,17.276112],[106.277265,17.294958],[106.303787,17.292924],[106.306651,17.252311],[106.314246,17.251749],[106.316522,17.243868],[106.308018,17.243613],[106.307215,17.2383],[106.333425,17.234724],[106.324716,17.218682],[106.305888,17.218785],[106.301395,17.209077],[106.325304,17.198296],[106.319314,17.194106],[106.326233,17.18128],[106.33784,17.167431],[106.355085,17.157892],[106.346901,17.148028],[106.354817,17.134585],[106.369891,17.123279],[106.372705,17.110653],[106.39894,17.093647],[106.414902,17.077727],[106.409908,17.068873],[106.401082,17.051589],[106.422514,17.0317],[106.426134,17.021605],[106.426295,17.006107],[106.439502,16.994074],[106.460202,16.99878],[106.46614,16.984303],[106.476784,16.981081],[106.493098,16.97663],[106.503795,16.972947],[106.514814,16.970593],[106.531943,16.977748],[106.537345,16.99289],[106.549953,16.997553],[106.591594,16.979614],[106.599693,16.949434],[106.617757,16.938749],[106.687334,16.956683],[106.702256,16.941214],[106.768044,16.923719],[106.773555,16.963586],[106.80146,16.991911],[106.810625,17.032399],[106.818941,17.040601],[106.834655,17.034016],[106.850901,17.032121],[106.855584,17.035523],[106.858961,17.035153],[106.8629,17.041333],[106.874897,17.053153],[106.875648,17.055961],[106.866501,17.064654],[106.858005,17.069917],[106.857543,17.073545],[106.875618,17.080778],[106.895586,17.090382],[106.908368,17.09846],[106.916498,17.102721],[106.926027,17.107577],[106.927736,17.106387],[106.936611,17.110087],[106.942525,17.114194],[106.948952,17.11718],[106.954158,17.120493],[106.954771,17.124166],[106.967984,17.137517],[106.968664,17.14035],[106.983583,17.156049],[106.984452,17.158891],[106.991179,17.165884],[106.639032,17.477624],[106.548347,17.620416],[106.516725,17.661348],[106.49836,17.647021],[106.484607,17.650543],[106.454483,17.653611],[106.443498,17.653685],[106.442399,17.658302],[106.435706,17.657492],[106.430761,17.653399],[106.40159,17.66387],[106.391999,17.648354],[106.388253,17.649877],[106.380411,17.64883],[106.378163,17.645878],[106.372469,17.647973],[106.371769,17.649686],[106.362684,17.649585],[106.36285,17.646149],[106.357192,17.644404],[106.357691,17.641232],[106.353253,17.642924],[106.351034,17.639805],[106.346817,17.642237],[106.344099,17.646466],[106.340049,17.647206],[106.334779,17.654693],[106.342157,17.6622],[106.339116,17.671041],[106.346439,17.671886],[106.351932,17.683779],[106.350988,17.693736],[106.344442,17.695427],[106.342611,17.70237],[106.311701,17.693235],[106.306042,17.697886],[106.298152,17.69667],[106.296155,17.701162],[106.29033,17.702272],[106.289942,17.699683],[106.279845,17.697991],[106.280122,17.702484],[106.247766,17.706294],[106.246157,17.703335],[106.237225,17.705766],[106.235633,17.709557],[106.162236,17.722557],[106.151474,17.72985],[106.139102,17.724037],[106.11526,17.722035],[106.109935,17.715218],[106.082522,17.709215],[106.079137,17.69447],[106.122369,17.66878],[106.088166,17.646164],[106.065958,17.653474],[106.017027,17.612817],[106.029504,17.580634],[106.039268,17.580158],[106.040661,17.554714],[106.033005,17.550006],[106.034059,17.5444],[106.019357,17.533079],[106.0203,17.530011],[106.001978,17.527417],[106.004942,17.521235],[105.986324,17.507543],[105.980211,17.509045],[105.964928,17.503656]]]},"properties":{"npp":"NPP Tân Bích An"}},{"type":"Feature","geometry":{"type":"Polygon","coordinates":[[[105.964928,17.503656],[105.980211,17.509045],[105.986324,17.507543],[106.004942,17.521235],[106.001978,17.527417],[106.0203,17.530011],[106.019357,17.533079],[106.034059,17.5444],[106.033005,17.550006],[106.040661,17.554714],[106.039268,17.580158],[106.029504,17.580634],[106.017027,17.612817],[106.065958,17.653474],[106.088166,17.646164],[106.122369,17.66878],[106.079137,17.69447],[106.082522,17.709215],[106.109935,17.715218],[106.11526,17.722035],[106.139102,17.724037],[106.151474,17.72985],[106.162236,17.722557],[106.18661,17.718666],[106.235633,17.709557],[106.237225,17.705766],[106.246157,17.703335],[106.247766,17.706294],[106.280122,17.702484],[106.279845,17.697991],[106.289942,17.699683],[106.29033,17.702272],[106.296155,17.701162],[106.298152,17.69667],[106.306042,17.697886],[106.311701,17.693235],[106.342611,17.70237],[106.344442,17.695427],[106.350988,17.693736],[106.351932,17.683779],[106.346439,17.671886],[106.339116,17.671041],[106.342157,17.6622],[106.334779,17.654693],[106.340049,17.647206],[106.344099,17.646466],[106.346817,17.642237],[106.351034,17.639805],[106.353253,17.642924],[106.357691,17.641232],[106.357192,17.644404],[106.36285,17.646149],[106.362684,17.649585],[106.371769,17.649686],[106.372469,17.647973],[106.378163,17.645878],[106.380411,17.64883],[106.388253,17.649877],[106.391999,17.648354],[106.40159,17.66387],[106.430761,17.653399],[106.435706,17.657492],[106.442399,17.658302],[106.443498,17.653685],[106.454483,17.653611],[106.484607,17.650543],[106.49836,17.647021],[106.516725,17.661348],[106.494685,17.704369],[106.452816,17.797251],[106.45471,17.872002],[106.542161,17.935781],[106.518586,17.962338],[106.494962,17.96061],[106.479578,17.953238],[106.471618,17.956145],[106.458866,17.954163],[106.450432,17.949475],[106.444691,17.952375],[106.444303,17.968516],[106.436044,17.972789],[106.422998,17.969725],[106.417206,17.97451],[106.408757,17.972634],[106.40064,17.981305],[106.38611,17.982851],[106.381334,17.986282],[106.376098,17.985364],[106.362279,17.990245],[106.350188,17.988892],[106.33925,17.991538],[106.324059,17.963952],[106.305983,17.962416],[106.297845,17.953829],[106.295355,17.944501],[106.292358,17.942713],[106.289157,17.942664],[106.284674,17.935437],[106.286914,17.926733],[106.291517,17.919809],[106.283658,17.910213],[106.276423,17.919342],[106.269998,17.919157],[106.263416,17.914093],[106.258951,17.918629],[106.253007,17.920369],[106.247927,17.92588],[106.240611,17.930424],[106.235751,17.927215],[106.223757,17.930225],[106.220353,17.92747],[106.206418,17.92512],[106.199607,17.916396],[106.189786,17.923301],[106.187751,17.920236],[106.182759,17.921101],[106.168172,17.913529],[106.045637,17.946219],[106.048979,17.961481],[106.047099,17.964622],[106.052942,17.968634],[106.054263,17.972645],[106.056092,17.972161],[106.059245,17.977093],[106.066602,17.981101],[106.068184,17.985597],[106.078337,17.987671],[106.066964,17.998921],[106.066985,18.002417],[106.050228,18.022288],[106.022374,18.02355],[106.016018,18.029895],[106.016129,18.034581],[105.995386,18.052006],[105.992789,18.057962],[105.987039,18.061861],[105.986164,18.06408],[105.97519,18.062875],[105.969565,18.056183],[105.965082,18.056534],[105.963203,18.059577],[105.950395,18.057807],[105.950392,18.065246],[105.945323,18.074339],[105.936381,18.082936],[105.933638,18.088876],[105.928411,18.087191],[105.919514,18.080811],[105.913017,18.086369],[105.895235,18.089894],[105.891069,18.085451],[105.887666,18.085065],[105.882543,18.080802],[105.881121,18.076601],[105.876247,18.073269],[105.873754,18.068439],[105.869489,18.066265],[105.849978,18.067336],[105.84814,18.064128],[105.843864,18.066551],[105.836854,18.064474],[105.833701,18.063123],[105.830504,18.063699],[105.826438,18.062247],[105.824155,18.059839],[105.819376,18.06037],[105.81267,18.052834],[105.833346,18.04527],[105.834813,18.04131],[105.833294,18.037107],[105.829852,18.032957],[105.826183,18.031781],[105.823534,18.033726],[105.820791,18.033822],[105.81688,18.038557],[105.806915,18.031452],[105.810448,18.02767],[105.809343,18.026122],[105.801808,18.026218],[105.797153,18.023649],[105.78856,18.025736],[105.777275,18.016972],[105.769793,18.024037],[105.756354,18.025978],[105.752708,18.031753],[105.750158,18.034237],[105.73947,18.037463],[105.730574,18.035336],[105.719965,18.021387],[105.721405,18.008557],[105.705623,17.992793],[105.643677,17.992601],[105.606847,17.89547],[105.638683,17.858716],[105.661913,17.852624],[105.679928,17.832542],[105.673054,17.79508],[105.701711,17.758924],[105.728023,17.743121],[105.727074,17.72122],[105.741297,17.716027],[105.749386,17.667123],[105.764794,17.664864],[105.769535,17.672543],[105.817891,17.642276],[105.827043,17.651995],[105.832495,17.629406],[105.838421,17.62805],[105.852406,17.63302],[105.850747,17.621273],[105.855251,17.617884],[105.860932,17.62105],[105.964928,17.503656]]]},"properties":{"npp":"NPP Thông Thơm"}},{"type":"Feature","geometry":{"type":"Polygon","coordinates":[[[107.384199,16.744949],[107.201494,16.907867],[107.13013,16.993714],[107.118382,17.086076],[106.991179,17.165884],[106.984452,17.158891],[106.983583,17.156049],[106.968664,17.14035],[106.967984,17.137517],[106.954771,17.124166],[106.954158,17.120493],[106.948952,17.11718],[106.942525,17.114194],[106.936611,17.110087],[106.927736,17.106387],[106.926027,17.107577],[106.916498,17.102721],[106.908368,17.09846],[106.895586,17.090382],[106.875618,17.080778],[106.857543,17.073545],[106.858005,17.069917],[106.866501,17.064654],[106.875648,17.055961],[106.874897,17.053153],[106.8629,17.041333],[106.858961,17.035153],[106.855584,17.035523],[106.850901,17.032121],[106.834655,17.034016],[106.818941,17.040601],[106.810625,17.032399],[106.80146,16.991911],[106.773555,16.963586],[106.768044,16.923719],[106.702256,16.941214],[106.687334,16.956683],[106.617757,16.938749],[106.599693,16.949434],[106.591594,16.979614],[106.549953,16.997553],[106.547479,16.926032],[106.545311,16.927287],[106.544984,16.927535],[106.54456,16.927714],[106.543871,16.927774],[106.541968,16.927655],[106.541359,16.927598],[106.540355,16.927385],[106.539687,16.927217],[106.538719,16.92696],[106.536879,16.926306],[106.535258,16.92526],[106.534496,16.925195],[106.53428,16.925196],[106.534079,16.925229],[106.533292,16.925359],[106.533109,16.925395],[106.532972,16.925434],[106.531705,16.925842],[106.530966,16.926342],[106.53034,16.926731],[106.529025,16.927153],[106.528214,16.927023],[106.528095,16.926989],[106.528016,16.92696],[106.527749,16.926786],[106.527696,16.926748],[106.527152,16.926297],[106.525091,16.926542],[106.523142,16.926632],[106.523036,16.92669],[106.522778,16.926688],[106.522653,16.926664],[106.522434,16.926579],[106.52231,16.926511],[106.522008,16.926317],[106.521735,16.926085],[106.521601,16.925963],[106.521476,16.925728],[106.521464,16.925665],[106.521469,16.925571],[106.521521,16.92542],[106.521747,16.925193],[106.522306,16.9248],[106.523259,16.923887],[106.523615,16.923535],[106.523754,16.923349],[106.523812,16.923172],[106.523818,16.922992],[106.523763,16.922789],[106.523652,16.922487],[106.523548,16.922302],[106.52336,16.922081],[106.523214,16.921938],[106.523025,16.921804],[106.522835,16.921729],[106.522623,16.921709],[106.522267,16.921748],[106.521768,16.921844],[106.521243,16.921975],[106.520921,16.92208],[106.520328,16.922295],[106.520108,16.922388],[106.520019,16.922429],[106.519776,16.922647],[106.519566,16.922842],[106.519448,16.922941],[106.519372,16.922985],[106.519287,16.922999],[106.519043,16.923001],[106.518425,16.923003],[106.518008,16.922992],[106.517763,16.922964],[106.517603,16.922922],[106.517514,16.922858],[106.517453,16.922786],[106.517437,16.922608],[106.517483,16.922422],[106.517561,16.922238],[106.517895,16.920732],[106.516982,16.91808],[106.516946,16.917978],[106.516819,16.91772],[106.516535,16.91723],[106.516295,16.916876],[106.516141,16.91666],[106.515923,16.916488],[106.515601,16.916286],[106.515262,16.916082],[106.514966,16.915868],[106.514681,16.915517],[106.514636,16.9154],[106.514616,16.91523],[106.514363,16.912093],[106.514304,16.911191],[106.514303,16.910959],[106.51433,16.910748],[106.515436,16.907109],[106.515627,16.90703],[106.51604,16.906828],[106.516354,16.906611],[106.516642,16.906364],[106.516847,16.90617],[106.516993,16.906001],[106.517212,16.905689],[106.5175,16.905253],[106.517786,16.90476],[106.517923,16.904508],[106.51843,16.903491],[106.518495,16.903331],[106.518584,16.902977],[106.518561,16.902864],[106.518494,16.9028],[106.518413,16.902766],[106.518325,16.902755],[106.518204,16.902778],[106.518072,16.90281],[106.517907,16.902879],[106.516592,16.901954],[106.515468,16.900027],[106.514836,16.898016],[106.515869,16.893984],[106.516189,16.892733],[106.516712,16.890695],[106.517646,16.890308],[106.519129,16.889696],[106.521382,16.888764],[106.522314,16.888378],[106.52589,16.886789],[106.529458,16.883997],[106.534589,16.877169],[106.536297,16.874808],[106.537055,16.874109],[106.538144,16.873374],[106.539258,16.872666],[106.540097,16.872216],[106.541057,16.871872],[106.541437,16.871765],[106.542345,16.871658],[106.543179,16.871541],[106.544267,16.871271],[106.544672,16.870927],[106.545535,16.869817],[106.5462,16.869374],[106.547136,16.869044],[106.547812,16.868935],[106.549182,16.867701],[106.55019,16.695332],[106.550706,16.694082],[106.551201,16.692944],[106.552887,16.688647],[106.554319,16.6856],[106.554941,16.683299],[106.554878,16.681937],[106.555026,16.680843],[106.555872,16.678332],[106.555944,16.676597],[106.556098,16.675088],[106.558402,16.671517],[106.559238,16.670305],[106.560416,16.668741],[106.561989,16.667641],[106.562364,16.667563],[106.563008,16.667186],[106.563329,16.66678],[106.563317,16.664917],[106.56326,16.664159],[106.563306,16.663523],[106.563534,16.663218],[106.564326,16.662762],[106.564682,16.662637],[106.564874,16.662377],[106.564818,16.660807],[106.564561,16.659963],[106.564639,16.658858],[106.564836,16.656636],[106.565169,16.65579],[106.565767,16.653985],[106.565765,16.653666],[106.565179,16.651028],[106.565058,16.650668],[106.563909,16.649659],[106.5624,16.648329],[106.561895,16.64714],[106.561909,16.646772],[106.562428,16.644667],[106.563262,16.642622],[106.563682,16.642124],[106.563972,16.641996],[106.565701,16.641343],[106.566537,16.641413],[106.56705,16.641459],[106.567569,16.64132],[106.570863,16.638962],[106.570957,16.638575],[106.571557,16.637728],[106.572548,16.636702],[106.573151,16.636327],[106.57376,16.635987],[106.57422,16.635584],[106.574843,16.634925],[106.575099,16.634476],[106.575108,16.634262],[106.575114,16.634114],[106.575071,16.633695],[106.575064,16.633623],[106.575111,16.633351],[106.575267,16.633101],[106.575562,16.632764],[106.575989,16.632345],[106.576878,16.631876],[106.577225,16.631777],[106.577522,16.631743],[106.577721,16.631741],[106.579095,16.631525],[106.580635,16.630415],[106.582653,16.629498],[106.584226,16.628529],[106.584856,16.628141],[106.585259,16.627861],[106.585997,16.627331],[106.587173,16.62593],[106.587534,16.625413],[106.58791,16.624855],[106.588055,16.624625],[106.588202,16.624344],[106.588866,16.621493],[106.588659,16.620729],[106.588641,16.620671],[106.589238,16.618932],[106.589268,16.618581],[106.589216,16.618262],[106.589015,16.617913],[106.588481,16.617407],[106.588015,16.617107],[106.586256,16.61644],[106.583114,16.615275],[106.582565,16.614896],[106.58174,16.61412],[106.581305,16.613565],[106.580685,16.612564],[106.580134,16.611155],[106.580111,16.61105],[106.580076,16.610755],[106.579995,16.610078],[106.579973,16.609408],[106.580094,16.608482],[106.580136,16.608162],[106.580362,16.607394],[106.580637,16.606689],[106.581361,16.605183],[106.581576,16.604914],[106.58255,16.603738],[106.583178,16.602982],[106.583917,16.60237],[106.584461,16.602046],[106.584889,16.601868],[106.585236,16.601833],[106.585633,16.601878],[106.58652,16.602127],[106.588411,16.60283],[106.589491,16.603397],[106.592077,16.605117],[106.595384,16.607103],[106.595832,16.607291],[106.596296,16.607368],[106.603777,16.608092],[106.605049,16.608156],[106.605738,16.60814],[106.606804,16.608101],[106.608066,16.607962],[106.609694,16.607783],[106.611317,16.607556],[106.613635,16.607138],[106.614758,16.606796],[106.614979,16.606728],[106.617928,16.605507],[106.62241,16.603508],[106.623342,16.603085],[106.623902,16.602828],[106.624166,16.602627],[106.624526,16.602296],[106.624721,16.601959],[106.624807,16.601368],[106.624721,16.601001],[106.624437,16.600605],[106.623954,16.600161],[106.623571,16.599877],[106.62322,16.599417],[106.622663,16.598444],[106.62229,16.597327],[106.622201,16.596957],[106.622135,16.596316],[106.622126,16.596153],[106.622535,16.589487],[106.622578,16.588983],[106.622724,16.588339],[106.622913,16.587795],[106.6236,16.58595],[106.624304,16.585045],[106.625755,16.583583],[106.626135,16.583287],[106.626547,16.583108],[106.627047,16.583029],[106.627302,16.583007],[106.627621,16.58302],[106.628102,16.583143],[106.628694,16.583399],[106.629041,16.583759],[106.629502,16.584342],[106.629711,16.584679],[106.629779,16.585014],[106.629825,16.585343],[106.629674,16.586383],[106.629636,16.586644],[106.629507,16.587044],[106.62923,16.587493],[106.629092,16.587678],[106.628887,16.588022],[106.628757,16.588311],[106.62876,16.588614],[106.628809,16.589093],[106.628945,16.589821],[106.629303,16.591276],[106.629472,16.591657],[106.629722,16.591959],[106.629972,16.592132],[106.630386,16.592257],[106.631205,16.59237],[106.631942,16.592402],[106.636505,16.592588],[106.642586,16.594651],[106.64319,16.594834],[106.643765,16.594915],[106.644658,16.594915],[106.645564,16.594779],[106.646009,16.594656],[106.646585,16.594332],[106.647122,16.593903],[106.647356,16.59356],[106.647965,16.592278],[106.648498,16.590755],[106.648611,16.590437],[106.649024,16.589643],[106.650955,16.586124],[106.651323,16.585549],[106.651739,16.584969],[106.65316,16.583623],[106.653673,16.583137],[106.654637,16.582503],[106.654999,16.582341],[106.655329,16.58229],[106.65561,16.582288],[106.656241,16.582538],[106.657092,16.583101],[106.657647,16.583501],[106.658462,16.583945],[106.66009,16.584806],[106.661849,16.585351],[106.66445,16.585248],[106.66492,16.585215],[106.665201,16.585117],[106.665385,16.58495],[106.665495,16.584683],[106.665441,16.584285],[106.665224,16.583967],[106.664482,16.58332],[106.662239,16.581102],[106.661437,16.58007],[106.660977,16.579053],[106.660552,16.578114],[106.660274,16.57652],[106.660204,16.57518],[106.660361,16.574188],[106.660731,16.572988],[106.661278,16.572154],[106.662211,16.571109],[106.666481,16.566731],[106.667109,16.566149],[106.667944,16.565683],[106.669133,16.564714],[106.669952,16.563798],[106.670531,16.562836],[106.670603,16.562457],[106.670616,16.562114],[106.670534,16.561303],[106.670381,16.560858],[106.670164,16.56054],[106.669898,16.560335],[106.669499,16.560163],[106.668688,16.559978],[106.667745,16.559889],[106.666777,16.559817],[106.665618,16.559571],[106.664275,16.559119],[106.661927,16.558021],[106.660265,16.556965],[106.659116,16.556],[106.657938,16.554929],[106.657491,16.554465],[106.650038,16.545874],[106.646045,16.538916],[106.645474,16.526168],[106.649059,16.520883],[106.650501,16.514331],[106.650393,16.513729],[106.650423,16.513362],[106.650773,16.512689],[106.651083,16.512255],[106.651935,16.511355],[106.652739,16.510726],[106.657217,16.507802],[106.658238,16.507315],[106.660158,16.506709],[106.662053,16.506183],[106.662317,16.506038],[106.662513,16.505765],[106.663458,16.504225],[106.663528,16.503762],[106.663426,16.503443],[106.661591,16.498598],[106.658719,16.495031],[106.660079,16.490686],[106.660206,16.484254],[106.659687,16.48346],[106.659408,16.482792],[106.65924,16.481747],[106.658829,16.476907],[106.658757,16.475607],[106.658713,16.474818],[106.658742,16.474434],[106.658839,16.474178],[106.65933,16.473584],[106.659757,16.473341],[106.660021,16.473307],[106.660699,16.473365],[106.661785,16.47382],[106.663296,16.474622],[106.665036,16.475901],[106.66628,16.476816],[106.667532,16.477399],[106.667889,16.477538],[106.669064,16.47772],[106.669708,16.47773],[106.670747,16.47755],[106.671292,16.477399],[106.67162,16.477157],[106.672173,16.476464],[106.672461,16.475898],[106.672702,16.475169],[106.672811,16.474434],[106.672762,16.473509],[106.672154,16.46849],[106.672064,16.467768],[106.671989,16.467287],[106.671844,16.466531],[106.671752,16.465751],[106.671706,16.464741],[106.671766,16.463563],[106.671841,16.462406],[106.671947,16.461085],[106.672112,16.459652],[106.672227,16.458689],[106.672305,16.458161],[106.673052,16.455376],[106.673444,16.454194],[106.67378,16.453503],[106.67427,16.452941],[106.674779,16.452508],[106.67496,16.452393],[106.675298,16.452326],[106.675755,16.452388],[106.67596,16.452449],[106.676674,16.452938],[106.677625,16.453967],[106.680174,16.457458],[106.680635,16.458268],[106.680885,16.458522],[106.68125,16.458694],[106.681582,16.458803],[106.681945,16.458832],[106.682539,16.458748],[106.682869,16.458617],[106.683263,16.458343],[106.683821,16.457908],[106.685699,16.456247],[106.686784,16.455198],[106.688245,16.45374],[106.68979,16.452158],[106.690202,16.451729],[106.690513,16.451344],[106.691129,16.450551],[106.691261,16.45009],[106.69126,16.449723],[106.691181,16.449408],[106.690833,16.449053],[106.690357,16.448621],[106.688822,16.447537],[106.687788,16.447101],[106.68691,16.447049],[106.686068,16.446745],[106.685479,16.446072],[106.68504,16.445422],[106.684633,16.444164],[106.68452,16.443432],[106.684641,16.442321],[106.68495,16.441103],[106.685358,16.440518],[106.685916,16.439897],[106.686666,16.439673],[106.687304,16.439631],[106.688246,16.439666],[106.6899,16.440155],[106.691208,16.440471],[106.693314,16.440871],[106.693583,16.440877],[106.694009,16.440794],[106.695019,16.440368],[106.695422,16.440117],[106.697895,16.438547],[106.698399,16.438144],[106.701757,16.436389],[106.706225,16.43543],[106.711139,16.434473],[106.712655,16.434307],[106.71373,16.434075],[106.714408,16.433817],[106.715684,16.433227],[106.71636,16.432767],[106.722019,16.428083],[106.723807,16.426489],[106.724214,16.426243],[106.724592,16.426179],[106.725197,16.426104],[106.725918,16.426413],[106.726445,16.426712],[106.727598,16.427641],[106.728183,16.428396],[106.728373,16.428942],[106.728378,16.429511],[106.728223,16.430057],[106.727998,16.430461],[106.727532,16.431193],[106.7259,16.432322],[106.723621,16.433945],[106.722463,16.434789],[106.722292,16.435188],[106.722282,16.435637],[106.722636,16.436453],[106.723038,16.436835],[106.724009,16.43759],[106.724928,16.438045],[106.728914,16.440002],[106.729844,16.440425],[106.73108,16.440876],[106.731656,16.440876],[106.732275,16.440724],[106.732719,16.440536],[106.733034,16.440335],[106.733585,16.439875],[106.734134,16.439225],[106.734304,16.438838],[106.734438,16.438234],[106.734447,16.437346],[106.734131,16.435937],[106.733615,16.433505],[106.732919,16.430177],[106.732546,16.428394],[106.73232,16.426303],[106.732453,16.425615],[106.733106,16.423735],[106.733614,16.422701],[106.736272,16.414414],[106.736303,16.413706],[106.736447,16.413033],[106.736649,16.412505],[106.736965,16.411963],[106.737278,16.411784],[106.7378,16.411678],[106.738055,16.411758],[106.738598,16.412071],[106.743408,16.416697],[106.744059,16.417671],[106.744228,16.418106],[106.744292,16.418904],[106.744076,16.419923],[106.743689,16.420834],[106.743461,16.422542],[106.74347,16.423577],[106.743549,16.424207],[106.74391,16.424931],[106.744234,16.425096],[106.745068,16.425201],[106.747135,16.425169],[106.749006,16.42506],[106.751949,16.424723],[106.753697,16.42473],[106.754602,16.424749],[106.755688,16.424861],[106.759543,16.425658],[106.762646,16.427207],[106.767744,16.43081],[106.769328,16.432129],[106.769811,16.432618],[106.770126,16.433103],[106.770805,16.435572],[106.772786,16.442775],[106.771607,16.44762],[106.770952,16.451014],[106.770904,16.45352],[106.771299,16.455076],[106.771552,16.455701],[106.772182,16.456938],[106.773054,16.45849],[106.773633,16.45987],[106.77226,16.463854],[106.772026,16.464338],[106.771625,16.464678],[106.770588,16.465518],[106.769872,16.466102],[106.768926,16.466998],[106.768674,16.467389],[106.768622,16.467707],[106.768667,16.468165],[106.768779,16.468411],[106.76912,16.468752],[106.771594,16.470293],[106.772177,16.470582],[106.773901,16.471216],[106.782473,16.473578],[106.784175,16.474269],[106.785619,16.474586],[106.787552,16.47472],[106.790061,16.474517],[106.790438,16.474423],[106.790601,16.474327],[106.791325,16.473594],[106.797431,16.467403],[106.800199,16.464589],[106.801103,16.466219],[106.803311,16.471549],[106.803446,16.472159],[106.803815,16.474473],[106.803844,16.475199],[106.806761,16.480818],[106.808518,16.482901],[106.809109,16.483677],[106.811975,16.4876],[106.812218,16.488167],[106.812343,16.488551],[106.814678,16.49571],[106.816964,16.502478],[106.819891,16.508878],[106.825092,16.517842],[106.826659,16.522326],[106.82691,16.523122],[106.826513,16.523998],[106.826026,16.524814],[106.823596,16.527277],[106.821124,16.529469],[106.820787,16.530505],[106.822109,16.53321],[106.822555,16.533953],[106.822963,16.534313],[106.823923,16.534835],[106.827262,16.537716],[106.828398,16.541494],[106.828092,16.545512],[106.827969,16.546048],[106.827972,16.547065],[106.827983,16.547315],[106.828698,16.549537],[106.828942,16.549949],[106.830769,16.549906],[106.834051,16.549769],[106.835077,16.549617],[106.840103,16.548839],[106.842513,16.548411],[106.844726,16.546694],[106.848107,16.544983],[106.855231,16.542083],[106.855675,16.541923],[106.861039,16.539986],[106.862627,16.537512],[106.863304,16.536891],[106.866154,16.534654],[106.869525,16.534364],[106.872033,16.534067],[106.872252,16.533962],[106.872585,16.53377],[106.873149,16.533442],[106.873356,16.533276],[106.873504,16.533091],[106.875278,16.530291],[106.875632,16.529702],[106.875776,16.529208],[106.87586,16.528793],[106.875858,16.528591],[106.881188,16.524262],[106.883175,16.523399],[106.885215,16.521899],[106.88866,16.512612],[106.887896,16.511932],[106.887535,16.511884],[106.887071,16.511794],[106.886665,16.511624],[106.885449,16.510593],[106.885345,16.510399],[106.885278,16.509976],[106.88523,16.509651],[106.885235,16.509066],[106.885244,16.508804],[106.885327,16.506833],[106.885634,16.505785],[106.886037,16.50499],[106.886528,16.50191],[106.884707,16.492883],[106.880854,16.488533],[106.876007,16.482799],[106.874756,16.475849],[106.874468,16.471423],[106.874467,16.471138],[106.874638,16.470909],[106.874872,16.470799],[106.875353,16.470601],[106.875867,16.470461],[106.876948,16.470338],[106.877315,16.470348],[106.877711,16.470395],[106.879627,16.470186],[106.881368,16.469617],[106.881848,16.469282],[106.882654,16.468629],[106.882746,16.468466],[106.883943,16.464474],[106.883684,16.462281],[106.885213,16.454567],[106.883878,16.449754],[106.882772,16.449433],[106.881979,16.449123],[106.881527,16.448833],[106.879667,16.447549],[106.877517,16.445708],[106.877333,16.445491],[106.877191,16.445217],[106.876024,16.442933],[106.875459,16.441887],[106.875002,16.441139],[106.874506,16.440333],[106.8742,16.439887],[106.874012,16.439656],[106.872858,16.438298],[106.872699,16.438129],[106.87183,16.437512],[106.870845,16.43682],[106.869855,16.436528],[106.869692,16.434145],[106.869664,16.433643],[106.869641,16.432859],[106.869674,16.432127],[106.869722,16.431463],[106.869863,16.430259],[106.869963,16.429744],[106.871161,16.428012],[106.871474,16.427653],[106.87194,16.427194],[106.872241,16.427066],[106.872297,16.427052],[106.882074,16.423645],[106.885072,16.422375],[106.885256,16.422347],[106.885568,16.422388],[106.885892,16.422516],[106.886126,16.422737],[106.886313,16.422967],[106.88693,16.423993],[106.887289,16.424593],[106.888489,16.426606],[106.891512,16.427167],[106.898307,16.427453],[106.898357,16.427446],[106.898386,16.42741],[106.898396,16.427186],[106.898382,16.426963],[106.898321,16.426651],[106.898175,16.425903],[106.897991,16.424987],[106.897658,16.423342],[106.890681,16.41231],[106.890595,16.408457],[106.894138,16.399837],[106.895606,16.393551],[106.895895,16.39285],[106.896829,16.392014],[106.897735,16.391241],[106.904053,16.38686],[106.910178,16.382519],[106.913175,16.37946],[106.913186,16.379355],[106.913231,16.379232],[106.913741,16.378141],[106.913931,16.377748],[106.916111,16.374944],[106.919833,16.372208],[106.921433,16.3712],[106.934961,16.366293],[106.941526,16.363629],[106.949578,16.35988],[106.950152,16.359637],[106.95074,16.359441],[106.954222,16.358983],[106.954778,16.358936],[106.95561,16.358973],[106.956236,16.359056],[106.961787,16.358167],[106.964424,16.352885],[106.964722,16.352049],[106.965394,16.349808],[106.965603,16.34871],[106.965656,16.348319],[106.965645,16.347462],[106.96559,16.346909],[106.965001,16.343333],[106.965596,16.337542],[106.965258,16.332005],[106.963851,16.319326],[106.964028,16.317522],[106.965381,16.305623],[106.96736,16.303398],[106.969377,16.302935],[106.978637,16.305137],[106.982096,16.306205],[106.98477,16.307143],[106.991499,16.309299],[106.998051,16.3125],[106.999083,16.312991],[107.003226,16.314328],[107.003748,16.314446],[107.005527,16.314385],[107.01028,16.311681],[107.011768,16.310746],[107.012325,16.310397],[107.012428,16.310326],[107.013703,16.309277],[107.013826,16.309126],[107.013952,16.308724],[107.01391,16.307584],[107.013662,16.307075],[107.013379,16.306363],[107.013319,16.305615],[107.013286,16.304142],[107.018734,16.303816],[107.019124,16.304246],[107.020558,16.305877],[107.021531,16.307105],[107.021837,16.307662],[107.026294,16.312227],[107.033376,16.30707],[107.042417,16.301374],[107.044109,16.300546],[107.044721,16.300464],[107.045363,16.300625],[107.045889,16.300828],[107.046144,16.300992],[107.047289,16.30266],[107.04762,16.303175],[107.047998,16.303953],[107.04826,16.304556],[107.048531,16.305211],[107.048685,16.305601],[107.056105,16.306647],[107.060976,16.305771],[107.067541,16.304935],[107.069522,16.304778],[107.070959,16.305982],[107.071582,16.307237],[107.071582,16.307466],[107.071593,16.30766],[107.071633,16.307761],[107.071886,16.308151],[107.07239,16.308765],[107.072866,16.30923],[107.075007,16.311069],[107.075403,16.311293],[107.079319,16.313176],[107.079583,16.313283],[107.07954,16.313435],[107.079628,16.313616],[107.080004,16.314391],[107.080294,16.315464],[107.080556,16.316806],[107.080635,16.318449],[107.08037,16.319737],[107.079813,16.320854],[107.079782,16.320908],[107.079374,16.321628],[107.078779,16.322215],[107.077611,16.322969],[107.073656,16.325524],[107.071451,16.326703],[107.067217,16.328891],[107.067168,16.328917],[107.065723,16.330063],[107.062518,16.332443],[107.061634,16.333169],[107.061233,16.333926],[107.06117,16.334931],[107.061212,16.33559],[107.061215,16.339006],[107.060789,16.342568],[107.06076,16.342725],[107.060464,16.344331],[107.060066,16.345665],[107.060025,16.346201],[107.060027,16.346237],[107.059904,16.348059],[107.059721,16.349026],[107.059706,16.349027],[107.059292,16.34914],[107.059121,16.349181],[107.059111,16.349183],[107.05906,16.349058],[107.059057,16.34905],[107.059032,16.34899],[107.058937,16.348784],[107.058873,16.348594],[107.058779,16.348462],[107.058647,16.348403],[107.058249,16.348358],[107.057923,16.348421],[107.057632,16.348537],[107.057391,16.348645],[107.057069,16.348653],[107.056595,16.348618],[107.055998,16.348613],[107.055523,16.348701],[107.055481,16.348706],[107.05515,16.348748],[107.054905,16.348804],[107.05465,16.348836],[107.054382,16.348736],[107.054331,16.348699],[107.054172,16.348584],[107.053893,16.348448],[107.053503,16.348311],[107.052954,16.348079],[107.052498,16.347793],[107.051469,16.347147],[107.051071,16.347835],[107.050791,16.348285],[107.050607,16.348572],[107.05041,16.348882],[107.050201,16.349061],[107.050156,16.3491],[107.050067,16.349185],[107.049989,16.349624],[107.049902,16.349833],[107.049881,16.34993],[107.049809,16.350264],[107.049618,16.35053],[107.049417,16.350602],[107.048874,16.350811],[107.048587,16.350718],[107.048106,16.350603],[107.047659,16.35037],[107.04736,16.350244],[107.046929,16.350221],[107.046919,16.350221],[107.046753,16.350212],[107.046285,16.350085],[107.045877,16.349909],[107.045588,16.34987],[107.043616,16.349952],[107.043058,16.349975],[107.041728,16.350121],[107.039981,16.350514],[107.039683,16.350414],[107.039415,16.350413],[107.03925,16.350513],[107.039061,16.351091],[107.03903,16.351354],[107.039038,16.351604],[107.039065,16.351749],[107.03911,16.351997],[107.039174,16.35229],[107.039216,16.352484],[107.039253,16.35265],[107.039326,16.353152],[107.039283,16.353436],[107.039196,16.353677],[107.038927,16.353963],[107.038879,16.353998],[107.038681,16.35414],[107.038669,16.354157],[107.038525,16.35436],[107.038347,16.354689],[107.038277,16.354888],[107.038177,16.355298],[107.037844,16.356672],[107.03764,16.35751],[107.037475,16.357689],[107.03747,16.357692],[107.037115,16.357889],[107.036607,16.35807],[107.03553,16.357984],[107.034537,16.357967],[107.034533,16.357972],[107.032859,16.358185],[107.03254,16.359603],[107.032612,16.359749],[107.032831,16.359915],[107.032976,16.360027],[107.033072,16.360102],[107.033321,16.360797],[107.033343,16.360887],[107.033372,16.361009],[107.033354,16.361266],[107.033303,16.36153],[107.033251,16.361748],[107.033234,16.36182],[107.033161,16.362213],[107.033132,16.362276],[107.033017,16.362526],[107.032955,16.362879],[107.032991,16.363161],[107.03394,16.36657],[107.034032,16.366968],[107.034232,16.367754],[107.034478,16.368275],[107.03572,16.370273],[107.036065,16.37085],[107.036312,16.371091],[107.036685,16.371237],[107.037082,16.371287],[107.037603,16.371409],[107.037604,16.371409],[107.037957,16.371744],[107.039105,16.373744],[107.039547,16.374494],[107.039969,16.375209],[107.04012,16.375397],[107.042537,16.379203],[107.042632,16.379425],[107.042637,16.379437],[107.042658,16.379486],[107.042813,16.379849],[107.042842,16.379919],[107.043165,16.380549],[107.043441,16.380961],[107.043738,16.381264],[107.044136,16.381546],[107.044193,16.381587],[107.044301,16.381648],[107.044425,16.381717],[107.04476,16.381906],[107.045602,16.382381],[107.046527,16.382833],[107.046705,16.38292],[107.046783,16.382959],[107.047305,16.383106],[107.047984,16.383209],[107.048526,16.383182],[107.049058,16.382945],[107.049295,16.38284],[107.049784,16.382623],[107.050039,16.382509],[107.050326,16.382382],[107.051407,16.382162],[107.052491,16.382241],[107.053486,16.38262],[107.054236,16.3833],[107.054881,16.383886],[107.055017,16.384009],[107.055796,16.38451],[107.056761,16.385038],[107.057511,16.385628],[107.057981,16.386251],[107.058066,16.386783],[107.058114,16.387087],[107.058203,16.387488],[107.057962,16.388005],[107.056957,16.388611],[107.056479,16.388899],[107.05639,16.388964],[107.056261,16.389096],[107.056099,16.389305],[107.055994,16.389452],[107.055937,16.389646],[107.05592,16.38984],[107.055911,16.390035],[107.05595,16.390214],[107.056056,16.390561],[107.056195,16.391039],[107.056246,16.391312],[107.056321,16.391552],[107.056334,16.392974],[107.056343,16.394045],[107.056405,16.39428],[107.056524,16.394522],[107.056596,16.394732],[107.056643,16.394957],[107.056653,16.395104],[107.05696,16.395935],[107.0572,16.397049],[107.057197,16.39769],[107.057054,16.398229],[107.056387,16.39907],[107.055341,16.399654],[107.055221,16.399721],[107.055142,16.399729],[107.054907,16.399819],[107.0547,16.399943],[107.054603,16.400071],[107.054579,16.400171],[107.054485,16.400424],[107.054476,16.400451],[107.054413,16.400637],[107.054376,16.401038],[107.054375,16.401191],[107.054393,16.401299],[107.054449,16.401416],[107.054578,16.401524],[107.054736,16.401615],[107.054984,16.401698],[107.055288,16.401825],[107.05533,16.401842],[107.0558,16.402054],[107.056064,16.402133],[107.056231,16.402215],[107.056388,16.402359],[107.056675,16.402648],[107.056768,16.402725],[107.057025,16.403295],[107.057123,16.403655],[107.057105,16.404043],[107.057061,16.404148],[107.056835,16.405354],[107.05675,16.405588],[107.056728,16.405622],[107.056697,16.405669],[107.056658,16.40573],[107.056246,16.406365],[107.056154,16.406787],[107.056155,16.407108],[107.056238,16.407384],[107.056702,16.408279],[107.056855,16.408431],[107.057378,16.408948],[107.057596,16.409163],[107.057862,16.40931],[107.057883,16.40935],[107.058363,16.409588],[107.059081,16.410143],[107.059452,16.410601],[107.059599,16.411058],[107.059622,16.411466],[107.05967,16.411802],[107.059744,16.411946],[107.059992,16.412067],[107.060216,16.412044],[107.06059,16.41183],[107.060938,16.411784],[107.061287,16.411785],[107.061695,16.411833],[107.061709,16.411835],[107.062281,16.411789],[107.062531,16.411622],[107.050129,16.427047],[107.050853,16.433989],[107.056462,16.441452],[107.058023,16.448151],[107.07109,16.449375],[107.089968,16.449266],[107.105309,16.439845],[107.106815,16.44009],[107.108208,16.441699],[107.124828,16.442465],[107.130201,16.448214],[107.129391,16.449125],[107.129264,16.449724],[107.129385,16.450444],[107.130746,16.45195],[107.131985,16.453514],[107.133034,16.454839],[107.133712,16.456222],[107.133832,16.457242],[107.133639,16.458741],[107.133354,16.459657],[107.131798,16.464651],[107.130644,16.468155],[107.1286,16.471547],[107.127794,16.472631],[107.12743,16.473351],[107.125247,16.477605],[107.123801,16.481277],[107.122341,16.48373],[107.121492,16.484603],[107.120987,16.485038],[107.113148,16.489772],[107.103906,16.495609],[107.10276,16.496064],[107.10273,16.496064],[107.101902,16.49606],[107.10114,16.495873],[107.10019,16.495317],[107.098859,16.494484],[107.097622,16.494111],[107.097049,16.494201],[107.096477,16.494382],[107.095999,16.494748],[107.095627,16.496084],[107.095532,16.496197],[107.093877,16.500257],[107.093249,16.501271],[107.092629,16.502274],[107.090241,16.503276],[107.085626,16.504447],[107.085282,16.504468],[107.084709,16.504591],[107.081995,16.505174],[107.078631,16.506455],[107.069848,16.51021],[107.067169,16.511201],[107.063968,16.512756],[107.06091,16.516244],[107.057861,16.519766],[107.053663,16.525244],[107.057057,16.530639],[107.058576,16.533708],[107.059133,16.537144],[107.059223,16.540317],[107.059082,16.541222],[107.059344,16.543551],[107.059836,16.544633],[107.060703,16.545477],[107.061274,16.54563],[107.06207,16.545843],[107.064434,16.545853],[107.069165,16.545034],[107.076626,16.545786],[107.084085,16.547018],[107.08781,16.548593],[107.089316,16.549355],[107.091161,16.550288],[107.093396,16.551257],[107.099983,16.552605],[107.104462,16.552623],[107.110561,16.552884],[107.119248,16.554542],[107.12075,16.55589],[107.121816,16.558174],[107.123031,16.561798],[107.12432,16.56408],[107.127025,16.566634],[107.136074,16.571274],[107.149209,16.575585],[107.164651,16.578029],[107.1658,16.578385],[107.169999,16.579457],[107.184737,16.580737],[107.197674,16.583422],[107.199159,16.583806],[107.200762,16.584082],[107.201653,16.583929],[107.202684,16.583058],[107.204372,16.581104],[107.206142,16.579794],[107.209185,16.57926],[107.2132,16.579289],[107.221317,16.580278],[107.228218,16.581795],[107.228473,16.581851],[107.240148,16.585835],[107.242155,16.587221],[107.243221,16.587658],[107.24415,16.587648],[107.244612,16.587387],[107.245203,16.586869],[107.246204,16.584003],[107.246517,16.583044],[107.247913,16.580184],[107.251852,16.576493],[107.256002,16.573705],[107.25679,16.573176],[107.261481,16.571397],[107.264982,16.570079],[107.269053,16.566564],[107.275196,16.571378],[107.286388,16.578319],[107.29758,16.585259],[107.300946,16.587366],[107.302021,16.586353],[107.305755,16.583805],[107.308338,16.582199],[107.310767,16.580385],[107.310907,16.580326],[107.31119,16.580337],[107.317422,16.583245],[107.323412,16.586692],[107.324693,16.58804],[107.324563,16.589619],[107.32347,16.591496],[107.322668,16.592795],[107.32195,16.594955],[107.322272,16.59703],[107.322736,16.598459],[107.323866,16.599666],[107.32506,16.600083],[107.327737,16.600053],[107.329073,16.599822],[107.331373,16.599366],[107.332342,16.599571],[107.33257,16.599998],[107.332135,16.600935],[107.329596,16.603313],[107.329596,16.603322],[107.329567,16.603324],[107.329117,16.603343],[107.328827,16.603355],[107.328193,16.603377],[107.327288,16.603445],[107.326808,16.603556],[107.3263,16.603813],[107.325065,16.604534],[107.324295,16.605015],[107.323628,16.605522],[107.323053,16.605989],[107.3265,16.609292],[107.326304,16.609473],[107.326002,16.609751],[107.323925,16.612399],[107.323242,16.613344],[107.32264,16.614047],[107.321872,16.614806],[107.321465,16.615587],[107.32096,16.617467],[107.320397,16.619081],[107.320016,16.619728],[107.319277,16.620566],[107.318252,16.621484],[107.318096,16.621624],[107.317863,16.621792],[107.317491,16.622059],[107.316829,16.622388],[107.315528,16.622751],[107.313925,16.623304],[107.312427,16.62382],[107.312156,16.623913],[107.3105,16.624655],[107.309425,16.625256],[107.308931,16.625743],[107.308576,16.62623],[107.308525,16.626632],[107.308697,16.627085],[107.309184,16.628312],[107.309958,16.630419],[107.311496,16.633643],[107.312804,16.636307],[107.313631,16.638119],[107.313977,16.639159],[107.313988,16.64007],[107.313934,16.64053],[107.313887,16.640928],[107.313479,16.641629],[107.312903,16.642225],[107.312296,16.642553],[107.311714,16.642586],[107.311379,16.642456],[107.311125,16.642084],[107.311063,16.641522],[107.311082,16.640799],[107.311559,16.638945],[107.311633,16.638141],[107.311431,16.637474],[107.311036,16.636996],[107.310393,16.636574],[107.309809,16.636501],[107.309087,16.636509],[107.308091,16.636734],[107.307208,16.637172],[107.306576,16.637715],[107.305836,16.638527],[107.305453,16.639095],[107.305345,16.639255],[107.305022,16.640116],[107.304697,16.641515],[107.305075,16.641808],[107.306496,16.643078],[107.308837,16.645391],[107.311887,16.648196],[107.313219,16.649663],[107.314083,16.650761],[107.314906,16.651778],[107.315233,16.652258],[107.315414,16.652522],[107.315715,16.652894],[107.31607,16.653158],[107.316665,16.653401],[107.31756,16.653508],[107.317758,16.653531],[107.318447,16.653601],[107.318754,16.653632],[107.31887,16.653644],[107.319531,16.653907],[107.321537,16.65261],[107.323213,16.649562],[107.323243,16.647313],[107.323221,16.645508],[107.324278,16.643783],[107.325351,16.643342],[107.326704,16.643334],[107.327019,16.643924],[107.327296,16.644617],[107.327447,16.645244],[107.327461,16.646377],[107.327476,16.647632],[107.327487,16.648522],[107.327459,16.648619],[107.32728,16.649878],[107.326544,16.651621],[107.325768,16.652848],[107.325599,16.653133],[107.325306,16.653529],[107.324167,16.654638],[107.323441,16.65524],[107.323138,16.65538],[107.322804,16.655406],[107.322576,16.655352],[107.322202,16.655401],[107.321659,16.65555],[107.320984,16.65626],[107.320924,16.656323],[107.320732,16.65657],[107.320554,16.656801],[107.320494,16.656877],[107.318733,16.659145],[107.317981,16.659707],[107.317503,16.660016],[107.317139,16.660502],[107.316601,16.66199],[107.316497,16.662527],[107.316501,16.662902],[107.316634,16.663168],[107.316821,16.663309],[107.317086,16.663348],[107.319596,16.665133],[107.320251,16.665486],[107.321743,16.666292],[107.323058,16.666353],[107.323515,16.66627],[107.324506,16.666091],[107.325795,16.665801],[107.325919,16.665773],[107.326458,16.66585],[107.327106,16.666015],[107.327805,16.666318],[107.328673,16.666886],[107.329086,16.667307],[107.329537,16.66804],[107.329807,16.668561],[107.329626,16.668903],[107.329419,16.668978],[107.329142,16.669077],[107.328697,16.669237],[107.328182,16.669421],[107.326924,16.669938],[107.326404,16.670051],[107.325731,16.669772],[107.324312,16.669286],[107.323196,16.669298],[107.322753,16.669554],[107.322239,16.670098],[107.321986,16.670746],[107.321988,16.670894],[107.322154,16.671222],[107.322552,16.671527],[107.323343,16.672134],[107.325364,16.673157],[107.326289,16.673625],[107.327246,16.674044],[107.329831,16.675468],[107.329958,16.675592],[107.330918,16.676108],[107.331491,16.676416],[107.331517,16.676451],[107.331773,16.676544],[107.332594,16.676841],[107.332706,16.677171],[107.333559,16.679685],[107.335558,16.683082],[107.33636,16.684282],[107.337959,16.686674],[107.342368,16.69179],[107.343067,16.692601],[107.343253,16.692735],[107.347116,16.695526],[107.347504,16.696102],[107.34799,16.696539],[107.34919,16.697296],[107.350489,16.697871],[107.350999,16.698096],[107.351969,16.698395],[107.353491,16.698647],[107.354948,16.69866],[107.355538,16.698773],[107.355548,16.699395],[107.355552,16.699617],[107.355569,16.700683],[107.355633,16.700738],[107.355582,16.701907],[107.355491,16.703962],[107.35279,16.706688],[107.350074,16.708067],[107.350026,16.709122],[107.352955,16.710202],[107.356034,16.713565],[107.367961,16.734873],[107.382743,16.741265],[107.385663,16.743755],[107.385952,16.743931],[107.384199,16.744949]]]},"properties":{"npp":"NPP Linh Trang"}},{"type":"Feature","geometry":{"type":"Polygon","coordinates":[[[106.663535,20.852764],[106.657432,20.843511],[106.661609,20.841112],[106.669346,20.831783],[106.670126,20.825233],[106.669595,20.82087],[106.671596,20.818363],[106.684467,20.815005],[106.691026,20.815285],[106.69317,20.816603],[106.694779,20.819776],[106.696292,20.827735],[106.699648,20.828296],[106.703049,20.825366],[106.703893,20.820602],[106.703222,20.816289],[106.703019,20.811933],[106.704672,20.80873],[106.71336,20.802946],[106.718465,20.799552],[106.728669,20.798044],[106.732908,20.794006],[106.73373,20.785155],[106.734163,20.779081],[106.741028,20.774613],[106.910621,20.780822],[106.917831,20.784846],[106.904272,20.806072],[106.871177,20.832401],[106.8374,20.815004],[106.827173,20.826249],[106.814894,20.828495],[106.798654,20.832648],[106.78326,20.83744],[106.764904,20.847588],[106.753588,20.850124],[106.728079,20.861867],[106.708925,20.877957],[106.701929,20.876816],[106.695599,20.872717],[106.687651,20.868851],[106.678835,20.867476],[106.667535,20.875],[106.659483,20.861821],[106.660947,20.859983],[106.659849,20.856605],[106.660379,20.854431],[106.663535,20.852764]]]},"properties":{"npp":"NPP Đồng Lợi"}},{"type":"Feature","geometry":{"type":"Polygon","coordinates":[[[106.922022,20.944039],[106.921848,20.952779],[106.92167,20.96172],[106.913058,20.963458],[106.904444,20.965191],[106.895306,20.970448],[106.886473,20.975528],[106.890155,20.986682],[106.893733,20.997518],[106.885684,21.00951],[106.898588,21.025573],[106.896937,21.031052],[106.900822,21.034547],[106.898765,21.036359],[106.873178,21.022645],[106.863691,21.033404],[106.860929,21.030608],[106.851238,21.036407],[106.844015,21.036103],[106.842706,21.050831],[106.848979,21.057908],[106.828501,21.074926],[106.835748,21.084227],[106.836094,21.09081],[106.840571,21.094595],[106.835094,21.098347],[106.833114,21.10958],[106.843819,21.113364],[106.840767,21.117505],[106.846165,21.128432],[106.844208,21.131313],[106.844556,21.135938],[106.840642,21.138776],[106.839715,21.149041],[106.833843,21.152519],[106.829874,21.153381],[106.827595,21.154309],[106.82326,21.154948],[106.819053,21.156355],[106.812041,21.153414],[106.808342,21.153797],[106.804901,21.154565],[106.798905,21.151182],[106.794701,21.149322],[106.792151,21.148812],[106.789218,21.15009],[106.780037,21.151624],[106.769454,21.152264],[106.767924,21.155588],[106.766139,21.155843],[106.760018,21.156227],[106.758744,21.155332],[106.756959,21.155076],[106.755772,21.155428],[106.755175,21.155602],[106.754872,21.155691],[106.754571,21.155781],[106.752623,21.156355],[106.750077,21.156355],[106.749806,21.156355],[106.749535,21.156355],[106.748161,21.156355],[106.745738,21.155843],[106.74459,21.155971],[106.73286,21.161341],[106.728907,21.159935],[106.724318,21.159423],[106.721257,21.159807],[106.720875,21.160575],[106.72062,21.161982],[106.717558,21.161982],[106.714499,21.161341],[106.711949,21.163003],[106.709193,21.165668],[106.706977,21.168374],[106.703023,21.167223],[106.701366,21.167095],[106.70009,21.167735],[106.698395,21.169852],[106.69702,21.17027],[106.692625,21.169119],[106.68996,21.16789],[106.685785,21.167942],[106.682839,21.167184],[106.681409,21.167236],[106.679193,21.170401],[106.678171,21.170749],[106.6759,21.170218],[106.672938,21.169956],[106.668646,21.171212],[106.660366,21.173807],[106.659468,21.173676],[106.656944,21.174723],[106.653858,21.173624],[106.64809,21.176334],[106.645762,21.179264],[106.642865,21.179657],[106.641125,21.180703],[106.640115,21.179709],[106.638741,21.178819],[106.639947,21.17623],[106.640508,21.173902],[106.639835,21.170213],[106.637955,21.168068],[106.635489,21.171469],[106.632712,21.172306],[106.628576,21.171417],[106.62277,21.171207],[106.620329,21.172411],[106.614806,21.171495],[106.609592,21.170946],[106.608975,21.17228],[106.608723,21.176962],[106.60603,21.179866],[106.599384,21.179107],[106.594671,21.17895],[106.588668,21.178244],[106.588444,21.181066],[106.590716,21.183264],[106.590519,21.184807],[106.587406,21.188809],[106.584432,21.189384],[106.583158,21.19166],[106.579978,21.192471],[106.574087,21.190771],[106.572057,21.190138],[106.56973,21.190064],[106.566588,21.188521],[106.564933,21.189044],[106.563923,21.191346],[106.561495,21.193125],[106.559977,21.192837],[106.557537,21.194066],[106.555321,21.193988],[106.54942,21.192235],[106.547036,21.190849],[106.54233,21.192288],[106.541014,21.196707],[106.539275,21.199715],[106.538574,21.202126],[106.535824,21.205787],[106.532558,21.216226],[106.530628,21.217207],[106.530569,21.219497],[106.528347,21.222495],[106.522187,21.225603],[106.517859,21.225385],[106.512245,21.221296],[106.509613,21.222332],[106.507566,21.22135],[106.504408,21.223586],[106.501798,21.224267],[106.500484,21.219085],[106.500574,21.213531],[106.49904,21.211006],[106.500188,21.20128],[106.493736,21.199209],[106.496297,21.184289],[106.489781,21.180832],[106.490449,21.178438],[106.48693,21.173081],[106.48819,21.171767],[106.490377,21.166876],[106.483571,21.160594],[106.485205,21.159472],[106.482331,21.154964],[106.480097,21.145624],[106.483894,21.144676],[106.484453,21.137562],[106.482256,21.133603],[106.484319,21.130651],[106.482218,21.126489],[106.47715,21.122934],[106.475539,21.123421],[106.471798,21.118138],[106.464101,21.11658],[106.461555,21.116073],[106.46112,21.115261],[106.459043,21.115796],[106.458259,21.119421],[106.457217,21.118999],[106.45709,21.117927],[106.455199,21.116997],[106.453921,21.118189],[106.452286,21.118308],[106.452797,21.117331],[106.452082,21.116759],[106.45014,21.117736],[106.447993,21.117474],[106.44623,21.117855],[106.44646,21.117069],[106.445362,21.116187],[106.444544,21.117402],[106.443752,21.11745],[106.44319,21.116687],[106.441708,21.116759],[106.440894,21.115219],[106.442732,21.112282],[106.441498,21.109513],[106.43937,21.107993],[106.439528,21.106302],[106.444402,21.099685],[106.448128,21.097799],[106.45096,21.095244],[106.450544,21.093243],[106.449152,21.092311],[106.446,21.089983],[106.445265,21.088292],[106.444266,21.085424],[106.443137,21.082459],[106.440608,21.080056],[106.441707,21.077768],[106.445065,21.076218],[106.446573,21.074549],[106.447007,21.071092],[106.448055,21.069852],[106.453523,21.070305],[106.455235,21.068779],[106.454596,21.065584],[106.461336,21.065179],[106.472973,21.068695],[106.479753,21.069317],[106.486646,21.068134],[106.489957,21.066454],[106.498493,21.058426],[106.503295,21.056404],[106.505062,21.057742],[106.509363,21.058768],[106.512331,21.057991],[106.516399,21.060293],[106.517833,21.05908],[106.516532,21.055906],[106.517132,21.054723],[106.519867,21.05407],[106.517132,21.051425],[106.514665,21.04685],[106.517332,21.046134],[106.519233,21.048375],[106.521534,21.046757],[106.523735,21.045699],[106.524301,21.04962],[106.525802,21.050211],[106.527269,21.048717],[106.532304,21.047317],[106.536439,21.049433],[106.537739,21.052296],[106.546264,21.054724],[106.5541,21.052514],[106.560402,21.056062],[106.564193,21.055373],[106.566621,21.05336],[106.569978,21.05338],[106.573071,21.056686],[106.577207,21.056434],[106.58332,21.051165],[106.591151,21.044814],[106.596836,21.040098],[106.603114,21.037226],[106.606154,21.032795],[106.609216,21.029103],[106.608967,21.024026],[106.611655,21.020755],[106.612202,21.020291],[106.62022,21.0157],[106.625106,21.011887],[106.637643,21.011638],[106.645379,21.018268],[106.651414,21.019513],[106.657115,21.01908],[106.671397,21.012688],[106.688484,21.00448],[106.697007,21.001802],[106.710329,20.99966],[106.728079,20.996694],[106.748707,20.996461],[106.750894,20.997946],[106.763813,20.98247],[106.77039,20.967221],[106.770593,20.94571],[106.771241,20.91005],[106.766568,20.903643],[106.752578,20.882549],[106.764904,20.847588],[106.78326,20.83744],[106.798654,20.832648],[106.814894,20.828495],[106.827173,20.826249],[106.8374,20.815004],[106.871177,20.832401],[106.876251,20.834344],[106.903488,20.841109],[106.963739,20.917422],[106.922022,20.944039]]]},"properties":{"npp":"NPP Thảo Xuân"}},{"type":"Feature","geometry":{"type":"Polygon","coordinates":[[[107.619271,21.216581],[107.992443,21.377878],[108.078607,21.483273],[108.048436,21.54217],[108.038187,21.544881],[108.031688,21.548311],[108.021916,21.548482],[108.010546,21.546553],[108.005245,21.548825],[107.999899,21.547239],[107.992109,21.546596],[107.98667,21.544281],[107.978887,21.545218],[107.974831,21.539773],[107.970176,21.540845],[107.966073,21.535957],[107.962985,21.537243],[107.954458,21.537029],[107.950862,21.542209],[107.946717,21.554799],[107.942476,21.565473],[107.943134,21.569712],[107.937925,21.573441],[107.929468,21.579473],[107.923937,21.585431],[107.925411,21.588389],[107.921938,21.590709],[107.915992,21.58548],[107.913871,21.588137],[107.909953,21.588137],[107.906035,21.591352],[107.903224,21.590966],[107.902071,21.586723],[107.899444,21.588952],[107.900043,21.590323],[107.899721,21.593495],[107.897969,21.596109],[107.892945,21.59688],[107.890364,21.599323],[107.893498,21.60239],[107.892346,21.60659],[107.884925,21.607062],[107.883634,21.611304],[107.890364,21.613832],[107.891101,21.617521],[107.88603,21.620563],[107.889165,21.625658],[107.883449,21.629771],[107.880453,21.630114],[107.878379,21.631871],[107.878932,21.638769],[107.87799,21.64061],[107.871583,21.642966],[107.872781,21.647079],[107.868128,21.6497],[107.861214,21.650214],[107.860154,21.654455],[107.856006,21.655783],[107.851857,21.651799],[107.844067,21.65],[107.842266,21.646572],[107.833969,21.646101],[107.82747,21.65377],[107.816546,21.659168],[107.804345,21.659713],[107.801257,21.655515],[107.793652,21.656115],[107.781035,21.656133],[107.778592,21.649535],[107.772739,21.648721],[107.763643,21.643602],[107.752811,21.643473],[107.74161,21.640046],[107.729961,21.630813],[107.719636,21.629099],[107.715534,21.622671],[107.70712,21.61945],[107.697625,21.617093],[107.689881,21.61525],[107.6755,21.610151],[107.666419,21.615379],[107.657201,21.609551],[107.634905,21.607537],[107.614393,21.610322],[107.603976,21.605008],[107.593237,21.605523],[107.586645,21.611522],[107.582543,21.61735],[107.573969,21.61915],[107.567977,21.612294],[107.560971,21.614222],[107.550669,21.605687],[107.545783,21.593644],[107.536795,21.594673],[107.517389,21.593944],[107.504788,21.597673],[107.486397,21.599216],[107.493818,21.60393],[107.499139,21.614704],[107.493308,21.624774],[107.486072,21.628074],[107.486572,21.636258],[107.486618,21.64337],[107.485081,21.647816],[107.481947,21.652357],[107.483026,21.657267],[107.481229,21.659666],[107.476158,21.661765],[107.472148,21.66335],[107.462146,21.664978],[107.444538,21.656624],[107.439514,21.654311],[107.433845,21.651526],[107.430526,21.650155],[107.420892,21.642829],[107.41468,21.639444],[107.416109,21.633317],[107.407858,21.627104],[107.406892,21.622902],[107.393802,21.617589],[107.395564,21.610868],[107.388466,21.603111],[107.382612,21.596297],[107.369245,21.602383],[107.362473,21.599748],[107.358702,21.594914],[107.347856,21.59502],[107.340662,21.588113],[107.330176,21.587148],[107.323197,21.594296],[107.3133,21.590015],[107.310009,21.595535],[107.294579,21.592109],[107.290362,21.581355],[107.28419,21.578404],[107.284602,21.569077],[107.273802,21.562035],[107.26179,21.563807],[107.247673,21.557086],[107.246157,21.5482],[107.232243,21.55404],[107.226587,21.550994],[107.221468,21.553207],[107.204677,21.541192],[107.211362,21.530723],[107.216899,21.530826],[107.223053,21.520161],[107.231978,21.521695],[107.238864,21.506097],[107.236059,21.502517],[107.237844,21.493566],[107.246514,21.48257],[107.244984,21.4772],[107.240395,21.473365],[107.24218,21.465949],[107.238052,21.460858],[107.242298,21.451145],[107.240692,21.446159],[107.244984,21.444724],[107.246005,21.441911],[107.241669,21.434752],[107.245748,21.429381],[107.24779,21.429636],[107.248044,21.424778],[107.254419,21.422476],[107.257479,21.41685],[107.256458,21.411736],[107.2585,21.407644],[107.257734,21.404576],[107.26564,21.400228],[107.261049,21.394347],[107.261559,21.387442],[107.2585,21.384375],[107.258754,21.37926],[107.252251,21.366601],[107.249829,21.367368],[107.241287,21.363788],[107.238226,21.369926],[107.235803,21.370182],[107.235677,21.373249],[107.227771,21.377213],[107.222543,21.385268],[107.219865,21.385652],[107.216679,21.389104],[107.214765,21.387314],[107.210685,21.387058],[107.203673,21.378875],[107.201277,21.362282],[107.202275,21.354715],[107.197238,21.347607],[107.199712,21.33538],[107.177776,21.318033],[107.184388,21.29375],[107.16698,21.282136],[107.166141,21.268482],[107.161358,21.268243],[107.160112,21.256746],[107.16257,21.251329],[107.16934,21.249927],[107.172165,21.24474],[107.170749,21.242925],[107.174538,21.238622],[107.170751,21.233256],[107.185053,21.2175],[107.189371,21.219659],[107.209178,21.203602],[107.210996,21.198988],[107.19818,21.188968],[107.194534,21.181803],[107.187925,21.173251],[107.178161,21.164052],[107.179642,21.157309],[107.174445,21.144986],[107.184841,21.140723],[107.186732,21.13203],[107.195142,21.135213],[107.20833,21.130393],[107.217875,21.138991],[107.229136,21.137865],[107.233015,21.142616],[107.232987,21.142675],[107.234479,21.153829],[107.23738,21.155653],[107.239398,21.160417],[107.245642,21.161946],[107.248606,21.165357],[107.259011,21.16865],[107.260147,21.17112],[107.26721,21.171884],[107.278246,21.180705],[107.286318,21.177353],[107.302,21.186599],[107.318775,21.172956],[107.323568,21.172192],[107.330127,21.177484],[107.333596,21.174544],[107.337569,21.179836],[107.334289,21.18654],[107.343963,21.200011],[107.349261,21.202656],[107.348188,21.206772],[107.350396,21.211475],[107.357522,21.219765],[107.37354,21.223116],[107.36591,21.195954],[107.379932,21.178015],[107.467547,21.286809],[107.619271,21.216581]]]},"properties":{"npp":"NPP Hiền Cường"}},{"type":"Feature","geometry":{"type":"Polygon","coordinates":[[[107.215175,20.932978],[107.357014,20.994277],[107.564696,21.155769],[107.619271,21.216581],[107.467547,21.286809],[107.379932,21.178015],[107.36591,21.195954],[107.37354,21.223116],[107.357522,21.219765],[107.350396,21.211475],[107.348188,21.206772],[107.349261,21.202656],[107.343963,21.200011],[107.334289,21.18654],[107.337569,21.179836],[107.333596,21.174544],[107.330127,21.177484],[107.323568,21.172192],[107.318775,21.172956],[107.302,21.186599],[107.286318,21.177353],[107.278246,21.180705],[107.26721,21.171884],[107.260147,21.17112],[107.259011,21.16865],[107.248606,21.165357],[107.245642,21.161946],[107.239398,21.160417],[107.23738,21.155653],[107.234479,21.153829],[107.232987,21.142675],[107.233015,21.142616],[107.243333,21.140495],[107.241386,21.126936],[107.253927,21.113908],[107.25673,21.115503],[107.261196,21.112312],[107.26015,21.110673],[107.270222,21.105443],[107.264901,21.095781],[107.259248,21.094496],[107.253737,21.096269],[107.249082,21.095914],[107.243856,21.092191],[107.24034,21.094274],[107.229082,21.094451],[107.228036,21.086739],[107.217253,21.084257],[107.213212,21.06874],[107.208651,21.067233],[107.203426,21.057037],[107.208509,21.054288],[107.20702,21.047341],[107.201809,21.045395],[107.199028,21.033995],[107.19352,21.033578],[107.183843,21.026213],[107.178185,21.026769],[107.172379,21.019682],[107.177292,20.998318],[107.168806,20.965651],[107.215175,20.932978]]]},"properties":{"npp":"NPP Oanh Định"}},{"type":"Feature","geometry":{"type":"Polygon","coordinates":[[[106.833843,21.152519],[106.839715,21.149041],[106.840642,21.138776],[106.844556,21.135938],[106.844208,21.131313],[106.846165,21.128431],[106.840767,21.117505],[106.843819,21.113364],[106.833114,21.10958],[106.835094,21.098347],[106.840571,21.094595],[106.836094,21.09081],[106.835748,21.084227],[106.828501,21.074926],[106.848979,21.057908],[106.842706,21.050831],[106.844015,21.036103],[106.851238,21.036407],[106.860929,21.030608],[106.863691,21.033404],[106.873178,21.022645],[106.898765,21.036359],[106.900822,21.034547],[106.896937,21.031052],[106.898588,21.025573],[106.885684,21.00951],[106.893733,20.997518],[106.886473,20.975528],[106.904444,20.965191],[106.908759,20.964322],[106.913081,20.963453],[106.917375,20.962586],[106.92167,20.96172],[106.921692,20.960616],[106.921714,20.95951],[106.921758,20.9573],[106.921846,20.95288],[106.922022,20.944039],[106.963739,20.917422],[106.986632,20.905102],[107.215175,20.932978],[107.168806,20.965651],[107.177292,20.998318],[107.172379,21.019682],[107.178185,21.026769],[107.183843,21.026213],[107.19352,21.033578],[107.199028,21.033995],[107.201809,21.045395],[107.20702,21.047341],[107.208509,21.054288],[107.203426,21.057037],[107.208651,21.067233],[107.213212,21.06874],[107.217253,21.084257],[107.228036,21.086739],[107.229082,21.094451],[107.24034,21.094274],[107.243856,21.092191],[107.249082,21.095914],[107.253737,21.096269],[107.259248,21.094496],[107.264901,21.095781],[107.270222,21.105443],[107.26015,21.110673],[107.261196,21.112312],[107.25673,21.115503],[107.253927,21.113908],[107.241386,21.126936],[107.243333,21.140495],[107.233015,21.142616],[107.229136,21.137865],[107.217875,21.138991],[107.20833,21.130393],[107.195142,21.135213],[107.186732,21.13203],[107.184841,21.140723],[107.174445,21.144986],[107.179642,21.157309],[107.178161,21.164052],[107.187925,21.173251],[107.194534,21.181803],[107.19818,21.188968],[107.210996,21.198988],[107.209178,21.203602],[107.189371,21.219659],[107.185053,21.2175],[107.170751,21.233256],[107.174538,21.238622],[107.170749,21.242925],[107.172165,21.24474],[107.16934,21.249927],[107.16257,21.251329],[107.160112,21.256746],[107.161358,21.268243],[107.166141,21.268482],[107.16698,21.282136],[107.184388,21.29375],[107.177776,21.318033],[107.199712,21.33538],[107.197238,21.347607],[107.202275,21.354715],[107.201277,21.362282],[107.203673,21.378875],[107.199082,21.377341],[107.19369,21.378656],[107.192197,21.37555],[107.186077,21.376063],[107.182252,21.371459],[107.177917,21.369926],[107.172307,21.364299],[107.167207,21.363532],[107.164146,21.365833],[107.159556,21.366856],[107.157771,21.368901],[107.15624,21.368902],[107.147317,21.364299],[107.14198,21.36608],[107.143236,21.369157],[107.134565,21.371459],[107.12564,21.369414],[107.109321,21.376319],[107.10626,21.375039],[107.102179,21.377085],[107.097334,21.374272],[107.094275,21.361487],[107.095053,21.36072],[107.092751,21.357134],[107.08535,21.355605],[107.07872,21.346143],[107.07617,21.34562],[107.074385,21.347677],[107.069528,21.346652],[107.063461,21.34844],[107.059351,21.345635],[107.056877,21.339555],[107.05196,21.335399],[107.050062,21.328635],[107.039498,21.327946],[107.038417,21.325917],[107.031346,21.325129],[107.033151,21.322288],[107.033093,21.315973],[107.033519,21.314644],[107.029652,21.308826],[107.025732,21.306967],[107.025479,21.30429],[107.019998,21.298775],[107.018004,21.299312],[107.013314,21.297526],[107.011362,21.295431],[107.006378,21.294971],[107.004723,21.293416],[107.00303,21.293533],[107.000253,21.295222],[106.999119,21.295161],[106.998275,21.294071],[106.997335,21.293785],[106.996282,21.294318],[106.995264,21.294188],[106.992588,21.293166],[106.989059,21.293841],[106.983425,21.291647],[106.981099,21.289356],[106.976988,21.287652],[106.974242,21.284914],[106.972446,21.284078],[106.974631,21.281957],[106.975392,21.279601],[106.975515,21.276461],[106.97486,21.274759],[106.9755,21.273852],[106.975906,21.270638],[106.976902,21.270141],[106.9787,21.268331],[106.980379,21.267578],[106.982666,21.267618],[106.984423,21.26503],[106.98393,21.264139],[106.984968,21.261337],[106.985844,21.25824],[106.986082,21.256853],[106.984648,21.256189],[106.984545,21.254161],[106.982907,21.253137],[106.981497,21.24879],[106.981954,21.244196],[106.97779,21.239198],[106.978256,21.233969],[106.97652,21.229624],[106.978061,21.228336],[106.978819,21.226298],[106.976269,21.226049],[106.973086,21.224253],[106.970138,21.224377],[106.967973,21.219648],[106.966574,21.219007],[106.966449,21.216471],[106.965809,21.215427],[106.964687,21.214287],[106.964009,21.212206],[106.963125,21.211091],[106.963138,21.21005],[106.960311,21.209285],[106.958924,21.208394],[106.957904,21.207372],[106.957011,21.207115],[106.956374,21.206226],[106.95637,21.20201],[106.955345,21.200079],[106.956375,21.198804],[106.956398,21.197621],[106.955678,21.195714],[106.955226,21.193563],[106.956119,21.191899],[106.955608,21.190238],[106.953824,21.189726],[106.952295,21.188958],[106.947702,21.188317],[106.947832,21.186016],[106.946683,21.184867],[106.945792,21.182694],[106.945663,21.179881],[106.945153,21.177835],[106.94375,21.175917],[106.942986,21.173232],[106.941074,21.172082],[106.938011,21.172852],[106.937258,21.170312],[106.935973,21.168885],[106.933304,21.169881],[106.926029,21.174128],[106.924498,21.175917],[106.923095,21.17694],[106.92284,21.179242],[106.91672,21.1841],[106.915572,21.184356],[106.914298,21.183717],[106.9106,21.183972],[106.908815,21.183333],[106.904353,21.18295],[106.902057,21.181543],[106.899762,21.181543],[106.898398,21.180326],[106.894407,21.180138],[106.892877,21.17873],[106.888032,21.182439],[106.883952,21.183589],[106.879872,21.18231],[106.87847,21.179497],[106.876684,21.178602],[106.874134,21.174255],[106.869672,21.174128],[106.859796,21.176877],[106.858078,21.182526],[106.856665,21.188533],[106.849781,21.188575],[106.848634,21.187297],[106.847359,21.187552],[106.842387,21.186145],[106.836394,21.186274],[106.827723,21.188064],[106.826448,21.184355],[106.824916,21.181303],[106.826187,21.180405],[106.826958,21.178986],[106.826405,21.170668],[106.825939,21.163899],[106.830345,21.156778],[106.833843,21.152519]]]},"properties":{"npp":"NPP Vũ Đức Nam"}},{"type":"Feature","geometry":{"type":"Polygon","coordinates":[[[106.256441,22.453032],[106.252076,22.456579],[106.249006,22.458251],[106.241082,22.460679],[106.237382,22.460922],[106.233673,22.460234],[106.229723,22.4584],[106.227712,22.45777],[106.223775,22.457369],[106.219137,22.456257],[106.217119,22.45491],[106.214002,22.451277],[106.209622,22.444284],[106.204307,22.436079],[106.202435,22.433655],[106.200572,22.432235],[106.198858,22.430312],[106.197907,22.427307],[106.19602,22.42302],[106.194149,22.420667],[106.191809,22.417602],[106.190783,22.414813],[106.191133,22.410724],[106.190963,22.408789],[106.18971,22.406576],[106.186829,22.403299],[106.185729,22.400869],[106.184669,22.393994],[106.183524,22.387153],[106.186089,22.381469],[106.187246,22.379625],[106.188036,22.3783],[106.189199,22.377202],[106.190736,22.376732],[106.193389,22.376827],[106.19616,22.376348],[106.198066,22.375645],[106.200337,22.374309],[106.203985,22.371577],[106.206283,22.369827],[106.206978,22.368507],[106.207854,22.365812],[106.208543,22.363716],[106.209561,22.362633],[106.211805,22.362078],[106.213973,22.36027],[106.216261,22.357444],[106.217008,22.35475],[106.217941,22.351158],[106.218099,22.350294],[106.217856,22.348769],[106.216041,22.34693],[106.212807,22.344326],[106.208011,22.339283],[106.205537,22.335418],[106.202337,22.329228],[106.199453,22.322438],[106.198194,22.317906],[106.197649,22.314146],[106.197691,22.311636],[106.198569,22.30918],[106.199894,22.306422],[106.201544,22.30408],[106.204288,22.302087],[106.206266,22.300639],[106.207024,22.299199],[106.20758,22.296626],[106.208646,22.29375],[106.209977,22.291649],[106.211505,22.290204],[106.212722,22.289896],[106.214137,22.290184],[106.216588,22.29142],[106.218387,22.291586],[106.220049,22.290737],[106.221192,22.289354],[106.222199,22.286957],[106.222296,22.283431],[106.223183,22.28199],[106.22478,22.281082],[106.226575,22.280829],[106.230167,22.280444],[106.232536,22.279709],[106.234452,22.278559],[106.236228,22.276156],[106.239793,22.272783],[106.242402,22.270134],[106.243287,22.268633],[106.243341,22.267438],[106.243307,22.263555],[106.243799,22.261161],[106.244612,22.258765],[106.244848,22.256373],[106.244185,22.254048],[106.241636,22.249343],[106.24033,22.24625],[106.240179,22.243742],[106.240792,22.240451],[106.240514,22.238063],[106.239329,22.234667],[106.236837,22.228591],[106.235909,22.225193],[106.235244,22.222569],[106.234273,22.22162],[106.232021,22.220861],[106.229962,22.220279],[106.227767,22.218682],[106.224206,22.215124],[106.220101,22.207866],[106.219308,22.205183],[106.219392,22.200104],[106.219927,22.1952],[106.221304,22.191127],[106.223641,22.186867],[106.226947,22.183496],[106.230702,22.180003],[106.231078,22.178924],[106.231068,22.177789],[106.230025,22.175945],[106.225892,22.17275],[106.219698,22.168614],[106.216669,22.167023],[106.213759,22.164296],[106.208126,22.158124],[106.204893,22.155101],[106.200566,22.151667],[106.199333,22.150003],[106.19822,22.147263],[106.19666,22.144885],[106.195112,22.14382],[106.193251,22.143715],[106.191333,22.144446],[106.189663,22.144159],[106.18863,22.14333],[106.18662,22.140716],[106.186281,22.138507],[106.186012,22.137075],[106.185488,22.135705],[106.184513,22.134218],[106.182193,22.132861],[106.180195,22.13168],[106.179604,22.129952],[106.180043,22.128813],[106.181888,22.127067],[106.182962,22.125028],[106.183713,22.122872],[106.183954,22.120958],[106.183684,22.119406],[106.182392,22.11828],[106.179565,22.117524],[106.177887,22.116281],[106.175946,22.114204],[106.174146,22.11362],[106.170171,22.113708],[106.169079,22.113477],[106.167788,22.11247],[106.165443,22.108065],[106.16395,22.105806],[106.161621,22.103253],[106.160451,22.101289],[106.159533,22.098906],[106.159193,22.096459],[106.159358,22.093111],[106.158704,22.091562],[106.157336,22.088883],[106.156088,22.085247],[106.155302,22.083162],[106.154464,22.08257],[106.149143,22.082608],[106.14312,22.083068],[106.136601,22.085623],[106.131674,22.086733],[106.124299,22.086545],[106.12212,22.08656],[106.120899,22.086269],[106.118965,22.084848],[106.117978,22.081748],[106.11654,22.078233],[106.114722,22.075198],[106.112455,22.072226],[106.111232,22.071636],[106.109951,22.071765],[106.107466,22.073753],[106.105419,22.074245],[106.103747,22.073659],[106.099623,22.070878],[106.0973,22.068922],[106.09639,22.067255],[106.096055,22.065465],[106.096104,22.063433],[106.097557,22.060675],[106.09862,22.057202],[106.099904,22.049187],[106.100253,22.044583],[106.099659,22.042317],[106.098556,22.040651],[106.095787,22.038937],[106.094299,22.037095],[106.09416,22.035721],[106.094207,22.03357],[106.095021,22.030995],[106.096034,22.029435],[106.098202,22.027986],[106.102221,22.025629],[106.105794,22.023633],[106.106939,22.02249],[106.108198,22.019554],[106.108815,22.016502],[106.108865,22.013005],[106.108716,22.008759],[106.107752,22.003459],[106.107575,22.000377],[106.108555,21.997933],[106.110466,21.996414],[106.112452,21.994752],[106.112825,21.993387],[106.112348,21.991382],[106.111255,21.989239],[106.111092,21.987949],[106.11144,21.983286],[106.111384,21.976116],[106.111803,21.970736],[106.111927,21.966863],[106.110753,21.964218],[106.109288,21.963654],[106.10706,21.963741],[106.102673,21.963053],[106.097811,21.960505],[106.096484,21.957861],[106.096542,21.955422],[106.097684,21.954052],[106.099292,21.953253],[106.101983,21.953378],[106.105752,21.95364],[106.107072,21.953341],[106.108711,21.951639],[106.108511,21.948257],[106.106241,21.945855],[106.097821,21.938253],[106.122379,21.923909],[106.130197,21.91055],[106.124428,21.898824],[106.113084,21.891732],[106.115346,21.869456],[106.111397,21.85273],[106.117665,21.842213],[106.10697,21.837608],[106.108096,21.832187],[106.101628,21.830773],[106.095567,21.821713],[106.095191,21.81939],[106.0986,21.812453],[106.107479,21.802976],[106.110651,21.780585],[106.136851,21.784351],[106.168272,21.741798],[106.23816,21.727634],[106.185185,21.604112],[106.169103,21.595937],[106.167061,21.577801],[106.169425,21.565047],[106.167623,21.560936],[106.167636,21.51256],[106.224741,21.493716],[106.237609,21.494631],[106.242136,21.486025],[106.245002,21.485802],[106.245774,21.485248],[106.245447,21.484036],[106.24357,21.482817],[106.244342,21.481273],[106.245365,21.481267],[106.246333,21.484365],[106.24985,21.487347],[106.261906,21.491205],[106.28862,21.491462],[106.282645,21.472355],[106.285262,21.47209],[106.286763,21.470551],[106.286533,21.465475],[106.284221,21.46172],[106.283228,21.452108],[106.28635,21.453181],[106.28828,21.455407],[106.289041,21.455787],[106.290998,21.455079],[106.291406,21.454092],[106.291162,21.452574],[106.289284,21.450854],[106.288764,21.450005],[106.291172,21.446241],[106.295159,21.442865],[106.296487,21.443137],[106.297406,21.445664],[106.298332,21.446586],[106.299598,21.445843],[106.301272,21.44312],[106.30567,21.442177],[106.306376,21.442455],[106.306567,21.443163],[106.304242,21.446169],[106.304107,21.447531],[106.305662,21.449134],[106.31092,21.452006],[106.313577,21.44926],[106.314859,21.444905],[106.31668,21.444273],[106.317469,21.444677],[106.318988,21.446846],[106.322687,21.446867],[106.325869,21.448199],[106.329215,21.446209],[106.329416,21.445178],[106.32889,21.444439],[106.32879,21.442091],[106.32917,21.440811],[106.330812,21.439728],[106.332322,21.439531],[106.33351,21.436375],[106.333125,21.434869],[106.331584,21.434152],[106.329788,21.432915],[106.329438,21.431759],[106.330085,21.430636],[106.328565,21.429228],[106.328468,21.426898],[106.325268,21.42566],[106.326969,21.420424],[106.327323,21.418146],[106.32648,21.415919],[106.324713,21.414958],[106.322251,21.414987],[106.321999,21.41248],[106.322901,21.410608],[106.32488,21.409302],[106.328239,21.4082],[106.331731,21.404802],[106.334673,21.404534],[106.335451,21.401331],[106.337588,21.400597],[106.341089,21.396768],[106.342199,21.397345],[106.342212,21.399328],[106.344304,21.398739],[106.344489,21.401689],[106.346741,21.400846],[106.349481,21.399438],[106.350194,21.397005],[106.352005,21.39666],[106.35768,21.398089],[106.359774,21.395707],[106.367259,21.399383],[106.372777,21.394728],[106.375615,21.395465],[106.378406,21.394382],[106.381337,21.396288],[106.386966,21.39802],[106.387896,21.399449],[106.390496,21.400316],[106.391287,21.402178],[106.395567,21.406206],[106.400358,21.40573],[106.401614,21.406379],[106.404638,21.404474],[106.40594,21.40469],[106.407987,21.405989],[106.410127,21.406466],[106.411895,21.406336],[106.413383,21.406422],[106.415756,21.408631],[106.415849,21.41006],[106.415105,21.412616],[106.41557,21.414608],[106.414825,21.41634],[106.413895,21.417553],[106.412127,21.417466],[106.407382,21.419501],[106.404219,21.426214],[106.407196,21.430452],[106.413337,21.432184],[106.4175,21.437965],[106.421594,21.438268],[106.424199,21.440736],[106.428237,21.440476],[106.432654,21.438614],[106.434841,21.442814],[106.439888,21.443983],[106.443761,21.437358],[106.449704,21.436795],[106.452589,21.439851],[106.455288,21.438899],[106.45887,21.439072],[106.461428,21.437643],[106.465708,21.43799],[106.470501,21.441367],[106.47317,21.448325],[106.482764,21.44984],[106.483601,21.4572],[106.487136,21.462196],[106.486857,21.466871],[106.489213,21.472071],[106.492401,21.474417],[106.492624,21.479917],[106.49515,21.484344],[106.510972,21.488443],[106.52105,21.499204],[106.507198,21.522609],[106.50903,21.527007],[106.512073,21.529112],[106.513965,21.531853],[106.518947,21.533063],[106.521764,21.535536],[106.526433,21.545419],[106.52599,21.54861],[106.52729,21.550879],[106.525842,21.553298],[106.527792,21.559739],[106.532071,21.564044],[106.536079,21.563494],[106.541871,21.571322],[106.541842,21.573307],[106.543992,21.576962],[106.548623,21.579153],[106.551418,21.582087],[106.552624,21.584779],[106.552135,21.589791],[106.554981,21.591238],[106.557248,21.593635],[106.56414,21.595372],[106.569564,21.599247],[106.57082,21.602478],[106.58432,21.599206],[106.592545,21.600198],[106.596236,21.599909],[106.603385,21.60396],[106.609743,21.603381],[106.614901,21.608135],[106.624861,21.605679],[106.626061,21.602785],[106.636069,21.600677],[106.644952,21.607084],[106.65549,21.60386],[106.660603,21.606606],[106.663982,21.604829],[106.670721,21.608936],[106.676777,21.603764],[106.681357,21.602523],[106.683495,21.602772],[106.689639,21.600084],[106.691906,21.597397],[106.703952,21.592945],[106.701329,21.58604],[106.703196,21.582195],[106.698617,21.573719],[106.706678,21.567015],[106.708056,21.562921],[106.722607,21.55614],[106.727194,21.555602],[106.729239,21.551963],[106.73373,21.549275],[106.735205,21.544353],[106.755667,21.540714],[106.759046,21.547772],[106.757757,21.55732],[106.758068,21.55856],[106.75749,21.561083],[106.755008,21.561268],[106.755929,21.568454],[106.765739,21.572898],[106.772117,21.57181],[106.787087,21.576885],[106.789214,21.570707],[106.792335,21.568334],[106.793115,21.566884],[106.79789,21.565335],[106.800087,21.561974],[106.806182,21.559337],[106.811216,21.559831],[106.813294,21.561479],[106.820913,21.563193],[106.824669,21.56227],[106.826725,21.560457],[106.828567,21.560161],[106.827221,21.561611],[106.831004,21.562929],[106.844754,21.558941],[106.848759,21.552382],[106.848263,21.550512],[106.851239,21.546689],[106.84968,21.545469],[106.85255,21.539975],[106.862186,21.53643],[106.865289,21.533571],[106.865614,21.527843],[106.860738,21.522647],[106.85864,21.521355],[106.855715,21.522757],[106.854178,21.525039],[106.853351,21.525259],[106.85143,21.52367],[106.851017,21.522538],[106.851135,21.516974],[106.846466,21.51395],[106.840379,21.512932],[106.838517,21.506706],[106.842684,21.504699],[106.844752,21.49904],[106.84292,21.497968],[106.844072,21.493679],[106.845048,21.493789],[106.850307,21.499453],[106.851519,21.499123],[106.852996,21.496841],[106.860975,21.496208],[106.868095,21.497748],[106.874275,21.497006],[106.887248,21.49137],[106.889819,21.490985],[106.890912,21.487713],[106.889021,21.48598],[106.889759,21.483451],[106.892508,21.481058],[106.891739,21.479666],[106.894119,21.47668],[106.900957,21.474249],[106.903143,21.472132],[106.903262,21.470038],[106.898475,21.462338],[106.893392,21.459713],[106.891619,21.452067],[106.896909,21.444241],[106.903266,21.44061],[106.911373,21.431368],[106.914771,21.430076],[106.926411,21.440995],[106.929041,21.44061],[106.931878,21.435879],[106.931612,21.432111],[106.928952,21.428508],[106.929425,21.42628],[106.931021,21.426995],[106.934449,21.430742],[106.937404,21.431779],[106.940093,21.434695],[106.946564,21.434612],[106.947451,21.432742],[106.946505,21.431717],[106.949342,21.429627],[106.949667,21.427247],[106.953449,21.423644],[106.956746,21.424075],[106.959559,21.425459],[106.962662,21.427302],[106.967951,21.435657],[106.970463,21.436813],[106.974245,21.437418],[106.976728,21.43695],[106.98009,21.43926],[106.987326,21.439783],[106.991703,21.436207],[106.992413,21.430482],[106.995068,21.430069],[107.001298,21.425228],[107.003721,21.422546],[107.004046,21.421253],[107.002923,21.418777],[106.997752,21.417974],[106.992345,21.41371],[106.992285,21.41206],[106.992906,21.409061],[106.99004,21.404081],[106.986346,21.401275],[106.98673,21.398084],[106.987439,21.394452],[106.987351,21.39011],[106.989282,21.386836],[106.993656,21.38185],[106.99342,21.376539],[106.991736,21.373172],[106.991825,21.368726],[106.990291,21.364388],[106.987356,21.360929],[106.988382,21.358628],[106.991315,21.357215],[106.994777,21.357091],[106.999215,21.354794],[107.002021,21.35083],[107.008891,21.34878],[107.012982,21.345193],[107.018586,21.344686],[107.018213,21.340357],[107.022516,21.336651],[107.024459,21.329091],[107.031346,21.325129],[107.038417,21.325917],[107.039498,21.327946],[107.050062,21.328635],[107.05196,21.335399],[107.056877,21.339555],[107.059351,21.345635],[107.063461,21.34844],[107.069528,21.346652],[107.074385,21.347677],[107.07617,21.34562],[107.07872,21.346143],[107.08535,21.355605],[107.092751,21.357134],[107.095053,21.36072],[107.094275,21.361487],[107.097334,21.374272],[107.102179,21.377085],[107.10626,21.375039],[107.109321,21.376319],[107.12564,21.369414],[107.134565,21.371459],[107.143236,21.369157],[107.14198,21.36608],[107.147317,21.364299],[107.15624,21.368902],[107.157771,21.368901],[107.159556,21.366856],[107.164146,21.365833],[107.167207,21.363532],[107.172307,21.364299],[107.177917,21.369926],[107.182252,21.371459],[107.186077,21.376063],[107.192197,21.37555],[107.19369,21.378656],[107.199082,21.377341],[107.203673,21.378875],[107.210685,21.387058],[107.214765,21.387314],[107.216679,21.389104],[107.219865,21.385652],[107.222543,21.385268],[107.227771,21.377213],[107.235677,21.373249],[107.235803,21.370182],[107.238226,21.369926],[107.241287,21.363788],[107.249829,21.367368],[107.252251,21.366601],[107.258754,21.37926],[107.2585,21.384375],[107.261559,21.387442],[107.261049,21.394347],[107.26564,21.400228],[107.257734,21.404576],[107.2585,21.407644],[107.256458,21.411736],[107.257479,21.41685],[107.254419,21.422476],[107.248044,21.424778],[107.24779,21.429636],[107.245748,21.429381],[107.241669,21.434752],[107.246005,21.441911],[107.244984,21.444724],[107.240692,21.446159],[107.242298,21.451145],[107.238052,21.460858],[107.24218,21.465949],[107.240395,21.473365],[107.244984,21.4772],[107.246514,21.48257],[107.237844,21.493566],[107.236059,21.502517],[107.238864,21.506097],[107.231978,21.521695],[107.223053,21.520161],[107.216899,21.530826],[107.211362,21.530723],[107.204677,21.541192],[107.221468,21.553207],[107.226587,21.550994],[107.232243,21.55404],[107.246157,21.5482],[107.247673,21.557086],[107.26179,21.563807],[107.273802,21.562035],[107.284602,21.569077],[107.28419,21.578404],[107.290362,21.581355],[107.294579,21.592109],[107.310009,21.595535],[107.3133,21.590015],[107.323197,21.594296],[107.330176,21.587148],[107.340662,21.588113],[107.347856,21.59502],[107.358702,21.594914],[107.362473,21.599748],[107.358375,21.602723],[107.355871,21.605805],[107.3557,21.607121],[107.356042,21.60849],[107.358601,21.612694],[107.359233,21.616209],[107.358288,21.620514],[107.357395,21.622189],[107.356369,21.623178],[107.353809,21.624132],[107.352912,21.625578],[107.352851,21.629363],[107.352882,21.62958],[107.353128,21.631309],[107.354626,21.63295],[107.359762,21.635801],[107.361452,21.637899],[107.362539,21.640636],[107.362807,21.642008],[107.362703,21.643156],[107.361925,21.644314],[107.360005,21.646921],[107.359308,21.649339],[107.358325,21.654768],[107.358126,21.655872],[107.357621,21.658766],[107.357685,21.662722],[107.357294,21.665021],[107.356105,21.667388],[107.355162,21.669753],[107.353597,21.671552],[107.350868,21.673483],[107.3463,21.675497],[107.344301,21.677074],[107.344075,21.678281],[107.344584,21.67942],[107.34552,21.680382],[107.346345,21.68209],[107.346307,21.683524],[107.345771,21.684507],[107.344503,21.685786],[107.341897,21.687772],[107.339217,21.688957],[107.337137,21.68933],[107.335804,21.690324],[107.333713,21.693851],[107.332807,21.698508],[107.33089,21.701401],[107.324266,21.705888],[107.322811,21.706864],[107.322192,21.708127],[107.322092,21.709801],[107.321225,21.711545],[107.31978,21.713118],[107.31828,21.71523],[107.317922,21.716848],[107.317956,21.718937],[107.319825,21.723869],[107.319839,21.724764],[107.319471,21.725725],[107.318524,21.726455],[107.316422,21.726962],[107.312145,21.727321],[107.31018,21.728363],[107.30797,21.730067],[107.305256,21.732952],[107.303717,21.736471],[107.301944,21.740796],[107.300625,21.742706],[107.298428,21.743482],[107.295602,21.743349],[107.293561,21.742346],[107.289465,21.739478],[107.287838,21.737494],[107.286886,21.7355],[107.28557,21.733798],[107.284644,21.73341],[107.283232,21.733429],[107.2795,21.734111],[107.277361,21.734714],[107.273793,21.73419],[107.268493,21.732772],[107.265529,21.731551],[107.259766,21.728017],[107.254985,21.72447],[107.249685,21.719038],[107.248278,21.715387],[107.246895,21.709328],[107.245754,21.706992],[107.244028,21.706442],[107.24194,21.706356],[107.238387,21.706691],[107.236312,21.707464],[107.234849,21.708057],[107.232764,21.708143],[107.226759,21.708682],[107.220378,21.708984],[107.217328,21.710172],[107.213806,21.71257],[107.211929,21.714201],[107.209671,21.715033],[107.205519,21.71635],[107.198341,21.720517],[107.196536,21.721901],[107.196041,21.722983],[107.195948,21.724568],[107.1968,21.72593],[107.197021,21.727898],[107.196224,21.730247],[107.196052,21.732352],[107.195818,21.733788],[107.195292,21.734536],[107.193665,21.73525],[107.190865,21.736148],[107.19017,21.737495],[107.189533,21.739367],[107.189063,21.742049],[107.188159,21.743208],[107.184553,21.747204],[107.183516,21.747958],[107.182297,21.748524],[107.179157,21.749137],[107.177278,21.74958],[107.174785,21.749642],[107.17351,21.749868],[107.172813,21.750295],[107.172184,21.75102],[107.171091,21.752737],[107.1703,21.753285],[107.169216,21.753449],[107.168067,21.753583],[107.166941,21.75312],[107.165772,21.751911],[107.164999,21.751533],[107.163465,21.751553],[107.161149,21.752748],[107.160744,21.75347],[107.16051,21.754906],[107.160048,21.756047],[107.158982,21.757495],[107.15775,21.758467],[107.155936,21.759028],[107.151546,21.760489],[107.149672,21.761319],[107.147278,21.761589],[107.146101,21.761963],[107.145986,21.762047],[107.144772,21.762936],[107.143986,21.763842],[107.143415,21.764088],[107.142521,21.76419],[107.141237,21.763878],[107.139922,21.763596],[107.138836,21.76361],[107.138042,21.764009],[107.137702,21.76476],[107.137152,21.766499],[107.136403,21.767733],[107.135327,21.768464],[107.134087,21.768988],[107.133615,21.769501],[107.133467,21.77031],[107.133801,21.771231],[107.1341,21.771974],[107.133984,21.772782],[107.133302,21.774254],[107.13259,21.775816],[107.13215,21.77633],[107.131261,21.776759],[107.129439,21.776813],[107.127265,21.776811],[107.125675,21.777429],[107.124311,21.778539],[107.123809,21.778703],[107.120644,21.780894],[107.117883,21.784324],[107.115254,21.787991],[107.113202,21.789779],[107.111976,21.791228],[107.111795,21.791977],[107.111588,21.793115],[107.110865,21.79399],[107.109947,21.794629],[107.108864,21.794912],[107.106852,21.795057],[107.105411,21.794985],[107.104198,21.795091],[107.103083,21.795403],[107.102317,21.795473],[107.101259,21.795307],[107.10033,21.795229],[107.099183,21.795513],[107.09823,21.795943],[107.096434,21.797788],[107.095046,21.799089],[107.093298,21.799828],[107.091038,21.800574],[107.089442,21.800803],[107.088551,21.801113],[107.087985,21.801807],[107.087177,21.80337],[107.085821,21.804731],[107.084076,21.805679],[107.083891,21.806189],[107.083817,21.807714],[107.083131,21.808917],[107.081673,21.809831],[107.079889,21.810332],[107.078202,21.810831],[107.076891,21.810877],[107.075514,21.810775],[107.073331,21.810175],[107.071281,21.809962],[107.066484,21.810052],[107.060451,21.810874],[107.055828,21.811887],[107.052799,21.812552],[107.05031,21.812972],[107.049227,21.813284],[107.048564,21.813889],[107.047674,21.814289],[107.045502,21.814435],[107.043324,21.814223],[107.041397,21.813709],[107.040311,21.813782],[107.038912,21.814367],[107.038124,21.815183],[107.037371,21.816268],[107.036707,21.816754],[107.035306,21.817249],[107.032847,21.817518],[107.031346,21.817686],[107.029084,21.818281],[107.027378,21.818777],[107.025125,21.820152],[107.022872,21.821527],[107.020333,21.824368],[107.016743,21.826821],[107.014973,21.827588],[107.01244,21.827526],[107.01184,21.827511],[107.007797,21.828306],[107.0058,21.830395],[107.003135,21.833123],[107.002679,21.835651],[107.002891,21.838232],[107.003197,21.841953],[107.003426,21.845161],[107.00308,21.846059],[107.002928,21.846658],[107.003099,21.847403],[107.004051,21.849153],[107.00571,21.851134],[107.00808,21.853555],[107.010505,21.855437],[107.011353,21.856531],[107.01189,21.858347],[107.013286,21.860582],[107.015011,21.862669],[107.017082,21.864316],[107.020242,21.86601],[107.021785,21.866529],[107.02384,21.867041],[107.026419,21.868383],[107.028873,21.869966],[107.030626,21.871736],[107.033877,21.87534],[107.036474,21.877996],[107.038804,21.879819],[107.041444,21.880921],[107.043881,21.881309],[107.046252,21.881518],[107.04876,21.882383],[107.051017,21.88355],[107.052639,21.885082],[107.055767,21.88976],[107.056542,21.891243],[107.058965,21.893306],[107.061161,21.894712],[107.061371,21.895904],[107.061389,21.897159],[107.060144,21.899623],[107.057277,21.904975],[107.057109,21.90671],[107.056883,21.908803],[107.056011,21.910427],[107.054697,21.912594],[107.054775,21.915836],[107.054883,21.916896],[107.054834,21.917814],[107.05382,21.919948],[107.052441,21.922317],[107.049538,21.925621],[107.046945,21.929094],[107.04561,21.930315],[107.043039,21.931035],[107.037346,21.932597],[107.03586,21.933854],[107.033787,21.936627],[107.032522,21.937718],[107.031246,21.938092],[107.029515,21.937934],[107.027528,21.93772],[107.024852,21.938649],[107.022886,21.939987],[107.02182,21.941613],[107.021139,21.943235],[107.020014,21.94516],[107.018431,21.946434],[107.015175,21.947071],[107.006538,21.947595],[107.002943,21.946922],[106.999356,21.946846],[106.995528,21.947849],[106.993053,21.949432],[106.991409,21.950945],[106.99001,21.951619],[106.988922,21.951632],[106.987308,21.950696],[106.986133,21.949097],[106.985585,21.946535],[106.985625,21.944803],[106.985608,21.943548],[106.984497,21.941949],[106.983067,21.940413],[106.982344,21.939048],[106.981672,21.936726],[106.979566,21.93263],[106.977658,21.92895],[106.976292,21.927353],[106.974099,21.926185],[106.971649,21.9249],[106.969658,21.924506],[106.966587,21.924602],[106.964083,21.924095],[106.962916,21.923033],[106.961745,21.921673],[106.960649,21.921089],[106.959304,21.921045],[106.957586,21.921842],[106.956198,21.923293],[106.954545,21.924208],[106.953405,21.925058],[106.952846,21.926319],[106.952175,21.928776],[106.951776,21.930718],[106.951041,21.931752],[106.949451,21.932344],[106.947142,21.932498],[106.945275,21.932623],[106.941834,21.932664],[106.938382,21.931959],[106.93524,21.931422],[106.931853,21.930946],[106.930318,21.931079],[106.928912,21.931612],[106.928433,21.932592],[106.928182,21.934675],[106.927347,21.939284],[106.926756,21.942875],[106.925455,21.946176],[106.924381,21.947204],[106.922736,21.948717],[106.921617,21.951239],[106.920316,21.95448],[106.920081,21.956036],[106.921135,21.958233],[106.922193,21.96067],[106.921733,21.964559],[106.920677,21.96702],[106.918914,21.969251],[106.918107,21.971172],[106.917749,21.973147],[106.916687,21.975131],[106.915997,21.976214],[106.914404,21.976771],[106.912805,21.976968],[106.911643,21.97679],[106.909011,21.975387],[106.905551,21.973324],[106.904805,21.973156],[106.903341,21.972824],[106.901294,21.972991],[106.89811,21.974809],[106.895188,21.976635],[106.892699,21.977321],[106.889442,21.978016],[106.887534,21.978993],[106.884868,21.980816],[106.880399,21.981943],[106.877591,21.982692],[106.875797,21.982653],[106.873418,21.981963],[106.871559,21.981805],[106.869319,21.98195],[106.867345,21.982809],[106.864728,21.983555],[106.860825,21.983839],[106.857688,21.983934],[106.852371,21.983874],[106.849547,21.983428],[106.846779,21.982384],[106.844851,21.981868],[106.842677,21.982132],[106.839708,21.983953],[106.837836,21.984798],[106.836788,21.984903],[106.835927,21.984853],[106.833764,21.984915],[106.832377,21.984644],[106.832126,21.984223],[106.831295,21.98342],[106.830921,21.982205],[106.83126,21.980672],[106.831861,21.977583],[106.831694,21.976557],[106.830764,21.975946],[106.829561,21.976031],[106.826394,21.976807],[106.824521,21.976613],[106.822774,21.976041],[106.81873,21.975297],[106.814302,21.974665],[106.811418,21.974446],[106.807816,21.975275],[106.804259,21.976604],[106.803464,21.977545],[106.802316,21.981034],[106.80187,21.982222],[106.800956,21.982877],[106.800071,21.982815],[106.79845,21.982224],[106.797492,21.982413],[106.796958,21.982778],[106.796281,21.983932],[106.795643,21.985158],[106.795206,21.987098],[106.79507,21.988497],[106.7953,21.99147],[106.795009,21.992799],[106.794099,21.993813],[106.792296,21.994048],[106.790714,21.993563],[106.789966,21.992173],[106.789177,21.990497],[106.788404,21.990183],[106.787522,21.990336],[106.786456,21.991172],[106.785892,21.992182],[106.785875,21.993903],[106.785947,21.996554],[106.785184,22.000039],[106.784248,22.002093],[106.78338,22.003357],[106.782274,22.00405],[106.781012,22.004529],[106.778901,22.004767],[106.777292,22.005215],[106.776265,22.006122],[106.775015,22.007534],[106.774804,22.007776],[106.773726,22.009017],[106.771821,22.0104],[106.769421,22.012074],[106.767854,22.012808],[106.766206,22.013256],[106.763251,22.013646],[106.756828,22.013357],[106.749994,22.010885],[106.747524,22.010051],[106.74529,22.009717],[106.741249,22.009329],[106.73628,22.008414],[106.735543,22.00792],[106.735262,22.006956],[106.735357,22.005234],[106.735338,22.003693],[106.734938,22.002371],[106.734155,22.001232],[106.731604,22.00004],[106.729179,21.996625],[106.727377,21.993812],[106.726743,21.989016],[106.726238,21.985401],[106.725485,21.983581],[106.724358,21.982517],[106.722306,21.981284],[106.718834,21.976948],[106.717273,21.974993],[106.71476,21.973728],[106.71367,21.973567],[106.71295,21.973461],[106.711378,21.973692],[106.71004,21.974351],[106.709577,21.97459],[106.709019,21.974878],[106.707383,21.975381],[106.706837,21.975297],[106.706225,21.975005],[106.705963,21.9745],[106.705983,21.973454],[106.706099,21.972467],[106.705832,21.971574],[106.705213,21.970654],[106.703173,21.968824],[106.702194,21.96728],[106.701449,21.966512],[106.700704,21.965862],[106.700248,21.96521],[106.699945,21.963988],[106.699487,21.963097],[106.698516,21.962241],[106.69726,21.961686],[106.696395,21.961605],[106.695754,21.961582],[106.695183,21.962066],[106.694404,21.963247],[106.693474,21.963726],[106.692838,21.964121],[106.692206,21.964815],[106.691601,21.96512],[106.690608,21.9651],[106.69,21.965166],[106.689429,21.96559],[106.689086,21.966341],[106.689094,21.967087],[106.690073,21.968571],[106.69198,21.970104],[106.692405,21.970787],[106.692977,21.973171],[106.692857,21.973799],[106.692476,21.974102],[106.691451,21.974112],[106.690525,21.974361],[106.689986,21.974815],[106.689551,21.975924],[106.688895,21.977305],[106.688011,21.978419],[106.686679,21.979479],[106.684772,21.980723],[106.683634,21.981989],[106.682372,21.984208],[106.681701,21.986043],[106.681506,21.98902],[106.681449,21.994003],[106.680965,22.001858],[106.681096,22.003183],[106.681535,22.00454],[106.682778,22.005639],[106.685067,22.007372],[106.687937,22.009565],[106.694992,22.014546],[106.696969,22.015923],[106.697672,22.016848],[106.6998,22.021235],[106.701249,22.023442],[106.702415,22.024541],[106.703649,22.024851],[106.705037,22.025195],[106.705776,22.025832],[106.706259,22.027691],[106.706202,22.029305],[106.70576,22.030994],[106.703715,22.036786],[106.702976,22.039232],[106.702256,22.040135],[106.701226,22.040827],[106.698358,22.042111],[106.696181,22.043353],[106.695422,22.044221],[106.695129,22.045442],[106.695359,22.046464],[106.69631,22.048247],[106.697038,22.050181],[106.697079,22.050957],[106.696957,22.051496],[106.695948,22.052821],[106.695482,22.05405],[106.695365,22.055007],[106.695661,22.055661],[106.696825,22.056486],[106.698305,22.0586],[106.699502,22.060631],[106.701194,22.063875],[106.70252,22.065403],[106.703801,22.066429],[106.704272,22.067177],[106.704326,22.068502],[106.703805,22.076393],[106.70357,22.082418],[106.70382,22.083992],[106.704296,22.085206],[106.705077,22.086237],[106.706943,22.087903],[106.708778,22.090177],[106.7098,22.091995],[106.710483,22.094425],[106.71074,22.096573],[106.71056,22.097614],[106.709997,22.098767],[106.708267,22.101975],[106.707127,22.103134],[106.705713,22.103902],[106.702725,22.104937],[106.697789,22.107103],[106.695999,22.108591],[106.694749,22.110253],[106.693725,22.111482],[106.693364,22.113493],[106.693666,22.116178],[106.693565,22.117434],[106.693229,22.118262],[106.692468,22.118987],[106.691399,22.119643],[106.690984,22.120292],[106.690689,22.121371],[106.690864,22.123197],[106.691884,22.128026],[106.692131,22.132647],[106.692072,22.134117],[106.691697,22.134945],[106.690785,22.135887],[106.68918,22.136764],[106.688384,22.137776],[106.688123,22.138531],[106.688131,22.13914],[106.688291,22.139676],[106.688879,22.140566],[106.690047,22.141737],[106.691677,22.142903],[106.693115,22.144143],[106.69355,22.145106],[106.694299,22.149794],[106.695243,22.154766],[106.695984,22.155547],[106.697492,22.156212],[106.699342,22.156444],[106.701071,22.156247],[106.703146,22.15601],[106.704075,22.156395],[106.704472,22.15743],[106.704609,22.159257],[106.704129,22.16091],[106.702803,22.162645],[106.701859,22.164124],[106.700902,22.164564],[106.699171,22.164582],[106.697123,22.163887],[106.694114,22.163309],[106.691421,22.163337],[106.690005,22.163961],[106.689016,22.164975],[106.688174,22.165378],[106.686867,22.165427],[106.68525,22.165444],[106.684485,22.165774],[106.683765,22.16675],[106.683163,22.167903],[106.681945,22.168991],[106.680955,22.169897],[106.67923,22.170452],[106.677278,22.171369],[106.67671,22.172163],[106.676302,22.173422],[106.676101,22.175969],[106.675921,22.176974],[106.675544,22.177695],[106.67471,22.178779],[106.674184,22.179824],[106.673811,22.180831],[106.672783,22.181774],[106.67072,22.183085],[106.669044,22.184572],[106.668899,22.185326],[106.669139,22.186077],[106.669919,22.186929],[106.671234,22.187489],[106.673404,22.188721],[106.674306,22.190146],[106.676658,22.193742],[106.677961,22.196488],[106.678528,22.198848],[106.678917,22.202429],[106.678806,22.205834],[106.683155,22.204654],[106.686102,22.204325],[106.689961,22.205122],[106.69351,22.206877],[106.695846,22.209003],[106.69677,22.211204],[106.696736,22.213654],[106.696398,22.2176],[106.696671,22.218971],[106.697323,22.219801],[106.69842,22.220327],[106.699747,22.220593],[106.699349,22.222071],[106.698785,22.22326],[106.69791,22.224129],[106.697001,22.225321],[106.696291,22.227157],[106.694756,22.230721],[106.694238,22.232447],[106.693494,22.234677],[106.693054,22.236474],[106.692914,22.237658],[106.693017,22.239772],[106.69303,22.240919],[106.692273,22.242002],[106.690749,22.243344],[106.690414,22.244244],[106.690387,22.245212],[106.690562,22.246966],[106.690229,22.248153],[106.68936,22.249524],[106.687764,22.251297],[106.687624,22.252445],[106.687797,22.254021],[106.688317,22.255628],[106.688371,22.256954],[106.688115,22.258068],[106.686917,22.260912],[106.686198,22.261994],[106.685092,22.26283],[106.683918,22.264527],[106.683063,22.266147],[106.683084,22.267946],[106.683898,22.270067],[106.684989,22.271059],[106.686223,22.272074],[106.6874,22.272305],[106.68814,22.272942],[106.688962,22.274117],[106.688976,22.278454],[106.68861,22.28007],[106.687891,22.281082],[106.686396,22.281671],[106.684431,22.281655],[106.681425,22.281435],[106.680386,22.281554],[106.6797,22.282134],[106.679099,22.283467],[106.678535,22.284548],[106.677199,22.285565],[106.675243,22.286267],[106.673665,22.28639],[106.670265,22.285493],[106.668449,22.284974],[106.666719,22.285279],[106.665611,22.286043],[106.664818,22.287377],[106.664458,22.289496],[106.664476,22.291001],[106.665308,22.292964],[106.665966,22.29647],[106.665679,22.298265],[106.664588,22.300427],[106.664254,22.301506],[106.664237,22.30337],[106.665559,22.307586],[106.665541,22.309342],[106.664907,22.311069],[106.663279,22.313523],[106.659428,22.316861],[106.657261,22.31932],[106.656674,22.321799],[106.655663,22.32758],[106.655414,22.329304],[106.655663,22.330806],[106.657036,22.332907],[106.657049,22.334018],[106.656865,22.334701],[106.656066,22.33557],[106.652467,22.337506],[106.64975,22.339039],[106.647875,22.340169],[106.645918,22.34087],[106.642834,22.340722],[106.641019,22.340418],[106.639392,22.339682],[106.637735,22.339627],[106.636464,22.339712],[106.634775,22.34023],[106.633619,22.340206],[106.632728,22.339821],[106.631718,22.339114],[106.630789,22.338693],[106.629861,22.338416],[106.626308,22.337699],[106.623094,22.336369],[106.618829,22.334046],[106.617134,22.334063],[106.615946,22.334577],[106.615188,22.335731],[106.614666,22.337242],[106.613647,22.33908],[106.612426,22.340096],[106.611272,22.340287],[106.610115,22.340155],[106.608491,22.339669],[106.606253,22.339369],[106.602703,22.338938],[106.599697,22.338932],[106.595507,22.339798],[106.591143,22.342242],[106.588729,22.343484],[106.587269,22.343821],[106.58638,22.343579],[106.585289,22.342515],[106.583968,22.341524],[106.581299,22.340654],[106.579874,22.340704],[106.578263,22.3414],[106.577275,22.342593],[106.57634,22.345075],[106.575617,22.345942],[106.57462,22.346382],[106.57354,22.346285],[106.572146,22.345618],[106.570353,22.343807],[106.569228,22.343101],[106.567842,22.343222],[106.566195,22.344098],[106.558866,22.348262],[106.558235,22.349284],[106.558252,22.350777],[106.559258,22.354591],[106.559306,22.354838],[106.560103,22.358817],[106.559638,22.363183],[106.559822,22.365272],[106.560639,22.366519],[106.561611,22.367346],[106.562642,22.367575],[106.563861,22.367503],[106.565842,22.366588],[106.566934,22.366577],[106.567966,22.366985],[106.568944,22.36829],[106.569703,22.370075],[106.570931,22.37072],[106.575146,22.371456],[106.578118,22.372921],[106.579341,22.374224],[106.581368,22.376384],[106.58329,22.378725],[106.583599,22.380514],[106.583255,22.381354],[106.582207,22.38235],[106.581705,22.3834],[106.581683,22.384356],[106.582539,22.3862],[106.583588,22.388041],[106.58426,22.390663],[106.583915,22.394191],[106.583067,22.395962],[106.581568,22.396873],[106.579424,22.397641],[106.577212,22.398021],[106.575648,22.398872],[106.574347,22.400319],[106.571555,22.403041],[106.569971,22.404969],[106.568207,22.408152],[106.565948,22.412953],[106.563759,22.418291],[106.562758,22.420691],[106.562392,22.422486],[106.562476,22.424218],[106.552924,22.42279],[106.546001,22.421537],[106.541181,22.420723],[106.536795,22.420191],[106.534509,22.419869],[106.533452,22.419134],[106.53213,22.416623],[106.530472,22.411763],[106.528965,22.409254],[106.527341,22.407434],[106.52541,22.405732],[106.522865,22.404207],[106.521369,22.402788],[106.518627,22.400175],[106.517142,22.39973],[106.514985,22.399923],[106.511734,22.401559],[106.508975,22.403076],[106.505903,22.404194],[106.502949,22.404795],[106.500492,22.404789],[106.49699,22.404153],[106.493065,22.403628],[106.491967,22.40316],[106.491511,22.402507],[106.491305,22.401314],[106.491802,22.399696],[106.492236,22.398199],[106.492028,22.396767],[106.490342,22.395348],[106.485122,22.393843],[106.483184,22.392786],[106.48285,22.391594],[106.483095,22.390516],[106.484115,22.38973],[106.48674,22.388929],[106.487889,22.388202],[106.488071,22.387185],[106.487927,22.385692],[106.487072,22.383908],[106.484619,22.382736],[106.481259,22.380914],[106.480993,22.38008],[106.480984,22.379184],[106.482189,22.377739],[106.486224,22.376567],[106.487884,22.375656],[106.488259,22.374697],[106.487987,22.373265],[106.487657,22.372432],[106.487069,22.371481],[106.485705,22.37006],[106.483907,22.369563],[106.483477,22.369288],[106.478593,22.366659],[106.474935,22.3648],[106.469492,22.363186],[106.465961,22.361612],[106.464161,22.360539],[106.461509,22.359948],[106.461195,22.359878],[106.456625,22.35923],[106.451006,22.358478],[106.446695,22.358975],[106.443316,22.36021],[106.437558,22.363874],[106.435592,22.364638],[106.433372,22.3646],[106.430704,22.36296],[106.426982,22.360871],[106.424758,22.360374],[106.421927,22.360915],[106.419787,22.36277],[106.414099,22.367408],[106.410432,22.370652],[106.408464,22.371185],[106.40441,22.371336],[106.403567,22.371343],[106.401251,22.37142],[106.398543,22.371959],[106.39615,22.37307],[106.394857,22.373368],[106.393685,22.373263],[106.391951,22.37259],[106.388213,22.368779],[106.385911,22.366676],[106.384545,22.365771],[106.382688,22.364983],[106.380512,22.363224],[106.37815,22.361351],[106.375674,22.36034],[106.372588,22.360022],[106.362402,22.358846],[106.359874,22.358868],[106.357845,22.359516],[106.354412,22.361609],[106.350252,22.36497],[106.346233,22.370338],[106.342293,22.373261],[106.341302,22.374417],[106.341007,22.375781],[106.341567,22.377928],[106.342236,22.383443],[106.341763,22.390329],[106.340792,22.393564],[106.338131,22.397529],[106.335074,22.40035],[106.33209,22.402741],[106.331176,22.403967],[106.331114,22.405545],[106.331769,22.409483],[106.331244,22.411064],[106.330484,22.412218],[106.328182,22.413455],[106.326487,22.413613],[106.325018,22.413195],[106.323388,22.411989],[106.321056,22.410001],[106.319198,22.409227],[106.316497,22.408962],[106.311962,22.410505],[106.308978,22.413038],[106.304166,22.417881],[106.299372,22.424802],[106.298148,22.425888],[106.296378,22.42626],[106.288981,22.426965],[106.286753,22.427843],[106.285684,22.428998],[106.285086,22.431082],[106.282304,22.438848],[106.278657,22.444899],[106.276062,22.447787],[106.269156,22.451785],[106.265309,22.452819],[106.263458,22.452833],[106.260521,22.452211],[106.258359,22.45187],[106.256441,22.453032]]]},"properties":{"npp":"NPP Ngọc Thêu"}},{"type":"Feature","geometry":{"type":"Polygon","coordinates":[[[105.132971,20.113205],[105.133179,20.101087],[105.138942,20.099891],[105.138683,20.092832],[105.147042,20.086901],[105.148273,20.080876],[105.155142,20.078198],[105.152604,20.06652],[105.165055,20.060098],[105.184991,20.064695],[105.206001,20.081471],[105.213913,20.100204],[105.242391,20.105721],[105.241912,20.121246],[105.254099,20.113267],[105.262062,20.114586],[105.260001,20.119952],[105.268526,20.127242],[105.274427,20.122669],[105.282296,20.136829],[105.277048,20.145391],[105.285381,20.151253],[105.285173,20.16802],[105.27657,20.179618],[105.303296,20.19551],[105.33309,20.182327],[105.340131,20.186486],[105.350173,20.185406],[105.361428,20.170977],[105.37912,20.175774],[105.416306,20.154457],[105.435524,20.138156],[105.44163,20.139146],[105.445197,20.134012],[105.458169,20.132035],[105.483283,20.105292],[105.486665,20.107284],[105.494367,20.089138],[105.492675,20.084534],[105.492907,20.083501],[105.496394,20.082111],[105.499979,20.0823],[105.499499,20.078462],[105.531138,20.083765],[105.565888,20.069491],[105.554164,20.097677],[105.584301,20.110766],[105.602529,20.142502],[105.577037,20.180203],[105.582722,20.189492],[105.571234,20.206497],[105.558918,20.207831],[105.556431,20.221286],[105.511478,20.227874],[105.517281,20.255345],[105.414886,20.337449],[105.430859,20.343461],[105.409179,20.372972],[105.26001,20.433056],[105.229943,20.503983],[105.169602,20.514788],[105.095762,20.572723],[105.041371,20.560251],[104.986671,20.576091],[104.960603,20.608173],[104.957062,20.630766],[104.94604,20.643671],[104.941582,20.644111],[104.929028,20.649271],[104.925369,20.653222],[104.898812,20.669147],[104.887197,20.670281],[104.88021,20.663855],[104.873876,20.662186],[104.857535,20.660917],[104.853313,20.66276],[104.847114,20.651479],[104.835282,20.645821],[104.83031,20.643275],[104.826744,20.643187],[104.815396,20.637138],[104.812676,20.630286],[104.810044,20.633704],[104.806291,20.63028],[104.807389,20.625933],[104.798316,20.619128],[104.797883,20.614276],[104.801249,20.606291],[104.798197,20.596923],[104.800964,20.593858],[104.802163,20.586519],[104.797875,20.584015],[104.790912,20.583151],[104.782427,20.584187],[104.781412,20.583756],[104.779937,20.580734],[104.780213,20.576978],[104.779798,20.576244],[104.771303,20.575386],[104.768275,20.57843],[104.768453,20.581974],[104.765862,20.584951],[104.759878,20.585051],[104.756383,20.581007],[104.755567,20.577962],[104.747825,20.576925],[104.742527,20.574196],[104.740001,20.573861],[104.737116,20.579844],[104.731951,20.583211],[104.725357,20.592795],[104.721991,20.599917],[104.722268,20.604147],[104.717656,20.603802],[104.714014,20.606003],[104.711708,20.605097],[104.708019,20.604708],[104.70682,20.603154],[104.7029,20.60419],[104.695373,20.604314],[104.692791,20.59853],[104.686842,20.596976],[104.682138,20.597796],[104.684444,20.600041],[104.684306,20.601206],[104.68283,20.604443],[104.683726,20.605427],[104.683245,20.612127],[104.684577,20.615513],[104.684183,20.616516],[104.675387,20.620587],[104.660801,20.624965],[104.659883,20.629164],[104.656314,20.632504],[104.65509,20.63613],[104.647341,20.640615],[104.64469,20.647008],[104.637756,20.651969],[104.634289,20.65445],[104.627866,20.634126],[104.624807,20.629641],[104.618587,20.624297],[104.611993,20.622664],[104.605671,20.615984],[104.602816,20.610257],[104.600777,20.608253],[104.597514,20.607585],[104.588031,20.610257],[104.580894,20.610448],[104.56508,20.608693],[104.557024,20.607738],[104.539792,20.59953],[104.530819,20.577958],[104.523784,20.571944],[104.525076,20.554661],[104.519162,20.550269],[104.513181,20.550055],[104.50431,20.545281],[104.499416,20.545663],[104.494419,20.54404],[104.476066,20.521123],[104.440254,20.509367],[104.415163,20.491886],[104.387021,20.490072],[104.385084,20.487588],[104.385287,20.478801],[104.375923,20.471634],[104.373578,20.467049],[104.378574,20.454821],[104.376539,20.446127],[104.37931,20.443239],[104.386856,20.442475],[104.391954,20.439131],[104.412755,20.427187],[104.405369,20.413876],[104.403942,20.389984],[104.406389,20.385492],[104.419543,20.378801],[104.447787,20.378132],[104.467569,20.371348],[104.478582,20.373546],[104.495848,20.384825],[104.508084,20.385303],[104.521441,20.393045],[104.525112,20.397824],[104.526642,20.412923],[104.528987,20.414166],[104.546626,20.409674],[104.562329,20.416173],[104.585067,20.416268],[104.602937,20.420004],[104.611808,20.425928],[104.615479,20.431757],[104.616397,20.438923],[104.612318,20.444656],[104.622827,20.458796],[104.639855,20.470355],[104.652193,20.47217],[104.662492,20.472074],[104.668202,20.469686],[104.668304,20.46491],[104.661472,20.460038],[104.665041,20.452013],[104.687274,20.435198],[104.703588,20.417903],[104.716028,20.407868],[104.712051,20.401657],[104.704302,20.39965],[104.693799,20.399745],[104.685948,20.403281],[104.65122,20.381434],[104.640718,20.375221],[104.622262,20.366427],[104.614697,20.358398],[104.617348,20.339851],[104.613473,20.304831],[104.621121,20.300336],[104.608269,20.273756],[104.608881,20.259982],[104.61225,20.244762],[104.62938,20.229741],[104.644032,20.235738],[104.662182,20.233059],[104.666363,20.228179],[104.668504,20.221099],[104.687062,20.216411],[104.718365,20.204354],[104.771387,20.198708],[104.806312,20.178732],[104.834251,20.155282],[104.853726,20.145518],[104.88503,20.146666],[104.919494,20.158728],[104.925612,20.15844],[104.927141,20.154516],[104.921839,20.149634],[104.921329,20.143125],[104.925816,20.135179],[104.939483,20.124359],[104.947946,20.121774],[104.97353,20.098244],[104.99237,20.094434],[105.054646,20.072011],[105.061864,20.078522],[105.078325,20.078195],[105.091748,20.085569],[105.084657,20.104328],[105.11253,20.105358],[105.129121,20.119948],[105.132971,20.113205]]]},"properties":{"npp":"NPP Minh Lộc"}},{"type":"Feature","geometry":{"type":"Polygon","coordinates":[[[105.409179,20.372972],[105.430859,20.343461],[105.414886,20.337449],[105.517281,20.255345],[105.511478,20.227874],[105.556431,20.221286],[105.558918,20.207831],[105.571234,20.206497],[105.582722,20.189492],[105.577037,20.180203],[105.602529,20.142502],[105.593223,20.126301],[105.62536,20.095179],[105.632112,20.099984],[105.635597,20.091802],[105.646551,20.096945],[105.661985,20.101387],[105.672938,20.090867],[105.682149,20.069123],[105.663728,20.049948],[105.675428,20.049948],[105.684638,20.045739],[105.68887,20.051585],[105.722726,20.035448],[105.727954,20.037787],[105.729198,20.043634],[105.724469,20.048545],[105.728203,20.052754],[105.73592,20.052754],[105.747122,20.063978],[105.766539,20.051819],[105.761318,20.047333],[105.765301,20.037745],[105.758082,20.033301],[105.765052,20.017397],[105.757833,20.007807],[105.744141,19.999386],[105.749369,19.9919],[105.751112,19.984881],[105.758331,19.982542],[105.760315,19.956583],[105.770097,19.961351],[105.772414,19.961306],[105.786682,19.938507],[105.784148,19.933444],[105.793167,19.927393],[105.801324,19.930986],[105.810824,19.927052],[105.81541,19.93004],[105.82076,19.926712],[105.826795,19.928943],[105.834375,19.923384],[105.843426,19.927847],[105.848151,19.92566],[105.845093,19.916578],[105.857357,19.908307],[105.848667,19.895488],[105.845734,19.887084],[105.853756,19.880791],[105.873116,19.898201],[105.88853,19.892489],[105.891143,19.882313],[105.898708,19.880695],[105.902817,19.889008],[105.912142,19.887615],[105.913229,19.880652],[105.918669,19.881825],[105.923617,19.886214],[105.935658,19.88915],[105.948232,19.887559],[105.969727,19.893247],[106.025234,19.954469],[106.025038,19.97982],[106.032506,20.000173],[106.054538,20.005549],[106.066665,20.038421],[106.075693,20.063078],[106.07162,20.066557],[106.023599,20.059468],[105.993322,20.068272],[105.960463,20.065987],[105.92422,20.10215],[105.907445,20.106436],[105.892861,20.119465],[105.88355,20.119771],[105.879863,20.12207],[105.875191,20.121426],[105.854397,20.137126],[105.845079,20.140426],[105.831474,20.150804],[105.741486,20.186691],[105.69645,20.225178],[105.650479,20.273293],[105.620128,20.281402],[105.598745,20.31314],[105.581307,20.310803],[105.552798,20.328768],[105.550331,20.346865],[105.544976,20.35132],[105.543028,20.362169],[105.530615,20.371971],[105.521689,20.35932],[105.428891,20.385204],[105.409179,20.372972]]]},"properties":{"npp":"NPP Phương Hà"}},{"type":"Feature","geometry":{"type":"Polygon","coordinates":[[[105.815485,19.571133],[105.827256,19.626008],[105.847649,19.689128],[105.878103,19.727525],[105.893738,19.718695],[105.920452,19.745439],[105.940437,19.796999],[105.933912,19.829104],[105.969727,19.893247],[105.948232,19.887559],[105.935658,19.88915],[105.923617,19.886214],[105.918669,19.881825],[105.913229,19.880652],[105.912142,19.887615],[105.902817,19.889008],[105.898708,19.880695],[105.891143,19.882313],[105.88853,19.892489],[105.873116,19.898201],[105.853756,19.880791],[105.845734,19.887084],[105.848667,19.895488],[105.857357,19.908307],[105.845093,19.916578],[105.848151,19.92566],[105.843426,19.927847],[105.834375,19.923384],[105.826795,19.928943],[105.82076,19.926712],[105.81541,19.93004],[105.810824,19.927052],[105.801324,19.930986],[105.793167,19.927393],[105.784148,19.933444],[105.786682,19.938507],[105.772414,19.961306],[105.770097,19.961351],[105.762476,19.957636],[105.767775,19.93897],[105.757492,19.919399],[105.766433,19.894723],[105.758293,19.881099],[105.785862,19.867184],[105.784837,19.856574],[105.793709,19.841741],[105.794309,19.834701],[105.823215,19.810902],[105.818353,19.803125],[105.819554,19.795924],[105.813762,19.791043],[105.799912,19.79458],[105.778199,19.773951],[105.771523,19.774261],[105.759429,19.748885],[105.741277,19.735218],[105.712254,19.734467],[105.711998,19.722425],[105.723752,19.709686],[105.712784,19.684451],[105.723327,19.676006],[105.736267,19.661536],[105.727937,19.657164],[105.719935,19.662899],[105.71299,19.651177],[105.724468,19.636286],[105.728314,19.63315],[105.727193,19.631707],[105.727903,19.629735],[105.730407,19.629242],[105.733211,19.631249],[105.736885,19.629492],[105.737969,19.63009],[105.736213,19.634526],[105.73625,19.636603],[105.739651,19.641918],[105.741744,19.641883],[105.74294,19.640194],[105.741333,19.636603],[105.743202,19.632871],[105.747739,19.631324],[105.750927,19.631716],[105.761116,19.634859],[105.762129,19.633428],[105.764215,19.632614],[105.766866,19.636122],[105.768326,19.636374],[105.770113,19.634971],[105.772691,19.624705],[105.771347,19.622771],[105.766848,19.62079],[105.764892,19.621573],[105.763817,19.625948],[105.761494,19.62611],[105.759521,19.62488],[105.760063,19.621448],[105.765632,19.617822],[105.766641,19.615674],[105.763688,19.614759],[105.762044,19.612858],[105.764408,19.601699],[105.76839,19.59809],[105.771829,19.598019],[105.774928,19.606264],[105.77836,19.606617],[105.783602,19.596447],[105.787846,19.593801],[105.797796,19.597382],[105.799419,19.606377],[105.803101,19.615018],[105.810402,19.61731],[105.817641,19.607376],[105.807002,19.587424],[105.808686,19.573372],[105.815485,19.571133]]]},"properties":{"npp":"NPP Hà Thanh"}},{"type":"Feature","geometry":{"type":"Polygon","coordinates":[[[105.499499,20.078462],[105.498567,20.071017],[105.508953,20.054315],[105.496234,20.046882],[105.495484,20.040792],[105.470895,20.040003],[105.47085,20.019551],[105.477645,20.013497],[105.47708,20.007945],[105.482496,20.007796],[105.485107,20.016487],[105.494139,20.01889],[105.494629,20.003451],[105.499711,20.000942],[105.505944,20.008679],[105.521299,19.992274],[105.536262,19.998819],[105.546708,19.984195],[105.554598,19.98757],[105.562068,19.979108],[105.560313,19.973702],[105.566821,19.964916],[105.562924,19.959625],[105.569347,19.955623],[105.58721,19.964729],[105.603802,19.955185],[105.61032,19.941329],[105.582976,19.924526],[105.592715,19.91404],[105.595159,19.905291],[105.584,19.889156],[105.548841,19.882724],[105.534801,19.891526],[105.521602,19.88295],[105.506206,19.880699],[105.501766,19.869301],[105.472127,19.862756],[105.455928,19.831604],[105.444048,19.841312],[105.432048,19.816478],[105.425315,19.815577],[105.430475,19.792094],[105.457234,19.786562],[105.459994,19.794239],[105.468514,19.793223],[105.473674,19.799772],[105.492393,19.794691],[105.504033,19.794239],[105.524912,19.804175],[105.521192,19.786562],[105.509193,19.7869],[105.508833,19.77798],[105.521912,19.77448],[105.518794,19.753393],[105.540442,19.759445],[105.541885,19.774317],[105.552391,19.779674],[105.558026,19.794231],[105.580958,19.789689],[105.581036,19.765269],[105.565521,19.757867],[105.568913,19.738229],[105.58935,19.730434],[105.58899,19.723431],[105.621389,19.712361],[105.624509,19.725803],[105.639988,19.732919],[105.658708,19.754039],[105.672747,19.75483],[105.703946,19.727498],[105.711998,19.722425],[105.712254,19.734467],[105.741277,19.735218],[105.759429,19.748885],[105.771523,19.774261],[105.778199,19.773951],[105.799912,19.79458],[105.813762,19.791043],[105.819554,19.795924],[105.818353,19.803125],[105.823215,19.810902],[105.794309,19.834701],[105.793709,19.841741],[105.784837,19.856574],[105.785862,19.867184],[105.758293,19.881099],[105.766433,19.894723],[105.757492,19.919399],[105.767775,19.93897],[105.762476,19.957636],[105.760315,19.956583],[105.758331,19.982542],[105.751112,19.984881],[105.749369,19.9919],[105.744141,19.999386],[105.757833,20.007807],[105.765052,20.017397],[105.758082,20.033301],[105.765301,20.037745],[105.761318,20.047333],[105.766539,20.051819],[105.747122,20.063978],[105.73592,20.052754],[105.728203,20.052754],[105.724469,20.048545],[105.729198,20.043634],[105.727954,20.037787],[105.722726,20.035448],[105.68887,20.051585],[105.684638,20.045739],[105.675428,20.049948],[105.663728,20.049948],[105.682149,20.069123],[105.672938,20.090867],[105.661985,20.101387],[105.646551,20.096945],[105.635597,20.091802],[105.632112,20.099984],[105.62536,20.095179],[105.593223,20.126301],[105.584301,20.110766],[105.554164,20.097677],[105.565888,20.069491],[105.531138,20.083765],[105.499499,20.078462]]]},"properties":{"npp":"NPP Thành Thanh"}},{"type":"Feature","geometry":{"type":"Polygon","coordinates":[[[105.568913,19.738229],[105.565521,19.757867],[105.581036,19.765269],[105.580958,19.789689],[105.558026,19.794231],[105.552391,19.779674],[105.541885,19.774317],[105.540442,19.759445],[105.518794,19.753393],[105.521912,19.77448],[105.508833,19.77798],[105.509193,19.7869],[105.521192,19.786562],[105.524912,19.804175],[105.504033,19.794239],[105.492393,19.794691],[105.473674,19.799772],[105.468514,19.793223],[105.459994,19.794239],[105.457234,19.786562],[105.430475,19.792094],[105.425315,19.815577],[105.432048,19.816478],[105.444048,19.841312],[105.455928,19.831604],[105.472127,19.862756],[105.501766,19.869301],[105.506206,19.880699],[105.521602,19.88295],[105.534801,19.891526],[105.548841,19.882724],[105.584,19.889156],[105.595159,19.905291],[105.592715,19.91404],[105.582976,19.924527],[105.61032,19.941329],[105.603802,19.955185],[105.58721,19.964729],[105.569347,19.955623],[105.562924,19.959625],[105.566821,19.964916],[105.560313,19.973702],[105.562068,19.979108],[105.554598,19.98757],[105.546708,19.984195],[105.536262,19.998819],[105.521299,19.992274],[105.505944,20.008679],[105.499711,20.000942],[105.494629,20.003451],[105.494139,20.01889],[105.485107,20.016487],[105.482496,20.007796],[105.47708,20.007945],[105.477645,20.013497],[105.47085,20.019551],[105.470895,20.040003],[105.495484,20.040792],[105.496234,20.046882],[105.508953,20.054315],[105.498567,20.071017],[105.499979,20.0823],[105.496394,20.082111],[105.492907,20.083501],[105.492675,20.084534],[105.494367,20.089138],[105.486665,20.107284],[105.483283,20.105292],[105.458169,20.132035],[105.445197,20.134012],[105.44163,20.139146],[105.435524,20.138156],[105.416306,20.154457],[105.37912,20.175774],[105.361428,20.170977],[105.350173,20.185406],[105.340131,20.186486],[105.33309,20.182327],[105.303296,20.19551],[105.27657,20.179618],[105.285173,20.16802],[105.285381,20.151253],[105.277048,20.145391],[105.282296,20.136829],[105.274427,20.122669],[105.268526,20.127242],[105.260001,20.119952],[105.262062,20.114586],[105.254099,20.113267],[105.241912,20.121246],[105.242391,20.105721],[105.213913,20.100204],[105.206001,20.081471],[105.184991,20.064695],[105.165055,20.060098],[105.152604,20.06652],[105.155142,20.078198],[105.148273,20.080876],[105.147042,20.086901],[105.138683,20.092832],[105.138942,20.099891],[105.133179,20.101087],[105.132971,20.113205],[105.129121,20.119948],[105.11253,20.105358],[105.084657,20.104328],[105.091748,20.085569],[105.078325,20.078195],[105.061864,20.078522],[105.054646,20.072011],[104.99237,20.094434],[104.980229,20.085293],[104.975536,20.079492],[104.972126,20.067575],[104.96204,20.055393],[104.961381,20.051719],[104.949072,20.047427],[104.938066,20.041384],[104.926642,20.026758],[104.918241,20.016971],[104.917121,20.009709],[104.913537,20.004342],[104.911073,20.0035],[104.914435,19.995492],[104.92088,19.997351],[104.919364,19.99598],[105.089892,19.93723],[105.169769,19.917596],[105.187839,19.867029],[105.178845,19.854699],[105.148303,19.855346],[105.131439,19.826991],[105.13385,19.743399],[105.163092,19.720584],[105.153885,19.707714],[105.171128,19.679901],[105.18196,19.681034],[105.209002,19.663893],[105.223032,19.648959],[105.236858,19.644698],[105.24476,19.658258],[105.261641,19.637351],[105.262036,19.628258],[105.26794,19.624233],[105.267209,19.61597],[105.272945,19.610408],[105.269068,19.607609],[105.284693,19.602703],[105.283324,19.594811],[105.273575,19.588301],[105.278651,19.584982],[105.281664,19.564426],[105.27226,19.556452],[105.270062,19.520979],[105.274178,19.518249],[105.270845,19.508702],[105.273675,19.506437],[105.342423,19.573271],[105.350642,19.578197],[105.355245,19.589622],[105.384633,19.590123],[105.406088,19.599227],[105.431927,19.533636],[105.462244,19.539114],[105.464642,19.563337],[105.508962,19.593161],[105.523539,19.620844],[105.525351,19.64088],[105.509492,19.66696],[105.478157,19.68238],[105.481528,19.701904],[105.49693,19.714904],[105.551851,19.700516],[105.564411,19.706888],[105.562684,19.713621],[105.568932,19.723295],[105.573848,19.725032],[105.574213,19.736218],[105.568913,19.738229]]]},"properties":{"npp":"NPP Thanh Bình"}},{"type":"Feature","geometry":{"type":"Polygon","coordinates":[[[105.346247,19.543433],[105.358139,19.538921],[105.356239,19.532236],[105.361669,19.528933],[105.365167,19.514812],[105.359051,19.506951],[105.378264,19.486382],[105.393179,19.463885],[105.390233,19.455616],[105.403966,19.449139],[105.415396,19.458547],[105.436035,19.452625],[105.445092,19.441906],[105.454797,19.442254],[105.462467,19.452451],[105.468761,19.456438],[105.478549,19.447048],[105.492504,19.451405],[105.492874,19.456372],[105.506266,19.463003],[105.525044,19.463343],[105.538907,19.455588],[105.543361,19.434701],[105.570231,19.399339],[105.583507,19.389133],[105.581611,19.381548],[105.59001,19.370214],[105.60913,19.36756],[105.620473,19.381774],[105.63006,19.378802],[105.631607,19.363973],[105.638379,19.367436],[105.646473,19.351646],[105.651943,19.35082],[105.659053,19.341738],[105.667913,19.340087],[105.664414,19.313753],[105.677227,19.321497],[105.686734,19.300037],[105.715785,19.302283],[105.74205,19.322064],[105.748958,19.300945],[105.75538,19.30673],[105.771531,19.290844],[105.801401,19.30067],[105.815606,19.256495],[105.837897,19.334171],[105.786835,19.377045],[105.815936,19.430388],[105.815485,19.571133],[105.808686,19.573372],[105.807002,19.587424],[105.817641,19.607376],[105.810402,19.61731],[105.803101,19.615018],[105.799419,19.606377],[105.797796,19.597382],[105.787846,19.593801],[105.783602,19.596447],[105.77836,19.606617],[105.774928,19.606264],[105.771829,19.598019],[105.76839,19.59809],[105.764408,19.601699],[105.762044,19.612858],[105.763688,19.614759],[105.766641,19.615674],[105.765632,19.617822],[105.760063,19.621448],[105.759521,19.62488],[105.761494,19.62611],[105.763817,19.625948],[105.764892,19.621573],[105.766848,19.62079],[105.771347,19.622771],[105.772691,19.624705],[105.770113,19.634971],[105.768326,19.636374],[105.766866,19.636122],[105.764215,19.632614],[105.762129,19.633428],[105.761116,19.634859],[105.750927,19.631716],[105.747739,19.631324],[105.743202,19.632871],[105.741333,19.636603],[105.74294,19.640194],[105.741744,19.641883],[105.739651,19.641918],[105.73625,19.636603],[105.736213,19.634526],[105.737969,19.63009],[105.736885,19.629492],[105.733211,19.631249],[105.730407,19.629242],[105.727903,19.629735],[105.727193,19.631707],[105.728314,19.63315],[105.724468,19.636286],[105.71299,19.651177],[105.719935,19.662899],[105.727937,19.657164],[105.736267,19.661536],[105.723327,19.676006],[105.712784,19.684451],[105.723752,19.709686],[105.711998,19.722425],[105.703946,19.727498],[105.672747,19.75483],[105.658708,19.754039],[105.639988,19.732919],[105.624509,19.725803],[105.621389,19.712361],[105.58899,19.723431],[105.58935,19.730434],[105.574213,19.736218],[105.573848,19.725032],[105.568932,19.723295],[105.562684,19.713621],[105.564411,19.706888],[105.551851,19.700516],[105.49693,19.714904],[105.481528,19.701904],[105.478157,19.68238],[105.509492,19.66696],[105.525351,19.64088],[105.523539,19.620844],[105.508962,19.593161],[105.464642,19.563337],[105.462244,19.539114],[105.431927,19.533636],[105.406088,19.599227],[105.384633,19.590123],[105.355245,19.589622],[105.350642,19.578197],[105.342423,19.573271],[105.346247,19.543433]]]},"properties":{"npp":"NPP Trường Hằng"}},{"type":"Feature","geometry":{"type":"Polygon","coordinates":[[[105.616885,18.577174],[105.621818,18.563417],[105.637871,18.563961],[105.654784,18.581079],[105.665633,18.583664],[105.679665,18.578077],[105.690719,18.600351],[105.688064,18.628621],[105.70654,18.638783],[105.715993,18.667718],[105.728717,18.673768],[105.750811,18.666514],[105.769725,18.678152],[105.739783,18.747596],[105.77516,18.772662],[105.723251,18.857245],[105.648287,18.899241],[105.639008,18.894557],[105.629986,18.884937],[105.61097,18.879191],[105.603695,18.864928],[105.587837,18.865158],[105.56969,18.86102],[105.5674,18.858131],[105.552235,18.860167],[105.543372,18.864101],[105.54521,18.86886],[105.536988,18.87783],[105.535247,18.888173],[105.507389,18.897874],[105.492202,18.884329],[105.486426,18.886389],[105.474104,18.866376],[105.475859,18.858869],[105.473332,18.855016],[105.483532,18.847246],[105.484726,18.837878],[105.464489,18.825257],[105.471308,18.802193],[105.468585,18.788847],[105.483257,18.775754],[105.481923,18.773361],[105.42808,18.793831],[105.421788,18.783059],[105.405713,18.78153],[105.404028,18.776147],[105.412171,18.760261],[105.407498,18.74474],[105.419994,18.737893],[105.440422,18.72586],[105.437122,18.724131],[105.438807,18.720009],[105.44231,18.719166],[105.437731,18.708806],[105.450594,18.711187],[105.459849,18.703729],[105.467501,18.706522],[105.469466,18.703463],[105.469537,18.697878],[105.464623,18.695085],[105.450723,18.696482],[105.44272,18.690031],[105.439351,18.680123],[105.472817,18.660586],[105.502356,18.611621],[105.514054,18.599647],[105.52479,18.578537],[105.530122,18.561954],[105.538542,18.558672],[105.545651,18.552819],[105.552536,18.557265],[105.572462,18.560901],[105.573117,18.557797],[105.578262,18.560102],[105.584249,18.559393],[105.586027,18.566665],[105.58902,18.56764],[105.589488,18.572606],[105.596223,18.573759],[105.599965,18.576331],[105.616885,18.577174]]]},"properties":{"npp":"NPP Nhung Tùng"}},{"type":"Feature","geometry":{"type":"Polygon","coordinates":[[[104.421198,19.703594],[104.239143,19.708942],[104.052122,19.680149],[104.085945,19.469909],[104.54837,19.331828],[104.788455,19.427396],[104.819423,19.412293],[104.852138,19.381189],[104.910265,19.340561],[104.931532,19.323453],[104.952531,19.329853],[104.96683,19.341186],[104.966013,19.344193],[104.981782,19.353136],[105.000738,19.34003],[104.983171,19.326923],[104.997143,19.315897],[104.998205,19.2896],[105.016018,19.287364],[105.019776,19.280808],[105.018224,19.277415],[105.021084,19.272787],[105.0295,19.272941],[105.031624,19.271244],[105.030235,19.265768],[105.040612,19.254661],[105.04576,19.253041],[105.054993,19.250418],[105.102003,19.274735],[105.108615,19.268494],[105.128648,19.277903],[105.131412,19.276133],[105.136703,19.278759],[105.13649,19.282225],[105.144526,19.284084],[105.142397,19.278659],[105.145803,19.273836],[105.154584,19.271877],[105.152775,19.263437],[105.156317,19.258367],[105.166908,19.253343],[105.174518,19.252137],[105.178776,19.245103],[105.167706,19.225808],[105.175324,19.222673],[105.215981,19.223862],[105.227421,19.213524],[105.22546,19.210051],[105.232241,19.209048],[105.235673,19.213292],[105.242782,19.212752],[105.249809,19.206425],[105.24749,19.199916],[105.269171,19.194194],[105.293135,19.197618],[105.313534,19.209391],[105.325562,19.21078],[105.34076,19.214638],[105.358491,19.195039],[105.394171,19.199283],[105.43527,19.172968],[105.542866,19.261181],[105.530491,19.260295],[105.533188,19.282971],[105.530657,19.291643],[105.541718,19.302547],[105.558597,19.298758],[105.564906,19.308037],[105.562672,19.316382],[105.556527,19.316923],[105.558821,19.326124],[105.563983,19.332232],[105.567998,19.331459],[105.57772,19.346327],[105.593452,19.354985],[105.59001,19.370214],[105.581611,19.381548],[105.583507,19.389133],[105.570231,19.399339],[105.543361,19.434701],[105.538907,19.455588],[105.525044,19.463343],[105.506266,19.463003],[105.492874,19.456372],[105.492504,19.451405],[105.478549,19.447048],[105.468761,19.456438],[105.462467,19.452451],[105.454797,19.442254],[105.445092,19.441906],[105.436035,19.452625],[105.415396,19.458547],[105.403966,19.449139],[105.390233,19.455616],[105.393179,19.463885],[105.378264,19.486382],[105.359051,19.506951],[105.365167,19.514812],[105.361669,19.528933],[105.356239,19.532236],[105.358139,19.538921],[105.346247,19.543433],[105.342423,19.573271],[105.273675,19.506437],[105.270845,19.508702],[105.274178,19.518249],[105.270062,19.520979],[105.27226,19.556452],[105.281664,19.564426],[105.278651,19.584982],[105.273575,19.588301],[105.283324,19.594811],[105.284693,19.602703],[105.269068,19.607609],[105.272945,19.610408],[105.267209,19.61597],[105.26794,19.624233],[105.262036,19.628258],[105.261641,19.637351],[105.24476,19.658258],[105.236858,19.644698],[105.223032,19.648959],[105.209002,19.663893],[105.18196,19.681034],[105.171128,19.679901],[105.153885,19.707714],[105.163092,19.720584],[105.13385,19.743399],[105.131439,19.826991],[105.148303,19.855346],[105.178845,19.854699],[105.187839,19.867029],[105.169769,19.917596],[105.089892,19.93723],[104.919364,19.99598],[104.912229,19.990541],[104.908723,19.983092],[104.905217,19.975212],[104.900491,19.966759],[104.888144,19.954867],[104.874272,19.951285],[104.858114,19.943547],[104.846071,19.93022],[104.840888,19.919042],[104.841346,19.915029],[104.845004,19.912879],[104.84226,19.897113],[104.839364,19.887079],[104.846528,19.87346],[104.836772,19.859984],[104.831894,19.853102],[104.834638,19.848227],[104.843022,19.846363],[104.845609,19.839018],[104.837683,19.830701],[104.833567,19.816934],[104.837073,19.807469],[104.833414,19.795565],[104.823963,19.788106],[104.809177,19.788106],[104.798354,19.791405],[104.76497,19.776918],[104.762903,19.763039],[104.751775,19.752566],[104.728147,19.758592],[104.693391,19.727457],[104.661838,19.703923],[104.668392,19.684978],[104.656197,19.666893],[104.643088,19.655265],[104.541615,19.61915],[104.421198,19.703594]]]},"properties":{"npp":"NPP Mạnh Hà 2"}},{"type":"Feature","geometry":{"type":"Polygon","coordinates":[[[104.788455,19.427396],[104.54837,19.331828],[104.085945,19.469909],[103.969268,19.394184],[103.867421,19.312312],[104.000777,19.226751],[104.069538,19.243293],[104.100923,19.210645],[104.181478,19.194806],[104.196254,19.161049],[104.223009,19.151236],[104.210031,19.121243],[104.214623,19.114829],[104.252411,19.108944],[104.296737,19.108944],[104.303684,19.090465],[104.397982,19.038494],[104.419746,19.00395],[104.451656,18.982678],[104.521486,18.978123],[104.577193,18.900691],[104.624197,18.876734],[104.661992,18.839809],[104.707516,18.830927],[104.737266,18.79842],[104.799803,18.78095],[104.857108,18.773955],[104.868727,18.778726],[104.873191,18.783586],[104.892683,18.782882],[104.897743,18.786967],[104.908557,18.786192],[104.913245,18.791264],[104.919569,18.783797],[104.924107,18.786474],[104.926785,18.77936],[104.938518,18.7731],[104.93921,18.759805],[104.944576,18.737253],[105.04852,18.703362],[105.131165,18.683993],[105.170357,18.65332],[105.187721,18.601945],[105.197169,18.601945],[105.201847,18.598753],[105.211202,18.599374],[105.227132,18.592721],[105.235975,18.598417],[105.255664,18.614354],[105.281833,18.623768],[105.288143,18.620151],[105.29544,18.622278],[105.304701,18.606763],[105.329985,18.6018],[105.338302,18.590715],[105.355141,18.587257],[105.359687,18.58153],[105.371138,18.580873],[105.376193,18.578974],[105.398364,18.579152],[105.398458,18.582699],[105.406316,18.587132],[105.408983,18.584496],[105.418845,18.591333],[105.421373,18.58584],[105.434475,18.587513],[105.440556,18.598596],[105.476702,18.607366],[105.477544,18.61437],[105.491505,18.610557],[105.502356,18.611621],[105.472817,18.660586],[105.439351,18.680123],[105.44272,18.690031],[105.450723,18.696482],[105.464623,18.695085],[105.469537,18.697878],[105.469466,18.703463],[105.467501,18.706522],[105.459849,18.703729],[105.450594,18.711187],[105.437731,18.708806],[105.442457,18.719149],[105.438839,18.720035],[105.437122,18.724131],[105.440422,18.72586],[105.407498,18.74474],[105.412171,18.760261],[105.404028,18.776147],[105.405713,18.78153],[105.421788,18.783059],[105.42808,18.793831],[105.481923,18.773361],[105.483257,18.775754],[105.468585,18.788847],[105.471308,18.802193],[105.464489,18.825257],[105.484726,18.837878],[105.483532,18.847246],[105.473332,18.855016],[105.475859,18.858869],[105.474104,18.866376],[105.486426,18.886389],[105.352013,18.906875],[105.349199,18.920346],[105.362556,18.938961],[105.304985,19.052639],[105.43527,19.172968],[105.394171,19.199283],[105.358491,19.195039],[105.34076,19.214638],[105.325562,19.21078],[105.313534,19.209391],[105.293135,19.197618],[105.269171,19.194194],[105.24749,19.199916],[105.249809,19.206425],[105.242782,19.212752],[105.235673,19.213292],[105.232241,19.209048],[105.22546,19.210051],[105.227421,19.213524],[105.215981,19.223862],[105.175324,19.222673],[105.167706,19.225808],[105.178776,19.245103],[105.174518,19.252137],[105.166908,19.253343],[105.156317,19.258367],[105.152775,19.263437],[105.154584,19.271877],[105.145803,19.273836],[105.142397,19.278659],[105.144526,19.284084],[105.13649,19.282225],[105.136703,19.278759],[105.131412,19.276133],[105.128648,19.277903],[105.108615,19.268494],[105.102003,19.274735],[105.054993,19.250418],[105.040612,19.254661],[105.030235,19.265768],[105.031624,19.271244],[105.0295,19.272941],[105.021084,19.272787],[105.018224,19.277415],[105.019776,19.280808],[105.016018,19.287364],[104.998205,19.2896],[104.997143,19.315897],[104.983171,19.326923],[105.000738,19.34003],[104.981782,19.353136],[104.966013,19.344193],[104.96683,19.341186],[104.952531,19.329853],[104.931532,19.323453],[104.852138,19.381189],[104.819423,19.412293],[104.788455,19.427396]]]},"properties":{"npp":"NPP Minh Châu"}},{"type":"Feature","geometry":{"type":"Polygon","coordinates":[[[105.59001,19.370214],[105.593452,19.354985],[105.57772,19.346327],[105.567998,19.331459],[105.563983,19.332232],[105.558821,19.326124],[105.556527,19.316923],[105.562672,19.316382],[105.564906,19.308037],[105.558597,19.298758],[105.541718,19.302547],[105.530657,19.291643],[105.533188,19.282971],[105.530491,19.260295],[105.542866,19.261181],[105.43527,19.172968],[105.304985,19.052639],[105.362556,18.938961],[105.349199,18.920346],[105.352013,18.906875],[105.486426,18.886389],[105.492202,18.884329],[105.507389,18.897874],[105.535247,18.888173],[105.536988,18.87783],[105.54521,18.86886],[105.543372,18.864101],[105.552235,18.860167],[105.5674,18.858131],[105.56969,18.86102],[105.587837,18.865158],[105.603695,18.864928],[105.61097,18.879191],[105.629986,18.884937],[105.639008,18.894557],[105.630781,18.918102],[105.620102,18.9674],[105.620427,19.010544],[105.626934,19.038468],[105.643281,19.069833],[105.653936,19.084745],[105.673049,19.097119],[105.68354,19.091355],[105.690616,19.080902],[105.741359,19.102622],[105.73398,19.198575],[105.815606,19.256495],[105.801401,19.30067],[105.771531,19.290844],[105.75538,19.30673],[105.748958,19.300945],[105.74205,19.322064],[105.715785,19.302283],[105.686734,19.300037],[105.677227,19.321497],[105.664414,19.313753],[105.667913,19.340087],[105.659053,19.341738],[105.651943,19.35082],[105.646473,19.351646],[105.638379,19.367436],[105.631607,19.363973],[105.63006,19.378802],[105.620473,19.381774],[105.60913,19.36756],[105.59001,19.370214]]]},"properties":{"npp":"NPP Mạnh Hà 1"}},{"type":"Feature","geometry":{"type":"Polygon","coordinates":[[[105.452358,18.20448],[105.451897,18.208152],[105.454839,18.208919],[105.456686,18.224758],[105.462513,18.237308],[105.467546,18.253931],[105.467142,18.260451],[105.478982,18.267397],[105.478866,18.271068],[105.482328,18.273424],[105.481924,18.277259],[105.486078,18.280162],[105.487041,18.285486],[105.485887,18.289759],[105.489984,18.291676],[105.493706,18.307123],[105.502476,18.302905],[105.504726,18.304986],[105.506688,18.303233],[105.521494,18.307481],[105.539265,18.304468],[105.549419,18.294005],[105.556632,18.294717],[105.559748,18.298059],[105.55819,18.301236],[105.564479,18.308138],[105.573884,18.305563],[105.583175,18.313856],[105.588022,18.312432],[105.592407,18.314842],[105.591887,18.331931],[105.603427,18.331109],[105.604812,18.326344],[105.612114,18.327388],[105.611825,18.329195],[105.614883,18.329634],[105.615922,18.334398],[105.618691,18.335056],[105.619153,18.33982],[105.610383,18.344311],[105.615427,18.362915],[105.621803,18.369081],[105.625207,18.382167],[105.63364,18.386799],[105.63664,18.393369],[105.6499,18.38684],[105.663088,18.370829],[105.669031,18.374872],[105.672187,18.383856],[105.674185,18.384605],[105.67266,18.387849],[105.674711,18.388398],[105.671251,18.395368],[105.67715,18.400905],[105.675643,18.403548],[105.678582,18.40846],[105.684237,18.409391],[105.684641,18.414372],[105.690757,18.41607],[105.703059,18.430521],[105.712796,18.427463],[105.713112,18.430706],[105.717845,18.429309],[105.719371,18.431455],[105.722526,18.430856],[105.725366,18.436295],[105.729574,18.437642],[105.729959,18.431417],[105.737548,18.434163],[105.73765,18.431367],[105.746189,18.43071],[105.748382,18.431367],[105.749074,18.437772],[105.752882,18.44018],[105.750618,18.447889],[105.752176,18.455168],[105.744041,18.459547],[105.738156,18.456756],[105.737463,18.459985],[105.733021,18.457741],[105.731117,18.461408],[105.724874,18.462225],[105.729796,18.474676],[105.723695,18.485151],[105.731833,18.490697],[105.732019,18.495644],[105.733158,18.496174],[105.736781,18.494408],[105.742221,18.499032],[105.747857,18.510174],[105.748341,18.520053],[105.749043,18.521364],[105.746732,18.529848],[105.754045,18.540695],[105.754645,18.542108],[105.765271,18.547057],[105.765933,18.550198],[105.769909,18.551571],[105.786064,18.546187],[105.807867,18.547339],[105.815003,18.541955],[105.825715,18.545538],[105.834461,18.544041],[105.837133,18.546172],[105.840473,18.54479],[105.842582,18.533486],[105.857344,18.523358],[105.867456,18.530096],[105.813869,18.62919],[105.77516,18.772662],[105.739783,18.747596],[105.769725,18.678152],[105.750811,18.666514],[105.728717,18.673768],[105.715993,18.667718],[105.70654,18.638783],[105.688064,18.628621],[105.690719,18.600351],[105.679665,18.578077],[105.665633,18.583664],[105.654784,18.581079],[105.637871,18.563961],[105.621818,18.563417],[105.616885,18.577174],[105.599965,18.576331],[105.596223,18.573759],[105.589488,18.572606],[105.58902,18.56764],[105.586027,18.566665],[105.584249,18.559393],[105.578262,18.560102],[105.573117,18.557797],[105.572462,18.560901],[105.552536,18.557265],[105.545651,18.552819],[105.538542,18.558672],[105.530122,18.561954],[105.52479,18.578537],[105.514054,18.599647],[105.502356,18.611621],[105.491505,18.610557],[105.477544,18.61437],[105.476702,18.607366],[105.440556,18.598596],[105.434475,18.587513],[105.421372,18.58584],[105.418844,18.591333],[105.408983,18.584496],[105.406316,18.587132],[105.398458,18.582699],[105.398364,18.579152],[105.376193,18.578974],[105.371138,18.580873],[105.359687,18.58153],[105.355141,18.587257],[105.338302,18.590715],[105.329985,18.6018],[105.304701,18.606763],[105.29544,18.622278],[105.288143,18.620151],[105.281833,18.623768],[105.255664,18.614354],[105.235975,18.598417],[105.227132,18.592721],[105.211202,18.599374],[105.201847,18.598753],[105.197169,18.601945],[105.187721,18.601945],[105.177437,18.606424],[105.167839,18.612114],[105.158694,18.613654],[105.155276,18.607163],[105.149491,18.605733],[105.1428,18.598965],[105.139171,18.597705],[105.138789,18.595025],[105.133758,18.59138],[105.136453,18.58375],[105.13521,18.581407],[105.134348,18.571835],[105.133234,18.569859],[105.139003,18.562545],[105.127108,18.556617],[105.128169,18.548969],[105.115843,18.539429],[105.114254,18.527669],[105.118495,18.523512],[105.109771,18.511966],[105.109169,18.499741],[105.112152,18.497083],[105.109888,18.493777],[105.11208,18.491869],[105.107816,18.479995],[105.106666,18.474337],[105.108169,18.465262],[105.104396,18.460217],[105.106463,18.456174],[105.103157,18.447277],[105.105098,18.441385],[105.110416,18.433441],[105.118214,18.432146],[105.117891,18.424464],[105.120119,18.422146],[105.119796,18.41877],[105.12993,18.414304],[105.138986,18.416179],[105.13683,18.408073],[105.146497,18.403504],[105.145024,18.399719],[105.150152,18.388476],[105.154284,18.386737],[105.166492,18.385996],[105.168217,18.390702],[105.181586,18.387599],[105.184099,18.383658],[105.181296,18.381646],[105.180756,18.375098],[105.177918,18.371282],[105.178673,18.369031],[105.181728,18.365723],[105.183393,18.361669],[105.185549,18.359964],[105.185441,18.356655],[105.188618,18.352672],[105.188726,18.346839],[105.184427,18.332431],[105.183349,18.32479],[105.190094,18.321715],[105.193256,18.317689],[105.207451,18.313834],[105.218591,18.302132],[105.222329,18.303633],[105.240724,18.296321],[105.245809,18.287409],[105.252844,18.275985],[105.256798,18.268308],[105.254786,18.260152],[105.256403,18.258684],[105.262988,18.259823],[105.267158,18.257886],[105.269983,18.259844],[105.272911,18.259233],[105.274736,18.254573],[105.27793,18.254122],[105.281364,18.260704],[105.28765,18.258782],[105.288233,18.254836],[105.290962,18.256656],[105.292184,18.254991],[105.295578,18.255259],[105.296588,18.256449],[105.299699,18.25453],[105.295821,18.246319],[105.295532,18.241549],[105.300663,18.235755],[105.307369,18.253291],[105.304945,18.25613],[105.310712,18.265971],[105.313055,18.264551],[105.31859,18.265012],[105.319762,18.266508],[105.321055,18.266393],[105.322186,18.264705],[105.328049,18.26497],[105.330191,18.26213],[105.328615,18.258716],[105.330756,18.255992],[105.331362,18.252692],[105.32986,18.249785],[105.329739,18.245104],[105.328284,18.244222],[105.328365,18.240691],[105.325012,18.237315],[105.326022,18.232697],[105.323153,18.228284],[105.324123,18.225483],[105.323598,18.222912],[105.32586,18.220226],[105.3248,18.217483],[105.326173,18.214605],[105.325648,18.208579],[105.323951,18.207696],[105.319951,18.201556],[105.320274,18.20002],[105.329475,18.193303],[105.32903,18.191384],[105.338,18.191192],[105.336262,18.182095],[105.350969,18.183938],[105.36254,18.169364],[105.363777,18.163869],[105.367373,18.160875],[105.376706,18.160606],[105.376263,18.165753],[105.380853,18.16719],[105.383799,18.169793],[105.387231,18.164215],[105.389483,18.162137],[105.390863,18.162019],[105.392264,18.159358],[105.393479,18.158497],[105.396321,18.15836],[105.398772,18.160141],[105.403419,18.159012],[105.404284,18.156272],[105.409616,18.152811],[105.412294,18.155982],[105.413853,18.160518],[105.415047,18.163747],[105.415879,18.166662],[105.414437,18.168913],[105.415035,18.172357],[105.41628,18.175349],[105.418051,18.176562],[105.420163,18.182005],[105.422058,18.183649],[105.423685,18.182709],[105.426887,18.182924],[105.429832,18.1795],[105.432329,18.178726],[105.434348,18.179333],[105.436922,18.179705],[105.439784,18.180974],[105.441493,18.185279],[105.442375,18.187032],[105.441943,18.18848],[105.444146,18.191591],[105.445506,18.191611],[105.446947,18.194135],[105.446712,18.195768],[105.447886,18.198663],[105.447245,18.199783],[105.442755,18.201407],[105.443661,18.204048],[105.448707,18.202698],[105.451364,18.203207],[105.452358,18.20448]]]},"properties":{"npp":"NPP Hồng Đức"}},{"type":"Feature","geometry":{"type":"Polygon","coordinates":[[[105.452358,18.20448],[105.478932,18.194769],[105.491911,18.19889],[105.486312,18.191493],[105.485543,18.178023],[105.492404,18.173443],[105.501229,18.186936],[105.503417,18.17302],[105.509104,18.161291],[105.510465,18.147256],[105.505347,18.14701],[105.503717,18.134762],[105.502233,18.129229],[105.511311,18.118634],[105.52099,18.125542],[105.53503,18.114083],[105.535586,18.10848],[105.538738,18.106224],[105.538752,18.102258],[105.539882,18.082406],[105.554678,18.078388],[105.569968,18.084641],[105.573083,18.075546],[105.573157,18.072549],[105.575821,18.068476],[105.572001,18.06696],[105.573039,18.06273],[105.575598,18.060579],[105.580233,18.061108],[105.582091,18.05475],[105.581979,18.049214],[105.585508,18.041954],[105.584396,18.039168],[105.585154,18.037637],[105.582558,18.036508],[105.581149,18.029103],[105.57885,18.0266],[105.58316,18.019567],[105.580528,18.013784],[105.582827,18.012373],[105.584013,18.010081],[105.587351,18.010822],[105.593856,18.008295],[105.594746,18.003816],[105.596786,18.002229],[105.599048,18.001277],[105.600123,18.005227],[105.603498,18.006849],[105.60487,18.008965],[105.611235,18.01081],[105.614684,18.010387],[105.6155,18.007988],[105.620323,18.00197],[105.621176,18.000066],[105.624718,17.997006],[105.630571,17.993401],[105.6325,17.991461],[105.637101,17.991639],[105.640875,17.993493],[105.6437,17.992598],[105.70565,17.992769],[105.721462,18.008603],[105.719974,18.021378],[105.730597,18.035357],[105.739473,18.037468],[105.750091,18.034232],[105.752682,18.031768],[105.75634,18.026019],[105.769803,18.024038],[105.777273,18.016996],[105.788552,18.02574],[105.797138,18.023663],[105.801812,18.026223],[105.809331,18.026127],[105.810449,18.027673],[105.806921,18.031455],[105.816878,18.038557],[105.82079,18.033822],[105.823534,18.033726],[105.826176,18.031793],[105.829834,18.032953],[105.833288,18.037107],[105.834813,18.04131],[105.833339,18.045271],[105.81267,18.052833],[105.819376,18.060368],[105.824152,18.059837],[105.826438,18.062252],[105.830502,18.063701],[105.833703,18.063122],[105.836853,18.064474],[105.843864,18.066551],[105.848132,18.064136],[105.849961,18.067324],[105.869486,18.066265],[105.873753,18.068439],[105.876243,18.073269],[105.88112,18.076601],[105.882543,18.080803],[105.887665,18.085065],[105.891069,18.085451],[105.895235,18.089894],[105.913017,18.086369],[105.919514,18.080811],[105.928405,18.087186],[105.933638,18.088876],[105.936381,18.082936],[105.945323,18.074339],[105.950392,18.065246],[105.950395,18.057807],[105.963202,18.059577],[105.965082,18.056534],[105.969553,18.056196],[105.975142,18.062862],[105.986217,18.064069],[105.986979,18.061847],[105.992771,18.058032],[105.99529,18.051992],[106.016192,18.034588],[106.01604,18.02995],[106.02239,18.023573],[106.050219,18.022283],[106.066984,18.002425],[106.066964,17.998921],[106.078338,17.987671],[106.068177,17.985594],[106.066602,17.9811],[106.059242,17.977091],[106.056092,17.972161],[106.054263,17.972645],[106.052942,17.968634],[106.047099,17.964622],[106.048979,17.961481],[106.045637,17.946219],[106.168172,17.913529],[106.182759,17.921101],[106.187751,17.920236],[106.189786,17.923301],[106.199607,17.916396],[106.206418,17.92512],[106.220353,17.92747],[106.223757,17.930225],[106.235751,17.927215],[106.240611,17.930424],[106.247927,17.92588],[106.253007,17.920369],[106.258951,17.918629],[106.263416,17.914093],[106.269998,17.919157],[106.276423,17.919342],[106.283658,17.910213],[106.291517,17.919809],[106.286914,17.926733],[106.284674,17.935437],[106.289157,17.942664],[106.292358,17.942713],[106.295355,17.944501],[106.297845,17.953829],[106.305983,17.962416],[106.324059,17.963952],[106.33925,17.991538],[106.350188,17.988892],[106.362279,17.990245],[106.376098,17.985364],[106.381334,17.986282],[106.38611,17.982851],[106.40064,17.981305],[106.408757,17.972634],[106.417206,17.97451],[106.422998,17.969725],[106.436044,17.972788],[106.444303,17.968516],[106.444691,17.952375],[106.450432,17.949475],[106.458866,17.954163],[106.471618,17.956145],[106.479578,17.953238],[106.494969,17.960618],[106.518587,17.962337],[106.42343,18.089677],[106.439689,18.121093],[106.42356,18.129297],[106.37282,18.106543],[106.253412,18.215588],[106.160686,18.270226],[106.118164,18.267682],[106.05313,18.31942],[105.980592,18.400814],[105.942733,18.474507],[105.919369,18.460734],[105.867456,18.530096],[105.857344,18.523358],[105.842582,18.533486],[105.840473,18.54479],[105.837133,18.546172],[105.834461,18.544041],[105.825715,18.545538],[105.815003,18.541955],[105.807867,18.547339],[105.786064,18.546187],[105.769909,18.551571],[105.765933,18.550198],[105.765271,18.547057],[105.754645,18.542108],[105.754045,18.540695],[105.746732,18.529848],[105.749043,18.521364],[105.748341,18.520053],[105.747857,18.510174],[105.742221,18.499032],[105.736781,18.494408],[105.733158,18.496174],[105.732019,18.495644],[105.731833,18.490697],[105.723695,18.485151],[105.729796,18.474676],[105.724874,18.462225],[105.731117,18.461408],[105.733021,18.457741],[105.737463,18.459985],[105.738156,18.456756],[105.744041,18.459547],[105.752176,18.455168],[105.750618,18.447889],[105.752882,18.44018],[105.749074,18.437772],[105.748382,18.431367],[105.746189,18.43071],[105.73765,18.431367],[105.737548,18.434163],[105.729959,18.431417],[105.729574,18.437642],[105.725366,18.436295],[105.722526,18.430856],[105.719371,18.431455],[105.717845,18.429309],[105.713112,18.430706],[105.712796,18.427463],[105.703059,18.430521],[105.690757,18.41607],[105.684641,18.414372],[105.684237,18.409391],[105.678582,18.40846],[105.675643,18.403548],[105.67715,18.400905],[105.671251,18.395368],[105.674711,18.388398],[105.67266,18.387849],[105.674185,18.384605],[105.672187,18.383856],[105.669031,18.374872],[105.663088,18.370829],[105.6499,18.38684],[105.63664,18.393369],[105.63364,18.386799],[105.625207,18.382167],[105.621803,18.369081],[105.615427,18.362915],[105.610383,18.344311],[105.619153,18.33982],[105.618691,18.335056],[105.615922,18.334398],[105.614883,18.329634],[105.611825,18.329195],[105.612114,18.327388],[105.604812,18.326344],[105.603427,18.331109],[105.591887,18.331931],[105.592407,18.314842],[105.588022,18.312432],[105.583175,18.313856],[105.573884,18.305563],[105.564479,18.308138],[105.55819,18.301236],[105.559748,18.298059],[105.556632,18.294717],[105.549419,18.294005],[105.539265,18.304468],[105.521494,18.307481],[105.506688,18.303233],[105.504726,18.304986],[105.502476,18.302905],[105.493706,18.307123],[105.489984,18.291676],[105.485887,18.289759],[105.487041,18.285486],[105.486078,18.280162],[105.481924,18.277259],[105.482328,18.273424],[105.478866,18.271068],[105.478982,18.267397],[105.467142,18.260451],[105.467546,18.253931],[105.462513,18.237308],[105.456686,18.224758],[105.454839,18.208919],[105.451897,18.208152],[105.452358,18.20448]]]},"properties":{"npp":"NPP Anh Minh HT"}},{"type":"Feature","geometry":{"type":"Polygon","coordinates":[[[106.151941,20.227855],[106.164076,20.174736],[106.167542,20.12913],[106.163008,20.124019],[106.152755,20.111549],[106.144531,20.085027],[106.141088,20.064524],[106.130873,20.056558],[106.118998,20.052731],[106.11348,20.041734],[106.113857,20.029717],[106.09388,19.963299],[106.107561,19.924255],[106.088128,19.892061],[106.095844,19.875988],[106.356421,20.153068],[106.438061,20.21104],[106.535382,20.22023],[106.537797,20.199959],[106.577242,20.201848],[106.595603,20.246615],[106.527845,20.316713],[106.514821,20.309724],[106.49911,20.3089],[106.487355,20.296067],[106.460337,20.288304],[106.434754,20.297682],[106.415834,20.322391],[106.392881,20.343417],[106.377917,20.343885],[106.35864,20.351175],[106.341378,20.378121],[106.290262,20.337399],[106.317084,20.345852],[106.32034,20.343545],[106.311657,20.332419],[106.312019,20.299443],[106.316794,20.295779],[106.325838,20.298425],[106.330324,20.294761],[106.32772,20.285464],[106.318364,20.263034],[106.285154,20.237918],[106.277485,20.237036],[106.273867,20.240023],[106.2641,20.250409],[106.255169,20.250409],[106.250684,20.244842],[106.240916,20.236153],[106.196741,20.206883],[106.197034,20.22104],[106.189333,20.233341],[106.181642,20.227747],[106.181701,20.302063],[106.144373,20.306625],[106.140198,20.294017],[106.144702,20.279758],[106.137588,20.26818],[106.117674,20.26907],[106.096699,20.250827],[106.107233,20.215826],[106.151941,20.227855]]]},"properties":{"npp":"NPP Duy Khoa"}},{"type":"Feature","geometry":{"type":"Polygon","coordinates":[[[103.940025,21.917674],[103.920116,21.931425],[103.908108,21.920981],[103.893762,21.920597],[103.886742,21.905696],[103.889599,21.864389],[103.920568,21.836924],[103.920476,21.831808],[103.917306,21.830343],[103.936152,21.819024],[103.935542,21.817396],[103.939216,21.812108],[103.944453,21.810829],[103.944085,21.806223],[103.95024,21.802812],[103.949321,21.800935],[103.952232,21.797923],[103.952353,21.793258],[103.950699,21.792576],[103.951342,21.78942],[103.956395,21.787287],[103.957455,21.781757],[103.962967,21.773312],[103.967192,21.77135],[103.963594,21.758066],[103.956211,21.753809],[103.951545,21.756969],[103.951468,21.752348],[103.953872,21.747717],[103.953964,21.741146],[103.953045,21.740805],[103.948268,21.744218],[103.942021,21.743194],[103.938439,21.739013],[103.930592,21.743613],[103.915191,21.735187],[103.918045,21.729115],[103.9163,21.719898],[103.911798,21.71657],[103.917953,21.710169],[103.921188,21.709353],[103.921979,21.700751],[103.93752,21.691135],[103.936234,21.670733],[103.937888,21.669452],[103.960737,21.670293],[103.967447,21.667528],[103.96756,21.663476],[103.981798,21.677392],[103.986181,21.677509],[103.987742,21.673883],[103.996883,21.675605],[104.005224,21.672611],[104.007337,21.665224],[104.015145,21.670392],[104.021785,21.668215],[104.023964,21.670306],[104.026613,21.66885],[104.026662,21.672431],[104.032048,21.670562],[104.036182,21.666038],[104.045093,21.662452],[104.045552,21.660488],[104.052074,21.656732],[104.078347,21.650328],[104.086616,21.64355],[104.091683,21.64198],[104.102599,21.647596],[104.110658,21.643978],[104.124003,21.651779],[104.160932,21.655536],[104.174712,21.648279],[104.192625,21.647169],[104.200317,21.651676],[104.215394,21.672221],[104.255703,21.670168],[104.255473,21.665744],[104.261626,21.662977],[104.270812,21.664856],[104.290881,21.659414],[104.296442,21.652732],[104.303561,21.652061],[104.308292,21.655379],[104.317662,21.656147],[104.324369,21.654013],[104.332636,21.655037],[104.339342,21.652646],[104.340534,21.641609],[104.334565,21.637704],[104.330708,21.637516],[104.328381,21.630848],[104.325696,21.629315],[104.306038,21.608426],[104.288656,21.601539],[104.287512,21.598629],[104.290849,21.596414],[104.297817,21.571166],[104.290757,21.569848],[104.277713,21.551822],[104.283592,21.536441],[104.293421,21.524222],[104.294616,21.510633],[104.29287,21.502428],[104.284511,21.493112],[104.285985,21.487297],[104.28277,21.485331],[104.284056,21.475842],[104.282084,21.472273],[104.288465,21.462591],[104.294161,21.458573],[104.300408,21.457889],[104.302888,21.45293],[104.300408,21.447287],[104.3005,21.444808],[104.298364,21.439287],[104.302704,21.438053],[104.304225,21.433264],[104.315787,21.430822],[104.331289,21.407521],[104.33962,21.408172],[104.344456,21.413108],[104.342297,21.414707],[104.342481,21.4177],[104.345788,21.419924],[104.354975,21.413595],[104.357179,21.409234],[104.36113,21.405943],[104.363244,21.401672],[104.369398,21.398246],[104.376195,21.401325],[104.386484,21.402608],[104.393741,21.398759],[104.39861,21.391146],[104.411263,21.386888],[104.419163,21.378163],[104.42208,21.370516],[104.419898,21.360882],[104.433861,21.35361],[104.441118,21.35669],[104.44764,21.357033],[104.461236,21.352926],[104.465186,21.353439],[104.469687,21.351642],[104.473821,21.353781],[104.475383,21.352926],[104.482548,21.357974],[104.485855,21.367641],[104.503677,21.376709],[104.530156,21.414027],[104.579211,21.408478],[104.590605,21.422577],[104.60679,21.415252],[104.612703,21.403771],[104.647905,21.382921],[104.679541,21.375151],[104.689322,21.384431],[104.690129,21.400104],[104.705686,21.404816],[104.712116,21.39868],[104.734972,21.405451],[104.732832,21.382011],[104.74858,21.367049],[104.749185,21.35156],[104.767832,21.346584],[104.76894,21.329591],[104.778616,21.325366],[104.792165,21.333405],[104.814378,21.333007],[104.819378,21.337417],[104.825635,21.338418],[104.836134,21.336267],[104.840215,21.336992],[104.842176,21.336392],[104.849452,21.337767],[104.849667,21.340443],[104.845183,21.347922],[104.844565,21.351223],[104.848343,21.352327],[104.854631,21.351071],[104.854377,21.364271],[104.863205,21.364996],[104.86599,21.360395],[104.867816,21.359195],[104.867467,21.356294],[104.87519,21.346235],[104.88296,21.3413],[104.897667,21.344227],[104.900994,21.350882],[104.896476,21.360689],[104.889569,21.366586],[104.883858,21.372586],[104.88189,21.38294],[104.882868,21.390349],[104.886799,21.392977],[104.894459,21.392506],[104.900281,21.40129],[104.903032,21.408994],[104.908105,21.413842],[104.907519,21.422225],[104.905779,21.428089],[104.911181,21.431847],[104.912438,21.43828],[104.911898,21.447497],[104.902545,21.461324],[104.884893,21.500424],[104.883251,21.519001],[104.885502,21.521977],[104.878267,21.535401],[104.868565,21.541726],[104.859428,21.532009],[104.85199,21.533091],[104.846395,21.536385],[104.841304,21.544043],[104.834454,21.543608],[104.827425,21.552429],[104.819368,21.552831],[104.816229,21.555751],[104.8121,21.557154],[104.807564,21.556029],[104.80202,21.558466],[104.793996,21.565436],[104.784339,21.56488],[104.779442,21.560341],[104.78045,21.557529],[104.77783,21.554997],[104.775613,21.552935],[104.775814,21.550122],[104.774202,21.547779],[104.772186,21.54731],[104.769061,21.54206],[104.769363,21.536716],[104.768053,21.534278],[104.764436,21.532744],[104.761927,21.534522],[104.74219,21.531008],[104.737593,21.536791],[104.7303,21.537789],[104.725921,21.531278],[104.708492,21.538791],[104.691108,21.550896],[104.687317,21.567277],[104.683125,21.568059],[104.681614,21.571152],[104.66589,21.574995],[104.663571,21.572371],[104.656722,21.575307],[104.651083,21.589543],[104.652372,21.609629],[104.650558,21.617032],[104.64361,21.625956],[104.638672,21.630922],[104.63847,21.635044],[104.635144,21.635606],[104.62913,21.642583],[104.629787,21.647192],[104.628652,21.649857],[104.62202,21.652467],[104.611255,21.657529],[104.611154,21.661463],[104.604874,21.66021],[104.603619,21.657156],[104.602484,21.657045],[104.601349,21.658433],[104.599796,21.658599],[104.596988,21.653713],[104.595016,21.652214],[104.593284,21.652936],[104.58253,21.650548],[104.595614,21.678597],[104.594222,21.682785],[104.591379,21.680683],[104.589186,21.683296],[104.585877,21.681538],[104.578874,21.687178],[104.574964,21.687286],[104.570003,21.690268],[104.561541,21.702184],[104.554034,21.735786],[104.532141,21.7586],[104.519459,21.759343],[104.517906,21.772247],[104.511233,21.774134],[104.505288,21.784925],[104.49799,21.771926],[104.483837,21.763952],[104.469869,21.760748],[104.460949,21.742597],[104.449763,21.745187],[104.444728,21.748534],[104.443889,21.75365],[104.442181,21.756313],[104.436751,21.755602],[104.425062,21.759017],[104.425037,21.763171],[104.430239,21.771401],[104.428664,21.770961],[104.427179,21.770531],[104.423204,21.770824],[104.419057,21.777448],[104.41577,21.780333],[104.415546,21.784228],[104.417303,21.785424],[104.417673,21.786754],[104.417352,21.788037],[104.417327,21.79113],[104.416883,21.791543],[104.415797,21.791684],[104.412759,21.794498],[104.411525,21.794246],[104.409576,21.793398],[104.408862,21.793536],[104.408097,21.794154],[104.403803,21.795162],[104.402915,21.795071],[104.402076,21.794154],[104.399195,21.794063],[104.397255,21.795233],[104.396381,21.795231],[104.394679,21.79491],[104.391662,21.796937],[104.390621,21.798621],[104.389071,21.798866],[104.38516,21.802736],[104.384377,21.803463],[104.384524,21.806464],[104.378879,21.814048],[104.350979,21.825446],[104.339036,21.839696],[104.34749,21.847802],[104.350338,21.858013],[104.351398,21.863991],[104.352773,21.864622],[104.355039,21.869649],[104.354329,21.873216],[104.354878,21.876334],[104.353081,21.877125],[104.3522,21.878193],[104.351343,21.879215],[104.349212,21.880738],[104.345001,21.88251],[104.341572,21.883623],[104.33954,21.885055],[104.338316,21.888804],[104.337826,21.893234],[104.33026,21.898278],[104.328079,21.906275],[104.327001,21.907411],[104.325508,21.912341],[104.326004,21.918079],[104.322404,21.917852],[104.313614,21.920306],[104.312856,21.921581],[104.310407,21.922808],[104.304482,21.923421],[104.303404,21.925329],[104.294565,21.926238],[104.288076,21.93387],[104.284648,21.939548],[104.276861,21.934529],[104.272674,21.932757],[104.268998,21.933141],[104.265162,21.931716],[104.255783,21.931444],[104.24234,21.940597],[104.237051,21.940915],[104.232806,21.941756],[104.227688,21.945299],[104.223501,21.947661],[104.213388,21.949432],[104.208784,21.944686],[104.211351,21.939016],[104.217379,21.935991],[104.222419,21.932875],[104.225482,21.929299],[104.226075,21.926091],[104.228546,21.924166],[104.230819,21.922607],[104.231016,21.921324],[104.230028,21.91949],[104.229633,21.916648],[104.228447,21.91509],[104.228644,21.913715],[104.227162,21.912248],[104.228249,21.909589],[104.229336,21.906705],[104.23066,21.904053],[104.231567,21.902306],[104.23087,21.900883],[104.229545,21.899719],[104.228011,21.898813],[104.223479,21.896613],[104.219574,21.894349],[104.215042,21.891503],[104.213648,21.890662],[104.211626,21.891244],[104.21065,21.891114],[104.206397,21.891309],[104.202562,21.890015],[104.199355,21.888527],[104.197263,21.887103],[104.194405,21.88775],[104.188827,21.888721],[104.181157,21.889691],[104.173488,21.890209],[104.169723,21.891632],[104.164075,21.891115],[104.15794,21.893379],[104.15285,21.895837],[104.15041,21.894737],[104.147481,21.894608],[104.139533,21.896225],[104.137302,21.898296],[104.131097,21.902306],[104.128481,21.906123],[104.123113,21.908064],[104.117535,21.909746],[104.115025,21.908387],[104.110981,21.910328],[104.104915,21.911622],[104.100244,21.914468],[104.097246,21.914468],[104.093202,21.915632],[104.08881,21.914144],[104.085254,21.906705],[104.083023,21.904829],[104.079118,21.903794],[104.069287,21.905864],[104.065313,21.908516],[104.062803,21.90787],[104.054994,21.912527],[104.048301,21.914144],[104.044885,21.914015],[104.042235,21.916149],[104.037076,21.913691],[104.032683,21.916214],[104.026757,21.917184],[104.021528,21.91712],[104.017274,21.918801],[104.014834,21.917378],[104.011557,21.917249],[104.002005,21.922941],[103.997543,21.926886],[103.994826,21.934128],[103.991549,21.935163],[103.990434,21.93969],[103.996012,21.943635],[103.997267,21.949326],[103.996151,21.955534],[103.993432,21.960384],[103.991061,21.963682],[103.988063,21.965492],[103.985065,21.967238],[103.97771,21.959619],[103.971051,21.95825],[103.955601,21.929181],[103.940025,21.917674]]]},"properties":{"npp":"NPP Cường Thịnh"}},{"type":"Feature","geometry":{"type":"Polygon","coordinates":[[[105.497293,21.525125],[105.496497,21.524473],[105.496209,21.523506],[105.496417,21.522495],[105.49713,21.521484],[105.497559,21.520993],[105.498492,21.520227],[105.49905,21.519683],[105.499431,21.518521],[105.499505,21.517545],[105.499413,21.5171],[105.49921,21.51666],[105.498786,21.516257],[105.498153,21.515943],[105.497183,21.515714],[105.496339,21.515365],[105.493242,21.513401],[105.49225,21.512407],[105.491385,21.510466],[105.490463,21.510095],[105.489814,21.509068],[105.487793,21.504151],[105.487557,21.503094],[105.487598,21.502427],[105.488264,21.500974],[105.489884,21.499181],[105.490735,21.498761],[105.491853,21.498348],[105.492386,21.497442],[105.493073,21.497156],[105.493739,21.497299],[105.494344,21.497614],[105.495061,21.498501],[105.495881,21.49894],[105.496991,21.499321],[105.49767,21.499254],[105.498028,21.49872],[105.49811,21.497187],[105.500472,21.493835],[105.501058,21.492043],[105.501998,21.49038],[105.502953,21.489505],[105.503489,21.489285],[105.503871,21.489285],[105.50412,21.489463],[105.504644,21.490252],[105.505068,21.490716],[105.50546,21.490776],[105.506098,21.490635],[105.507155,21.48941],[105.507913,21.488835],[105.509517,21.488759],[105.510418,21.488986],[105.511094,21.490087],[105.511939,21.490244],[105.513629,21.490262],[105.515196,21.489912],[105.515723,21.48855],[105.515648,21.486646],[105.516249,21.484122],[105.518202,21.479625],[105.52066,21.477528],[105.521393,21.476305],[105.521111,21.473072],[105.521224,21.471901],[105.524967,21.467961],[105.525837,21.466186],[105.526356,21.463522],[105.527009,21.462317],[105.529122,21.460573],[105.529816,21.459139],[105.530082,21.456813],[105.531028,21.455007],[105.533527,21.452505],[105.537026,21.449805],[105.537039,21.449146],[105.536483,21.447804],[105.535767,21.446698],[105.535102,21.445927],[105.534058,21.444956],[105.533526,21.444218],[105.53321,21.442529],[105.533268,21.440821],[105.532373,21.439883],[105.527623,21.43653],[105.526028,21.434378],[105.525351,21.433724],[105.524306,21.433029],[105.522448,21.431986],[105.521755,21.431323],[105.521468,21.430115],[105.521682,21.428697],[105.522165,21.427395],[105.522603,21.425616],[105.523223,21.424712],[105.524155,21.423637],[105.524642,21.422887],[105.524589,21.421961],[105.523736,21.42062],[105.52366,21.419963],[105.524284,21.419339],[105.524874,21.418278],[105.524691,21.41715],[105.523808,21.416591],[105.523355,21.416083],[105.523213,21.415499],[105.523522,21.415094],[105.52446,21.414926],[105.525216,21.414471],[105.525308,21.414083],[105.524814,21.412843],[105.524742,21.411292],[105.525411,21.410097],[105.526446,21.409147],[105.526743,21.40858],[105.525804,21.406812],[105.525798,21.406198],[105.526321,21.405964],[105.5283,21.406469],[105.528595,21.406378],[105.528937,21.40588],[105.529009,21.404923],[105.528865,21.404152],[105.528358,21.40341],[105.526593,21.401753],[105.524374,21.400553],[105.52235,21.399972],[105.521726,21.399493],[105.52111,21.398065],[105.520406,21.397275],[105.518658,21.396706],[105.518319,21.395726],[105.518631,21.393634],[105.519104,21.392672],[105.521467,21.390771],[105.52161,21.390115],[105.521128,21.387941],[105.520184,21.386773],[105.519004,21.385896],[105.518719,21.384416],[105.517961,21.383353],[105.517435,21.382869],[105.517087,21.382105],[105.517636,21.38014],[105.517542,21.379116],[105.517212,21.378493],[105.516271,21.378047],[105.51488,21.378006],[105.513525,21.378155],[105.511866,21.377865],[105.510333,21.377008],[105.50809,21.373133],[105.507816,21.370493],[105.508178,21.369891],[105.50855,21.369856],[105.513235,21.371826],[105.514645,21.372704],[105.515763,21.373713],[105.517289,21.374091],[105.518026,21.37367],[105.518349,21.372912],[105.517833,21.366616],[105.516907,21.36596],[105.515318,21.365304],[105.514656,21.364695],[105.514378,21.364253],[105.514723,21.362883],[105.514608,21.362272],[105.514241,21.361791],[105.513716,21.361867],[105.510959,21.363246],[105.510286,21.36331],[105.50944,21.362993],[105.509064,21.362437],[105.509396,21.360867],[105.510035,21.359997],[105.514457,21.356498],[105.514593,21.355788],[105.514384,21.352881],[105.513441,21.3509],[105.512834,21.350115],[105.51098,21.349257],[105.507334,21.347761],[105.503447,21.347547],[105.500995,21.347986],[105.500262,21.347839],[105.499727,21.347156],[105.499423,21.34618],[105.499392,21.345024],[105.499769,21.344653],[105.502686,21.344355],[105.504195,21.343701],[105.506233,21.342212],[105.507347,21.340739],[105.506982,21.339467],[105.504577,21.338334],[105.504783,21.337959],[105.503997,21.337183],[105.50321,21.336826],[105.502676,21.33611],[105.502952,21.335875],[105.502356,21.334821],[105.502251,21.333858],[105.503457,21.33265],[105.504127,21.33221],[105.505031,21.332381],[105.506812,21.33249],[105.507821,21.331207],[105.508325,21.331247],[105.50832,21.331591],[105.509224,21.331453],[105.50979,21.330838],[105.510368,21.330649],[105.510961,21.330752],[105.511349,21.330271],[105.511847,21.330254],[105.512093,21.329738],[105.511933,21.328537],[105.512345,21.32789],[105.511576,21.326687],[105.510646,21.326341],[105.510864,21.324312],[105.511444,21.323466],[105.511313,21.322429],[105.512334,21.321964],[105.51238,21.321378],[105.512895,21.321478],[105.513141,21.322443],[105.513594,21.32235],[105.51354,21.320913],[105.514233,21.320174],[105.51448,21.317869],[105.516277,21.31804],[105.515677,21.319138],[105.516379,21.319302],[105.516531,21.318985],[105.517804,21.319429],[105.518291,21.318448],[105.519969,21.31803],[105.519657,21.317066],[105.520613,21.316867],[105.521649,21.319629],[105.524868,21.318139],[105.526311,21.319847],[105.528204,21.318175],[105.530753,21.319429],[105.530675,21.317921],[105.532294,21.318448],[105.536313,21.314758],[105.53922,21.313694],[105.533563,21.308976],[105.537113,21.304632],[105.536177,21.301939],[105.533933,21.300885],[105.536372,21.298253],[105.533426,21.297217],[105.533738,21.295979],[105.531651,21.295307],[105.533016,21.290068],[105.532373,21.287196],[105.535835,21.285091],[105.535455,21.283684],[105.536776,21.282944],[105.540367,21.283209],[105.541713,21.281261],[105.54405,21.281211],[105.546514,21.278346],[105.547498,21.279181],[105.549097,21.279001],[105.55015,21.275481],[105.556944,21.273926],[105.558718,21.274663],[105.560166,21.273599],[105.562484,21.274712],[105.564824,21.274221],[105.56579,21.275907],[105.565544,21.278047],[105.567441,21.278522],[105.569004,21.282627],[105.573464,21.282365],[105.575484,21.280843],[105.578041,21.284346],[105.582144,21.283953],[105.582074,21.27991],[105.584898,21.279828],[105.588183,21.285557],[105.588921,21.280794],[105.592627,21.2814],[105.592978,21.279223],[105.600497,21.280111],[105.601302,21.27694],[105.605139,21.274736],[105.60551,21.271102],[105.614669,21.263766],[105.613494,21.261805],[105.611513,21.262785],[105.608852,21.256729],[105.607367,21.257306],[105.607552,21.249808],[105.602697,21.244185],[105.604253,21.239156],[105.600933,21.227937],[105.606297,21.22598],[105.610662,21.223789],[105.614523,21.22817],[105.620937,21.232295],[105.63019,21.233856],[105.631085,21.231091],[105.636681,21.226084],[105.634442,21.224154],[105.633603,21.22525],[105.62963,21.224571],[105.629565,21.22146],[105.63282,21.220347],[105.632204,21.218886],[105.634386,21.218364],[105.635711,21.216592],[105.637637,21.218237],[105.645131,21.215297],[105.650023,21.217107],[105.654411,21.218071],[105.657816,21.219975],[105.659393,21.222996],[105.654878,21.227638],[105.653446,21.227419],[105.652891,21.225965],[105.651133,21.22565],[105.64937,21.227086],[105.646164,21.22668],[105.645265,21.227485],[105.643928,21.232868],[105.644309,21.234051],[105.646763,21.236268],[105.652619,21.238176],[105.656113,21.234892],[105.662089,21.234896],[105.666709,21.239505],[105.667406,21.239379],[105.668685,21.234876],[105.668566,21.233267],[105.670886,21.232844],[105.672551,21.233926],[105.673433,21.236112],[105.674761,21.236241],[105.675439,21.234042],[105.671315,21.230425],[105.676478,21.226815],[105.679315,21.228931],[105.68102,21.234524],[105.684502,21.235521],[105.688249,21.234708],[105.688977,21.233087],[105.687175,21.231845],[105.683059,21.231973],[105.682512,21.230475],[105.683376,21.229754],[105.687314,21.230465],[105.685946,21.226784],[105.687911,21.223218],[105.687826,21.222325],[105.689629,21.221227],[105.68978,21.219675],[105.692872,21.221382],[105.695293,21.215707],[105.697944,21.212379],[105.698656,21.212822],[105.697289,21.216039],[105.697286,21.218703],[105.698285,21.218686],[105.698828,21.219575],[105.700596,21.220023],[105.701583,21.218351],[105.70321,21.221047],[105.708865,21.219348],[105.712382,21.222315],[105.713645,21.222317],[105.715137,21.224213],[105.717339,21.222226],[105.719322,21.223772],[105.719539,21.227751],[105.717994,21.228524],[105.719982,21.229848],[105.724169,21.225205],[105.731656,21.231501],[105.732211,21.231056],[105.734964,21.23272],[105.732761,21.233603],[105.7321,21.235149],[105.729952,21.237814],[105.730835,21.238478],[105.7341,21.235504],[105.736282,21.235275],[105.737388,21.235676],[105.737818,21.236765],[105.737235,21.238311],[105.734851,21.241448],[105.732539,21.242004],[105.728906,21.240894],[105.727093,21.24089],[105.725151,21.242221],[105.72527,21.242882],[105.726812,21.243104],[105.729677,21.247412],[105.729567,21.248627],[105.728354,21.249733],[105.724934,21.251169],[105.723508,21.250841],[105.724627,21.258564],[105.723615,21.262209],[105.723398,21.2662],[105.72538,21.266082],[105.726594,21.266857],[105.72736,21.268302],[105.728795,21.268622],[105.729128,21.269395],[105.725956,21.271167],[105.725242,21.272026],[105.72555,21.273458],[105.726625,21.273516],[105.727916,21.272886],[105.728913,21.273258],[105.72893,21.276036],[105.73265,21.274919],[105.733432,21.27813],[105.733194,21.279024],[105.733533,21.279451],[105.736162,21.279426],[105.73508,21.284102],[105.736822,21.285464],[105.736429,21.286459],[105.738206,21.287843],[105.74188,21.287068],[105.742793,21.288951],[105.740433,21.289918],[105.740749,21.290829],[105.742575,21.290158],[105.742931,21.290714],[105.742379,21.291606],[105.743303,21.292857],[105.745059,21.291607],[105.745538,21.293583],[105.74631,21.294476],[105.74774,21.294692],[105.749383,21.296109],[105.752735,21.294873],[105.7534,21.295265],[105.753141,21.297343],[105.754502,21.298153],[105.75555,21.299898],[105.756457,21.300085],[105.763566,21.315023],[105.772722,21.326066],[105.772856,21.328826],[105.774291,21.332802],[105.776016,21.335084],[105.776384,21.337219],[105.778519,21.337926],[105.783214,21.342745],[105.785304,21.342856],[105.788062,21.346723],[105.78641,21.356887],[105.784756,21.359979],[105.779579,21.359757],[105.775394,21.360641],[105.772825,21.370873],[105.768767,21.37486],[105.759643,21.378295],[105.75964,21.379532],[105.761384,21.380958],[105.764204,21.397652],[105.759551,21.404923],[105.750721,21.413892],[105.750277,21.414987],[105.748206,21.416008],[105.74496,21.416226],[105.739156,21.413991],[105.734634,21.410131],[105.72997,21.408883],[105.721246,21.414607],[105.725105,21.432777],[105.715566,21.429842],[105.705387,21.439841],[105.702608,21.440866],[105.697596,21.439084],[105.687179,21.442786],[105.676822,21.457457],[105.652186,21.457542],[105.645374,21.468656],[105.631369,21.479446],[105.635135,21.493147],[105.618512,21.498558],[105.571877,21.555435],[105.542681,21.573733],[105.524704,21.544334],[105.522342,21.535432],[105.518545,21.5339],[105.513608,21.536607],[105.509811,21.533986],[105.509716,21.53275],[105.506362,21.531601],[105.505223,21.529746],[105.50535,21.527774],[105.501236,21.528303],[105.500066,21.525889],[105.498294,21.524799],[105.497293,21.525125]]]},"properties":{"npp":"NPP Tuấn Huê"}},{"type":"Feature","geometry":{"type":"Polygon","coordinates":[[[105.685598,20.410524],[105.685636,20.405178],[105.688736,20.40203],[105.691926,20.403664],[105.694778,20.402409],[105.697271,20.397274],[105.696777,20.392439],[105.692584,20.394083],[105.692033,20.392145],[105.707337,20.381747],[105.704235,20.374255],[105.712344,20.365087],[105.709651,20.360787],[105.729234,20.337408],[105.724275,20.329097],[105.715273,20.325891],[105.700118,20.320351],[105.695231,20.311274],[105.691147,20.309732],[105.688303,20.305679],[105.676542,20.306089],[105.626291,20.348937],[105.623829,20.347039],[105.614778,20.349929],[105.60591,20.360424],[105.599274,20.363861],[105.589211,20.366162],[105.581058,20.370271],[105.575768,20.362981],[105.570727,20.359246],[105.55892,20.357836],[105.554146,20.360527],[105.543028,20.362169],[105.544976,20.35132],[105.550331,20.346865],[105.552798,20.328768],[105.581307,20.310803],[105.598745,20.31314],[105.620128,20.281402],[105.650479,20.273293],[105.69645,20.225178],[105.741486,20.186691],[105.831474,20.150804],[105.845076,20.140429],[105.854397,20.137126],[105.875191,20.121426],[105.879863,20.12207],[105.88355,20.119771],[105.892861,20.119465],[105.907445,20.106436],[105.92422,20.10215],[105.960463,20.065987],[105.993322,20.068272],[106.023599,20.059468],[106.07162,20.066557],[106.075693,20.063078],[106.054538,20.005549],[106.032506,20.000173],[106.025038,19.97982],[106.025235,19.954469],[106.064191,19.918252],[106.079352,19.909483],[106.107248,19.925113],[106.09388,19.963299],[106.113857,20.029717],[106.11348,20.041734],[106.118998,20.052731],[106.130873,20.056558],[106.141088,20.064524],[106.14453,20.085025],[106.152755,20.111549],[106.163008,20.124019],[106.140598,20.156549],[106.12757,20.147476],[106.130448,20.143544],[106.123037,20.138347],[106.115184,20.152426],[106.090654,20.141818],[106.087987,20.145999],[106.084982,20.145073],[106.085742,20.144019],[106.083261,20.141918],[106.09157,20.1327],[106.092387,20.130823],[106.08565,20.128551],[106.077153,20.139405],[106.073315,20.135555],[106.07567,20.133037],[106.073539,20.131194],[106.071377,20.133923],[106.063685,20.127581],[106.052303,20.141226],[106.052801,20.145324],[106.05051,20.150897],[106.050785,20.156362],[106.050154,20.172512],[106.030544,20.17859],[106.031077,20.185466],[106.024005,20.194234],[106.02103,20.195604],[106.014669,20.195382],[106.007935,20.193149],[106.003515,20.193337],[105.995335,20.194988],[105.990784,20.196745],[105.990299,20.195882],[105.98824,20.196459],[105.987876,20.196134],[105.987158,20.196567],[105.985097,20.196702],[105.981809,20.194605],[105.982661,20.193191],[105.982012,20.192838],[105.976421,20.193009],[105.973429,20.194206],[105.970178,20.195218],[105.96842,20.194885],[105.967194,20.192824],[105.966268,20.192481],[105.959956,20.194443],[105.954903,20.193502],[105.955177,20.191231],[105.954423,20.189728],[105.952784,20.189282],[105.949573,20.189026],[105.94838,20.187928],[105.944283,20.178261],[105.943722,20.174176],[105.942714,20.172896],[105.940098,20.172606],[105.932159,20.176859],[105.933375,20.180017],[105.934183,20.183752],[105.930196,20.186887],[105.914556,20.190124],[105.887857,20.218953],[105.885338,20.209597],[105.876311,20.202193],[105.87262,20.202103],[105.870181,20.199948],[105.865761,20.203619],[105.862105,20.206064],[105.850619,20.217726],[105.845091,20.214408],[105.843822,20.216301],[105.844046,20.217064],[105.841577,20.217722],[105.841407,20.217194],[105.838716,20.216828],[105.836905,20.219687],[105.837444,20.220043],[105.838946,20.22044],[105.839802,20.22097],[105.840843,20.221741],[105.84159,20.222709],[105.842137,20.222937],[105.842365,20.223129],[105.843634,20.222402],[105.847305,20.227206],[105.849375,20.236432],[105.851551,20.23895],[105.848781,20.240726],[105.85012,20.241938],[105.84401,20.248244],[105.839558,20.248473],[105.837853,20.25066],[105.837791,20.25181],[105.835209,20.256893],[105.832404,20.258105],[105.830255,20.26064],[105.82743,20.261587],[105.827355,20.262533],[105.817051,20.261536],[105.815768,20.265501],[105.817618,20.270249],[105.818808,20.272491],[105.821168,20.274989],[105.819658,20.276218],[105.819453,20.279164],[105.815038,20.283914],[105.815261,20.286119],[105.81453,20.287026],[105.813918,20.287187],[105.812406,20.287022],[105.810934,20.28635],[105.808563,20.288429],[105.810636,20.290657],[105.810011,20.291319],[105.810759,20.294143],[105.810024,20.294395],[105.809508,20.29773],[105.805381,20.299536],[105.806846,20.302233],[105.805263,20.302731],[105.804444,20.308037],[105.801899,20.308111],[105.799856,20.317461],[105.806987,20.321495],[105.808442,20.324075],[105.808278,20.328479],[105.80885,20.329925],[105.81176,20.331034],[105.810349,20.333248],[105.809598,20.338485],[105.809429,20.342883],[105.807806,20.347574],[105.803673,20.349386],[105.798858,20.353263],[105.8065,20.363072],[105.809106,20.365958],[105.811962,20.367808],[105.814635,20.370286],[105.814631,20.3755],[105.814487,20.37634],[105.81388,20.378289],[105.812787,20.37982],[105.80999,20.381013],[105.80696,20.382074],[105.80372,20.384309],[105.803283,20.38546],[105.80326,20.385999],[105.803359,20.386669],[105.806646,20.392818],[105.806631,20.395069],[105.805628,20.39653],[105.803924,20.397614],[105.80083,20.399038],[105.797964,20.400893],[105.795991,20.403192],[105.794399,20.405908],[105.807399,20.407049],[105.808803,20.419328],[105.821047,20.42059],[105.810753,20.427056],[105.801023,20.436171],[105.794247,20.446485],[105.792295,20.454679],[105.787349,20.453619],[105.788478,20.448371],[105.782759,20.436557],[105.779556,20.435567],[105.776537,20.436572],[105.772802,20.442429],[105.762516,20.440156],[105.759296,20.441727],[105.750977,20.438333],[105.757015,20.417306],[105.759856,20.415388],[105.752826,20.413033],[105.752587,20.407211],[105.756478,20.396876],[105.757197,20.383571],[105.759945,20.37854],[105.756465,20.370905],[105.75688,20.367069],[105.7462,20.366302],[105.744765,20.369972],[105.746801,20.381223],[105.742214,20.383769],[105.730553,20.385327],[105.731286,20.398885],[105.718988,20.407881],[105.713316,20.407659],[105.705891,20.41182],[105.700931,20.409529],[105.697744,20.411492],[105.69125,20.41215],[105.6907,20.411164],[105.689269,20.410617],[105.685598,20.410524]]]},"properties":{"npp":"NPP Thăng Hương"}},{"type":"Feature","geometry":{"type":"Polygon","coordinates":[[[105.821047,20.42059],[105.808803,20.419328],[105.807399,20.407049],[105.794399,20.405908],[105.795991,20.403193],[105.797964,20.400893],[105.80083,20.399038],[105.803924,20.397614],[105.805628,20.39653],[105.806631,20.395069],[105.806646,20.392818],[105.803359,20.386669],[105.80326,20.385999],[105.803283,20.38546],[105.80372,20.384309],[105.80696,20.382074],[105.80999,20.381013],[105.812787,20.37982],[105.81388,20.378289],[105.814487,20.37634],[105.814631,20.3755],[105.814635,20.370286],[105.811962,20.367808],[105.809106,20.365958],[105.8065,20.363072],[105.798858,20.353263],[105.803673,20.349386],[105.807806,20.347574],[105.809429,20.342883],[105.809598,20.338485],[105.810349,20.333248],[105.81176,20.331034],[105.80885,20.329925],[105.808278,20.328479],[105.808442,20.324075],[105.806987,20.321495],[105.799856,20.317461],[105.801899,20.308111],[105.804444,20.308037],[105.805264,20.302731],[105.806846,20.302233],[105.805381,20.299536],[105.809508,20.29773],[105.810024,20.294395],[105.810759,20.294143],[105.810011,20.291319],[105.810636,20.290657],[105.808563,20.288429],[105.810934,20.28635],[105.812406,20.287022],[105.813918,20.287187],[105.81453,20.287026],[105.815261,20.286119],[105.815038,20.283914],[105.819453,20.279164],[105.819658,20.276218],[105.821168,20.274989],[105.818808,20.272491],[105.817618,20.270249],[105.815768,20.265501],[105.817051,20.261536],[105.827355,20.262533],[105.82743,20.261587],[105.830255,20.26064],[105.832404,20.258105],[105.835209,20.256893],[105.837791,20.25181],[105.837853,20.25066],[105.839558,20.248473],[105.84401,20.248244],[105.85012,20.241938],[105.848781,20.240726],[105.851551,20.23895],[105.849375,20.236432],[105.847305,20.227206],[105.843634,20.222402],[105.842365,20.223129],[105.842137,20.222937],[105.84159,20.222709],[105.840843,20.221741],[105.838946,20.22044],[105.837444,20.220043],[105.836905,20.219687],[105.838716,20.216828],[105.841407,20.217194],[105.841577,20.217722],[105.844046,20.217064],[105.843822,20.216302],[105.845091,20.214408],[105.850619,20.217726],[105.862105,20.206064],[105.865761,20.203619],[105.870181,20.199948],[105.87262,20.202103],[105.876311,20.202193],[105.885338,20.209597],[105.887857,20.218953],[105.914556,20.190124],[105.930196,20.186887],[105.934183,20.183752],[105.933375,20.180018],[105.932159,20.176859],[105.940098,20.172606],[105.942714,20.172896],[105.943722,20.174176],[105.944283,20.178261],[105.94838,20.187928],[105.949573,20.189026],[105.952784,20.189282],[105.954423,20.189728],[105.955177,20.191231],[105.954903,20.193502],[105.959956,20.194443],[105.966267,20.192481],[105.967194,20.192824],[105.96842,20.194885],[105.970178,20.195218],[105.973616,20.1941],[105.976421,20.193009],[105.982012,20.192838],[105.982661,20.193191],[105.981809,20.194605],[105.985097,20.196702],[105.987158,20.196567],[105.987876,20.196134],[105.98824,20.196459],[105.990299,20.195882],[105.990784,20.196744],[105.995335,20.194988],[106.003515,20.193337],[106.007935,20.193149],[106.014669,20.195382],[106.02103,20.195604],[106.024005,20.194234],[106.031077,20.185466],[106.030544,20.17859],[106.050154,20.172511],[106.050785,20.156362],[106.05051,20.150897],[106.052801,20.145324],[106.052303,20.141226],[106.063685,20.127581],[106.071377,20.133923],[106.073539,20.131194],[106.07567,20.133037],[106.073315,20.135555],[106.077152,20.139405],[106.08565,20.128551],[106.092426,20.130708],[106.09157,20.1327],[106.083261,20.141918],[106.085742,20.144019],[106.084982,20.145073],[106.087987,20.145999],[106.090654,20.141818],[106.115184,20.152426],[106.123037,20.138347],[106.130448,20.143544],[106.12757,20.147476],[106.140598,20.156549],[106.163008,20.124019],[106.167542,20.12913],[106.164076,20.174736],[106.151941,20.227855],[106.107233,20.215826],[106.096699,20.250827],[106.095318,20.25501],[106.086918,20.253415],[106.083543,20.244723],[106.079738,20.23424],[106.066435,20.220856],[106.050652,20.216093],[106.035685,20.22443],[106.028753,20.235164],[106.031017,20.240496],[106.04001,20.240114],[106.048345,20.241491],[106.049752,20.248412],[106.042475,20.255745],[106.029106,20.249983],[106.001849,20.251188],[105.9806,20.264307],[105.986476,20.28156],[105.986089,20.29002],[105.970147,20.310395],[105.939597,20.324645],[105.935735,20.329066],[105.942384,20.33223],[105.952108,20.342745],[105.953655,20.35527],[105.945859,20.354613],[105.937307,20.35651],[105.937826,20.363731],[105.934897,20.367733],[105.93104,20.36712],[105.926716,20.363454],[105.921119,20.363151],[105.916754,20.373198],[105.915063,20.37255],[105.912068,20.376478],[105.909661,20.372334],[105.90755,20.372099],[105.902608,20.372324],[105.899409,20.375054],[105.895447,20.380963],[105.894064,20.38608],[105.879925,20.397185],[105.875082,20.407361],[105.869957,20.408947],[105.865846,20.414636],[105.865285,20.417319],[105.862522,20.418343],[105.860111,20.424322],[105.857689,20.425743],[105.856864,20.425008],[105.854497,20.426073],[105.831264,20.41634],[105.821047,20.42059]]]},"properties":{"npp":"NPP Dũng Béo"}},{"type":"Feature","geometry":{"type":"Polygon","coordinates":[[[106.094514,21.941812],[106.097821,21.938253],[106.106241,21.945855],[106.108511,21.948257],[106.108711,21.951639],[106.107072,21.953341],[106.105752,21.95364],[106.101983,21.953378],[106.099292,21.953253],[106.097684,21.954052],[106.096542,21.955422],[106.096484,21.957861],[106.097811,21.960505],[106.102673,21.963053],[106.10706,21.963741],[106.109288,21.963654],[106.110753,21.964218],[106.111927,21.966863],[106.111803,21.970736],[106.111384,21.976116],[106.11144,21.983286],[106.111092,21.987949],[106.111255,21.989239],[106.112348,21.991382],[106.112825,21.993387],[106.112452,21.994752],[106.110466,21.996414],[106.108555,21.997933],[106.107575,22.000377],[106.107752,22.003459],[106.108716,22.008759],[106.108865,22.013005],[106.108815,22.016502],[106.108198,22.019554],[106.106939,22.02249],[106.105794,22.023633],[106.102221,22.025629],[106.098202,22.027986],[106.096034,22.029435],[106.095021,22.030995],[106.094207,22.03357],[106.09416,22.035721],[106.094299,22.037095],[106.095787,22.038937],[106.098556,22.040651],[106.099659,22.042317],[106.100253,22.044583],[106.099904,22.049187],[106.09862,22.057202],[106.097557,22.060675],[106.096104,22.063433],[106.096055,22.065465],[106.09639,22.067255],[106.0973,22.068922],[106.099623,22.070878],[106.103747,22.073659],[106.105419,22.074245],[106.107466,22.073753],[106.109951,22.071765],[106.111232,22.071636],[106.112455,22.072226],[106.114722,22.075198],[106.11654,22.078233],[106.117978,22.081748],[106.118965,22.084848],[106.120899,22.086269],[106.12212,22.08656],[106.124299,22.086545],[106.131674,22.086733],[106.136601,22.085623],[106.14312,22.083068],[106.149143,22.082608],[106.154464,22.08257],[106.155302,22.083162],[106.156088,22.085247],[106.157336,22.088883],[106.158704,22.091562],[106.159358,22.093111],[106.159193,22.096459],[106.159533,22.098906],[106.160451,22.101289],[106.161621,22.103253],[106.16395,22.105806],[106.165443,22.108065],[106.167788,22.11247],[106.169079,22.113477],[106.170171,22.113708],[106.174146,22.11362],[106.175946,22.114204],[106.177887,22.116281],[106.179565,22.117524],[106.182392,22.11828],[106.183684,22.119406],[106.183954,22.120958],[106.183713,22.122872],[106.182962,22.125028],[106.181888,22.127067],[106.180043,22.128813],[106.179604,22.129952],[106.180195,22.13168],[106.182193,22.132861],[106.184513,22.134218],[106.185488,22.135705],[106.186012,22.137075],[106.186281,22.138507],[106.18662,22.140716],[106.18863,22.14333],[106.189663,22.144159],[106.191333,22.144446],[106.193251,22.143715],[106.195112,22.14382],[106.19666,22.144885],[106.19822,22.147263],[106.199333,22.150003],[106.200566,22.151667],[106.204893,22.155101],[106.208126,22.158124],[106.213759,22.164296],[106.216669,22.167023],[106.219698,22.168614],[106.225892,22.17275],[106.230025,22.175945],[106.231068,22.177789],[106.231078,22.178924],[106.230702,22.180003],[106.226947,22.183496],[106.223641,22.186867],[106.221304,22.191127],[106.219927,22.1952],[106.219392,22.200104],[106.219308,22.205183],[106.220101,22.207866],[106.224206,22.215124],[106.227767,22.218682],[106.229962,22.220279],[106.232021,22.220861],[106.234273,22.22162],[106.235244,22.222569],[106.235909,22.225193],[106.236837,22.228591],[106.239329,22.234667],[106.240514,22.238063],[106.240792,22.240451],[106.240179,22.243742],[106.24033,22.24625],[106.241636,22.249343],[106.244185,22.254048],[106.244848,22.256373],[106.244612,22.258765],[106.243799,22.261161],[106.243307,22.263555],[106.243341,22.267438],[106.243287,22.268633],[106.242402,22.270134],[106.239793,22.272783],[106.236228,22.276156],[106.234452,22.278559],[106.232536,22.279709],[106.230167,22.280444],[106.226575,22.280829],[106.22478,22.281082],[106.223183,22.28199],[106.222296,22.283431],[106.222199,22.286957],[106.221192,22.289354],[106.220049,22.290737],[106.218387,22.291586],[106.216588,22.29142],[106.214137,22.290184],[106.212722,22.289896],[106.211505,22.290204],[106.209977,22.291649],[106.208646,22.29375],[106.20758,22.296626],[106.207024,22.299199],[106.206266,22.300639],[106.204288,22.302087],[106.201544,22.30408],[106.199894,22.306422],[106.198569,22.30918],[106.197691,22.311636],[106.197649,22.314146],[106.198194,22.317906],[106.199453,22.322438],[106.202337,22.329228],[106.205537,22.335418],[106.208011,22.339283],[106.212807,22.344326],[106.216041,22.34693],[106.217856,22.348769],[106.218099,22.350294],[106.217941,22.351158],[106.217008,22.35475],[106.216261,22.357444],[106.213973,22.36027],[106.211805,22.362078],[106.209561,22.362633],[106.208543,22.363716],[106.207854,22.365812],[106.206978,22.368507],[106.206283,22.369827],[106.203985,22.371577],[106.200337,22.374309],[106.198066,22.375645],[106.19616,22.376348],[106.193389,22.376827],[106.190736,22.376732],[106.189199,22.377202],[106.188036,22.3783],[106.187246,22.379625],[106.186089,22.381469],[106.183524,22.387153],[106.182712,22.389946],[106.181858,22.391042],[106.18063,22.391682],[106.176939,22.392856],[106.175655,22.394242],[106.174991,22.395967],[106.174844,22.397738],[106.174696,22.400059],[106.174557,22.401876],[106.173998,22.402645],[106.172615,22.403277],[106.170464,22.404153],[106.168768,22.404308],[106.167533,22.404078],[106.166608,22.404181],[106.166047,22.404615],[106.165747,22.405716],[106.165403,22.407631],[106.164745,22.40883],[106.164031,22.409457],[106.16321,22.409654],[106.15843,22.409736],[106.1553,22.409187],[106.153625,22.408052],[106.151511,22.406059],[106.148522,22.402582],[106.142502,22.398151],[106.138967,22.395766],[106.137236,22.39532],[106.134711,22.395854],[106.13238,22.397361],[106.130421,22.399268],[106.129011,22.40031],[106.127164,22.400725],[106.123648,22.400806],[106.12106,22.401169],[106.118294,22.402392],[106.116446,22.402634],[106.114962,22.402243],[106.112294,22.400311],[106.110747,22.399691],[106.109021,22.399818],[106.107358,22.400173],[106.106252,22.400697],[106.105103,22.403573],[106.104083,22.407251],[106.103358,22.409206],[106.102015,22.410993],[106.100361,22.412438],[106.09772,22.41389],[106.097233,22.414754],[106.097239,22.415557],[106.097493,22.416416],[106.098748,22.41916],[106.099507,22.421507],[106.100142,22.423797],[106.100154,22.425346],[106.099596,22.427009],[106.098263,22.430173],[106.098276,22.431836],[106.098661,22.433726],[106.099233,22.43573],[106.099058,22.437051],[106.098082,22.438549],[106.093604,22.441848],[106.092811,22.443058],[106.092823,22.444492],[106.093082,22.446154],[106.093832,22.447296],[106.09678,22.449233],[106.099477,22.451388],[106.102015,22.453713],[106.104152,22.457331],[106.108217,22.464091],[106.112157,22.467935],[106.115265,22.470782],[106.116564,22.472446],[106.116984,22.473494],[106.116583,22.474835],[106.114974,22.479387],[106.114071,22.482214],[106.113632,22.485228],[106.114469,22.493348],[106.116344,22.499046],[106.11686,22.502436],[106.117243,22.508503],[106.116869,22.510059],[106.116348,22.512405],[106.11582,22.513724],[106.114816,22.51385],[106.112635,22.51443],[106.108014,22.51561],[106.102464,22.51646],[106.099433,22.517007],[106.098669,22.517968],[106.09868,22.519402],[106.099314,22.521453],[106.099322,22.522504],[106.098919,22.523559],[106.098307,22.524184],[106.096413,22.525488],[106.095136,22.526596],[106.093722,22.530047],[106.092322,22.535123],[106.091431,22.539718],[106.091347,22.542108],[106.091881,22.544495],[106.091789,22.545881],[106.09118,22.547033],[106.089597,22.548525],[106.086638,22.551843],[106.085363,22.553286],[106.083773,22.553918],[106.077237,22.553866],[106.074771,22.554409],[106.073234,22.555327],[106.07247,22.556336],[106.072174,22.558059],[106.072556,22.560876],[106.073655,22.563163],[106.07599,22.565681],[106.078731,22.567431],[106.079769,22.568476],[106.080397,22.569858],[106.080458,22.5711],[106.080263,22.572392],[106.079758,22.573686],[106.078578,22.574219],[106.076626,22.574615],[106.072709,22.573972],[106.070441,22.573509],[106.068115,22.572186],[106.065941,22.570623],[106.064601,22.570393],[106.062648,22.570741],[106.058439,22.572298],[106.052133,22.575542],[106.04819,22.578149],[106.046754,22.57878],[106.045827,22.578738],[106.045207,22.578407],[106.04405,22.575212],[106.042584,22.571828],[106.041221,22.568539],[106.039402,22.566208],[106.037638,22.564356],[106.034378,22.562034],[106.030867,22.560432],[106.027,22.559501],[106.02381,22.559569],[106.020316,22.560308],[106.018514,22.560272],[106.017071,22.559898],[106.010289,22.556672],[106.008488,22.556152],[105.983256,22.542673],[105.975901,22.539688],[105.975332,22.539392],[105.964957,22.53227],[105.955969,22.527994],[105.952382,22.527349],[105.95179,22.527399],[105.951532,22.527421],[105.9468,22.527823],[105.944749,22.528429],[105.933024,22.528497],[105.928131,22.527436],[105.922421,22.520929],[105.916857,22.506972],[105.912174,22.498723],[105.909187,22.497288],[105.905963,22.497306],[105.900611,22.500667],[105.890284,22.510384],[105.882173,22.513769],[105.880944,22.51411],[105.865263,22.51968],[105.858114,22.522383],[105.856595,22.522014],[105.845555,22.519452],[105.833731,22.519513],[105.81333,22.523282],[105.802251,22.52609],[105.797927,22.529734],[105.796794,22.532982],[105.792672,22.539158],[105.790101,22.54325],[105.787409,22.546492],[105.786241,22.547638],[105.784731,22.548968],[105.781568,22.551033],[105.780719,22.551037],[105.778326,22.550977],[105.775548,22.551134],[105.774468,22.551354],[105.773083,22.552222],[105.772321,22.553874],[105.771482,22.555743],[105.771106,22.557609],[105.771275,22.560118],[105.770824,22.562414],[105.772399,22.567856],[105.774344,22.570643],[105.775667,22.572429],[105.77583,22.574078],[105.775225,22.576303],[105.774231,22.578029],[105.772163,22.58105],[105.76894,22.584651],[105.765253,22.58811],[105.764098,22.588618],[105.762939,22.58848],[105.759693,22.587993],[105.756141,22.58801],[105.752979,22.58867],[105.750282,22.589687],[105.748975,22.590768],[105.747595,22.592567],[105.746446,22.594365],[105.746145,22.595872],[105.746543,22.598022],[105.747878,22.602102],[105.748972,22.603403],[105.750643,22.605982],[105.750991,22.607116],[105.750996,22.607933],[105.750806,22.609069],[105.750178,22.610344],[105.748689,22.61252],[105.748051,22.613311],[105.74713,22.614518],[105.739246,22.625174],[105.734077,22.630776],[105.731769,22.632633],[105.728248,22.635506],[105.726824,22.637511],[105.726475,22.639345],[105.726468,22.639387],[105.729823,22.640928],[105.73723,22.643782],[105.740002,22.649946],[105.743752,22.656287],[105.748102,22.664805],[105.75596,22.670763],[105.766627,22.681144],[105.771249,22.687871],[105.771621,22.690201],[105.770919,22.692869],[105.767928,22.695362],[105.763735,22.697067],[105.762567,22.697552],[105.755196,22.704269],[105.751983,22.707282],[105.751277,22.709284],[105.751286,22.710949],[105.752743,22.714939],[105.755996,22.719254],[105.757091,22.72258],[105.756386,22.724915],[105.750666,22.728939],[105.741026,22.737977],[105.734227,22.741673],[105.730997,22.741687],[105.724518,22.738053],[105.718366,22.733329],[105.70893,22.731836],[105.699117,22.726429],[105.69316,22.723303],[105.687834,22.722227],[105.681375,22.722254],[105.676354,22.722942],[105.668085,22.725459],[105.667993,22.725472],[105.663093,22.723857],[105.657979,22.71861],[105.649507,22.706473],[105.645179,22.701767],[105.640477,22.700515],[105.631476,22.70055],[105.619936,22.701685],[105.616805,22.701698],[105.61347,22.699712],[105.609146,22.695368],[105.602058,22.685404],[105.597922,22.679061],[105.599069,22.673061],[105.599055,22.669791],[105.597285,22.667618],[105.591024,22.667459],[105.580079,22.669861],[105.570873,22.667169],[105.562841,22.664473],[105.557345,22.65995],[105.547751,22.657803],[105.541667,22.652919],[105.539306,22.649475],[105.538698,22.644027],[105.53926,22.637666],[105.536707,22.63495],[105.53163,22.633075],[105.529039,22.619033],[105.549875,22.598185],[105.546892,22.58903],[105.562676,22.564992],[105.581978,22.555172],[105.593017,22.53557],[105.593912,22.493595],[105.591743,22.48894],[105.585994,22.484963],[105.570905,22.474358],[105.564065,22.465721],[105.556129,22.451758],[105.551426,22.439782],[105.549951,22.429128],[105.549923,22.421799],[105.550624,22.418133],[105.554546,22.413789],[105.559541,22.409441],[105.559533,22.407442],[105.559166,22.405112],[105.557008,22.402788],[105.55307,22.402801],[105.544847,22.405827],[105.536027,22.408042],[105.526592,22.406887],[105.521614,22.403633],[105.519774,22.402578],[105.516882,22.395259],[105.51217,22.379285],[105.51396,22.363949],[105.51399,22.362695],[105.513418,22.358046],[105.511352,22.351306],[105.508119,22.347985],[105.501308,22.345008],[105.497721,22.342687],[105.496638,22.340025],[105.496609,22.331697],[105.49659,22.326368],[105.494422,22.320378],[105.486695,22.31846],[105.485111,22.318074],[105.480089,22.314425],[105.478291,22.311765],[105.478281,22.308767],[105.482278,22.301504],[105.483712,22.300109],[105.486822,22.296648],[105.486813,22.294104],[105.479579,22.289765],[105.464935,22.286356],[105.464123,22.285844],[105.460669,22.284167],[105.460304,22.281837],[105.460656,22.28017],[105.462439,22.278499],[105.46744,22.276486],[105.468147,22.273819],[105.465632,22.270495],[105.463117,22.267171],[105.459181,22.266516],[105.455962,22.266525],[105.448808,22.266545],[105.442974,22.264169],[105.437156,22.26227],[105.434805,22.259006],[105.435938,22.247012],[105.435934,22.245705],[105.437366,22.238844],[105.437355,22.235346],[105.437169,22.232848],[105.434117,22.229025],[105.430875,22.221039],[105.430959,22.217265],[105.430587,22.216462],[105.429601,22.213714],[105.433697,22.208539],[105.442071,22.199523],[105.450445,22.191171],[105.455977,22.188324],[105.459008,22.185984],[105.460075,22.184315],[105.460064,22.180818],[105.459494,22.173491],[105.459492,22.172821],[105.46551,22.164991],[105.468622,22.162984],[105.475838,22.164053],[105.489079,22.159835],[105.490825,22.157468],[105.490613,22.152563],[105.486317,22.150214],[105.478696,22.144423],[105.472827,22.137899],[105.472804,22.130995],[105.472214,22.129362],[105.470258,22.127369],[105.465761,22.123022],[105.46106,22.115404],[105.462205,22.108134],[105.464923,22.105037],[105.470369,22.102115],[105.47133,22.098115],[105.46941,22.094562],[105.466812,22.086274],[105.465002,22.07895],[105.464635,22.075953],[105.466401,22.069952],[105.478394,22.056494],[105.479564,22.055395],[105.486083,22.048051],[105.487728,22.039908],[105.490179,22.025576],[105.493717,22.016237],[105.49763,22.012228],[105.502443,22.007099],[105.503612,22.005635],[105.504601,22.000015],[105.504601,22.000011],[105.504603,22],[105.504375,21.997451],[105.506893,21.993238],[105.509774,21.989866],[105.513925,21.987498],[105.519344,21.985631],[105.524213,21.981747],[105.528709,21.975005],[105.533392,21.969944],[105.542234,21.965037],[105.553061,21.959283],[105.555784,21.957699],[105.562016,21.955622],[105.576021,21.957639],[105.572644,21.96725],[105.579331,21.963803],[105.582936,21.966185],[105.579713,21.969737],[105.57762,21.976407],[105.583065,21.981192],[105.579771,21.983029],[105.580309,21.986922],[105.582002,21.988353],[105.58327,21.994533],[105.587359,22.001885],[105.587456,22.00368],[105.590776,22.008032],[105.596384,22.008631],[105.616232,22.012901],[105.640803,22.027068],[105.669693,22.047942],[105.696283,22.037139],[105.69731,22.031222],[105.755975,22.010714],[105.756252,21.991976],[105.763975,21.985625],[105.760821,21.968237],[105.775478,21.95309],[105.774182,21.938797],[105.77829,21.933734],[105.764304,21.914571],[105.781326,21.889089],[105.770766,21.885373],[105.773078,21.8754],[105.758831,21.820075],[105.764414,21.814056],[105.7788,21.810856],[105.786444,21.804068],[105.799422,21.805254],[105.804593,21.833712],[105.821455,21.846345],[105.85395,21.843729],[105.86466,21.851527],[105.863772,21.861051],[105.87322,21.855535],[105.909205,21.893442],[105.934268,21.897275],[105.957387,21.91068],[105.960564,21.921733],[105.970569,21.923679],[105.969854,21.932983],[105.974051,21.939383],[105.996651,21.93385],[106.012647,21.937506],[106.019331,21.954439],[106.029674,21.967587],[106.043836,21.960007],[106.051539,21.952443],[106.053319,21.943548],[106.094514,21.941812]]]},"properties":{"npp":"NPP Thành Lụa"}},{"type":"Feature","geometry":{"type":"Polygon","coordinates":[[[104.338134,22.704969],[104.341456,22.714537],[104.335271,22.722226],[104.327302,22.72788],[104.316389,22.732467],[104.308905,22.731803],[104.300054,22.732185],[104.286644,22.736549],[104.276634,22.741558],[104.271413,22.741956],[104.268488,22.74279],[104.267777,22.742992],[104.266156,22.749092],[104.266632,22.755518],[104.260012,22.762753],[104.255077,22.77305],[104.254803,22.781788],[104.258372,22.793388],[104.265191,22.812795],[104.267617,22.82618],[104.269823,22.829794],[104.269795,22.829833],[104.266109,22.836203],[104.265881,22.839782],[104.264518,22.840937],[104.26273,22.843638],[104.2595,22.842752],[104.256982,22.845353],[104.254059,22.845533],[104.251251,22.843778],[104.250119,22.840966],[104.24699,22.840758],[104.244365,22.843649],[104.242275,22.844316],[104.236866,22.841291],[104.224597,22.833587],[104.218047,22.829684],[104.215744,22.831027],[104.213233,22.83208],[104.203236,22.828837],[104.20084,22.828341],[104.195732,22.827541],[104.1928,22.829365],[104.191235,22.829453],[104.188316,22.829052],[104.182276,22.827085],[104.178539,22.82397],[104.172921,22.821425],[104.170102,22.821797],[104.166127,22.823518],[104.163311,22.82331],[104.162168,22.822626],[104.161141,22.820008],[104.159075,22.816707],[104.156159,22.815918],[104.15054,22.813469],[104.140767,22.808288],[104.136082,22.806811],[104.13337,22.806893],[104.131175,22.807559],[104.127599,22.812184],[104.125292,22.81401],[104.122576,22.814074],[104.121953,22.814088],[104.115183,22.812406],[104.106359,22.805873],[104.097138,22.796435],[104.093938,22.791289],[104.09034,22.783333],[104.089022,22.777714],[104.086966,22.773154],[104.083955,22.771201],[104.078769,22.767011],[104.074416,22.763018],[104.067876,22.758626],[104.062581,22.755305],[104.042866,22.731804],[104.040554,22.729048],[104.038605,22.724585],[104.036278,22.714507],[104.033303,22.706116],[104.033285,22.706066],[104.032942,22.705099],[104.032496,22.70384],[104.031616,22.701557],[104.028138,22.696378],[104.026239,22.693867],[104.026286,22.691581],[104.027104,22.689069],[104.027273,22.688549],[104.027305,22.688526],[104.027492,22.687885],[104.028645,22.686762],[104.031448,22.685287],[104.035795,22.683649],[104.036834,22.683096],[104.037686,22.681586],[104.037714,22.680252],[104.037745,22.678728],[104.035964,22.675456],[104.03319,22.670547],[104.031295,22.662794],[104.030446,22.655606],[104.030435,22.655512],[104.030197,22.653503],[104.029946,22.651379],[104.028118,22.644691],[104.027929,22.643981],[104.026494,22.638585],[104.026005,22.634034],[104.022973,22.62821],[104.023642,22.623232],[104.024204,22.61906],[104.02363,22.61396],[104.021056,22.607793],[104.019841,22.604881],[104.01776,22.59822],[104.014788,22.59539],[104.013191,22.592636],[104.012741,22.586623],[104.012204,22.583158],[104.010669,22.58145],[104.009549,22.58064],[104.009076,22.58037],[104.008078,22.580062],[104.00668,22.578943],[104.006645,22.57891],[104.005737,22.578055],[104.005632,22.577957],[104.005638,22.577173],[104.005643,22.576454],[104.005946,22.575413],[104.011661,22.570481],[104.013225,22.568074],[104.013661,22.566117],[104.01353,22.564744],[104.012483,22.563627],[104.01095,22.561489],[104.010745,22.561003],[104.010754,22.559631],[104.013534,22.554226],[104.013981,22.550702],[104.012947,22.547821],[104.010785,22.545521],[104.007017,22.543043],[104.00544,22.542666],[104.004769,22.541398],[104.004785,22.539188],[104.004794,22.538029],[104.008932,22.52963],[104.009874,22.524582],[104.008334,22.521671],[104.007025,22.520321],[104.006001,22.519538],[104.004784,22.518814],[104.0035,22.518507],[104.001891,22.518736],[103.997641,22.519546],[103.99275,22.519874],[103.990241,22.520097],[103.98934,22.520092],[103.988381,22.519369],[103.987489,22.518228],[103.986663,22.516848],[103.98545,22.515586],[103.983463,22.514677],[103.981476,22.513828],[103.98039,22.512865],[103.978988,22.511064],[103.977521,22.509441],[103.976178,22.508477],[103.974253,22.507867],[103.970781,22.507785],[103.969685,22.508196],[103.969285,22.510106],[103.968761,22.511357],[103.967987,22.511651],[103.967151,22.511705],[103.965676,22.511158],[103.964549,22.510106],[103.963744,22.509401],[103.963472,22.509163],[103.962131,22.508069],[103.961935,22.50791],[103.959907,22.507958],[103.956509,22.50902],[103.952397,22.511861],[103.950299,22.513783],[103.94897,22.516069],[103.947398,22.519859],[103.945597,22.523288],[103.944192,22.525358],[103.94295,22.526282],[103.94148,22.526846],[103.939394,22.527048],[103.936384,22.5271],[103.933681,22.527297],[103.932057,22.527716],[103.930506,22.528781],[103.929727,22.529708],[103.928786,22.531638],[103.927358,22.536647],[103.926959,22.538294],[103.926174,22.540009],[103.925243,22.540648],[103.92331,22.540994],[103.922078,22.540627],[103.919636,22.537026],[103.918188,22.534722],[103.916804,22.534067],[103.915645,22.534203],[103.913711,22.534763],[103.912077,22.536401],[103.9116,22.53819],[103.911592,22.539194],[103.912271,22.541278],[103.912642,22.543145],[103.912632,22.544435],[103.912237,22.545651],[103.910066,22.548238],[103.906423,22.551358],[103.897213,22.561967],[103.8951,22.564203],[103.889658,22.569946],[103.887952,22.570866],[103.886326,22.571429],[103.884782,22.571418],[103.883319,22.570978],[103.882559,22.569467],[103.882345,22.567314],[103.881741,22.565589],[103.880282,22.564647],[103.878817,22.564422],[103.876652,22.564837],[103.874248,22.566254],[103.872222,22.568534],[103.868076,22.575244],[103.86573,22.578884],[103.860815,22.585016],[103.858558,22.587222],[103.854826,22.59035],[103.849391,22.593968],[103.845738,22.596881],[103.842466,22.600371],[103.840667,22.603154],[103.837392,22.606858],[103.832724,22.611055],[103.828451,22.614035],[103.825347,22.615876],[103.822161,22.618147],[103.819605,22.621062],[103.819438,22.621222],[103.816865,22.627504],[103.814305,22.633719],[103.813044,22.636649],[103.811398,22.639505],[103.80898,22.642211],[103.807267,22.643847],[103.804,22.646476],[103.80197,22.648898],[103.798525,22.654321],[103.79454,22.659453],[103.790491,22.663079],[103.785751,22.66627],[103.782019,22.668966],[103.779209,22.672242],[103.776698,22.676597],[103.773013,22.681018],[103.769512,22.68536],[103.767002,22.689642],[103.766062,22.690997],[103.764742,22.691704],[103.763352,22.691693],[103.760653,22.691099],[103.754873,22.689405],[103.753099,22.689104],[103.751783,22.689309],[103.750695,22.690089],[103.749915,22.690872],[103.747803,22.693723],[103.745226,22.696642],[103.739474,22.700397],[103.735815,22.703379],[103.735264,22.704522],[103.735173,22.705955],[103.735545,22.707607],[103.736994,22.709698],[103.73752,22.711279],[103.737433,22.712354],[103.736884,22.71321],[103.735326,22.71456],[103.731827,22.716898],[103.727304,22.721307],[103.712257,22.735381],[103.70407,22.742986],[103.700799,22.745612],[103.698082,22.746809],[103.694471,22.747443],[103.689002,22.749926],[103.683057,22.75472],[103.68095,22.761441],[103.677508,22.765414],[103.670438,22.769145],[103.666323,22.772269],[103.663769,22.779067],[103.662423,22.783873],[103.660593,22.787643],[103.658906,22.789349],[103.656291,22.791048],[103.652133,22.792447],[103.649749,22.792861],[103.648354,22.793103],[103.645431,22.794684],[103.644988,22.794802],[103.643756,22.795129],[103.642213,22.794829],[103.636615,22.793076],[103.63215,22.792793],[103.629618,22.792427],[103.627403,22.791261],[103.625194,22.789464],[103.621817,22.786969],[103.62021,22.786897],[103.618352,22.787053],[103.616807,22.786925],[103.61589,22.785885],[103.615528,22.784964],[103.615539,22.783874],[103.61788,22.778733],[103.618583,22.776388],[103.617977,22.775178],[103.615461,22.773206],[103.614353,22.772738],[103.612706,22.770487],[103.610266,22.767139],[103.6083,22.765803],[103.607577,22.763961],[103.607671,22.76075],[103.607634,22.758284],[103.607029,22.757017],[103.60447,22.753267],[103.602211,22.750437],[103.600606,22.750136],[103.597947,22.75017],[103.596835,22.750045],[103.595559,22.747797],[103.595576,22.746192],[103.595467,22.7447],[103.594066,22.74268],[103.590016,22.736861],[103.58534,22.734371],[103.582072,22.732788],[103.578762,22.728995],[103.574302,22.724296],[103.570394,22.716136],[103.567039,22.71061],[103.563469,22.707172],[103.562662,22.704297],[103.56208,22.698318],[103.56217,22.695929],[103.56437,22.687706],[103.565349,22.684428],[103.566522,22.68259],[103.572034,22.673959],[103.577102,22.666213],[103.575112,22.661352],[103.570924,22.649734],[103.567351,22.644437],[103.559906,22.641002],[103.552014,22.63693],[103.548898,22.631427],[103.543815,22.618957],[103.537356,22.608159],[103.5313,22.599437],[103.530882,22.598835],[103.526827,22.596481],[103.529105,22.59008],[103.53038,22.587459],[103.531744,22.587051],[103.536502,22.587094],[103.542383,22.5882],[103.550088,22.588165],[103.557481,22.585494],[103.562491,22.583117],[103.568299,22.580326],[103.57024,22.57887],[103.570142,22.578289],[103.56992,22.576972],[103.568951,22.575593],[103.566793,22.572522],[103.565702,22.568511],[103.566987,22.564732],[103.571701,22.558036],[103.576279,22.553444],[103.577893,22.550721],[103.577606,22.545559],[103.578665,22.541778],[103.580655,22.535478],[103.583406,22.532238],[103.58659,22.531003],[103.591478,22.529256],[103.593312,22.527166],[103.592881,22.524951],[103.589634,22.521238],[103.586283,22.516681],[103.584967,22.512458],[103.584559,22.508032],[103.582906,22.50349],[103.579339,22.497984],[103.575994,22.492901],[103.571491,22.490334],[103.566546,22.48671],[103.560948,22.480554],[103.555897,22.476297],[103.553562,22.472275],[103.5536,22.46859],[103.555102,22.465656],[103.559088,22.463375],[103.563654,22.459731],[103.5678,22.452818],[103.570202,22.450418],[103.573169,22.448128],[103.576137,22.445627],[103.577294,22.443216],[103.579132,22.4406],[103.582203,22.439153],[103.586069,22.437397],[103.587346,22.434249],[103.587487,22.431513],[103.589532,22.430688],[103.595095,22.429052],[103.597361,22.428756],[103.599977,22.427515],[103.601248,22.424894],[103.601551,22.417316],[103.60262,22.412271],[103.605478,22.409348],[103.611629,22.405294],[103.617439,22.401448],[103.622668,22.398966],[103.626291,22.398786],[103.630585,22.399454],[103.638363,22.402468],[103.64366,22.404724],[103.647732,22.404969],[103.66188,22.404665],[103.677264,22.405318],[103.682794,22.406943],[103.690246,22.408793],[103.692847,22.409025],[103.698851,22.408336],[103.704395,22.408486],[103.709022,22.409892],[103.714075,22.414144],[103.719721,22.415558],[103.726946,22.41751],[103.730236,22.416694],[103.742287,22.410681],[103.74708,22.40619],[103.751535,22.401592],[103.757812,22.395639],[103.761131,22.391452],[103.764116,22.386526],[103.765279,22.382955],[103.764973,22.379162],[103.764342,22.373787],[103.764738,22.367367],[103.765136,22.360736],[103.766188,22.356849],[103.769494,22.354031],[103.773696,22.352167],[103.776646,22.351137],[103.778593,22.348414],[103.778743,22.344203],[103.779329,22.341785],[103.78048,22.339583],[103.780048,22.337158],[103.776097,22.336286],[103.770338,22.335189],[103.768092,22.333382],[103.769019,22.330862],[103.769958,22.326868],[103.769309,22.323599],[103.765281,22.318619],[103.761124,22.315429],[103.760911,22.313953],[103.764211,22.311661],[103.76954,22.310123],[103.771825,22.307402],[103.773768,22.3051],[103.777846,22.304289],[103.781361,22.303262],[103.787027,22.301936],[103.791464,22.29881],[103.798639,22.292861],[103.808424,22.285773],[103.818104,22.277525],[103.823927,22.270829],[103.827582,22.266327],[103.829898,22.25971],[103.835279,22.251641],[103.838831,22.245769],[103.841261,22.238942],[103.840877,22.230726],[103.840905,22.227357],[103.842054,22.225048],[103.845804,22.222548],[103.85127,22.217532],[103.853344,22.212703],[103.854503,22.209131],[103.856214,22.207142],[103.859959,22.205168],[103.865853,22.203103],[103.868694,22.201122],[103.870411,22.198396],[103.871004,22.19482],[103.87092,22.191239],[103.869022,22.188383],[103.865993,22.185624],[103.864992,22.183616],[103.865116,22.182248],[103.866261,22.180361],[103.86876,22.178693],[103.875322,22.177686],[103.884148,22.175956],[103.887439,22.174189],[103.890407,22.170313],[103.895662,22.162872],[103.898514,22.159311],[103.902379,22.156283],[103.907034,22.153261],[103.910341,22.149282],[103.913527,22.146249],[103.917951,22.143856],[103.924059,22.142844],[103.93095,22.142784],[103.93389,22.142382],[103.935593,22.141235],[103.936625,22.139241],[103.937228,22.134085],[103.937374,22.129663],[103.936724,22.126078],[103.93539,22.123121],[103.935753,22.119964],[103.937583,22.116923],[103.940439,22.112518],[103.941938,22.108421],[103.941861,22.103577],[103.940435,22.097986],[103.937231,22.088488],[103.936805,22.085011],[103.939551,22.08029],[103.944106,22.075054],[103.947414,22.070547],[103.950858,22.062777],[103.954095,22.052478],[103.955422,22.040903],[103.95432,22.03721],[103.951879,22.031508],[103.951228,22.027923],[103.952947,22.024354],[103.95794,22.0207],[103.96124,22.017035],[103.9624,22.012725],[103.961519,22.009771],[103.959627,22.006073],[103.958367,22.005024],[103.955332,22.002956],[103.953958,22.001396],[103.95438,22.000493],[103.954795,22.000003],[103.954796,22.000003],[103.957685,21.996597],[103.967014,21.986477],[103.970669,21.980719],[103.974139,21.976566],[103.985359,21.966065],[103.99207,21.962498],[103.997361,21.950372],[103.993143,21.934547],[104.00245,21.922708],[104.015166,21.917017],[104.01868,21.918321],[104.036699,21.913638],[104.042302,21.915919],[104.055081,21.912421],[104.06392,21.908072],[104.080277,21.903804],[104.093696,21.915601],[104.129549,21.904984],[104.140719,21.895649],[104.169026,21.891558],[104.196592,21.887066],[104.21958,21.89423],[104.231605,21.902097],[104.228857,21.924094],[104.208703,21.944844],[104.213702,21.949435],[104.244757,21.938767],[104.256003,21.931239],[104.272872,21.932662],[104.284565,21.939359],[104.294916,21.926141],[104.326109,21.917953],[104.330426,21.898035],[104.345187,21.882204],[104.354878,21.876334],[104.388261,21.911958],[104.433623,21.939079],[104.416485,22.024752],[104.380227,22.069678],[104.380227,22.090922],[104.406571,22.116275],[104.384603,22.17522],[104.42431,22.198554],[104.562875,22.086224],[104.584237,22.1768],[104.588739,22.178779],[104.59108,22.182458],[104.593297,22.180352],[104.600681,22.183808],[104.603359,22.175355],[104.609121,22.176707],[104.61541,22.175806],[104.61932,22.178155],[104.625568,22.171528],[104.625732,22.17735],[104.617455,22.194869],[104.616855,22.211345],[104.623089,22.212886],[104.628645,22.219009],[104.612023,22.225547],[104.596942,22.217675],[104.583426,22.230801],[104.587204,22.237228],[104.586162,22.250706],[104.579748,22.251655],[104.574122,22.244246],[104.552509,22.241006],[104.548606,22.251197],[104.543039,22.274549],[104.570702,22.292801],[104.580626,22.312018],[104.565141,22.330741],[104.563891,22.332528],[104.565467,22.335165],[104.569529,22.338546],[104.574497,22.341929],[104.578898,22.345521],[104.579227,22.348892],[104.576842,22.352045],[104.573098,22.3553],[104.568795,22.356447],[104.565515,22.356122],[104.558841,22.355788],[104.551032,22.356188],[104.547972,22.357759],[104.545361,22.360385],[104.544788,22.362805],[104.54625,22.365653],[104.549971,22.369454],[104.551548,22.37167],[104.549492,22.377878],[104.547216,22.381663],[104.543363,22.383442],[104.534186,22.386575],[104.529199,22.388772],[104.523752,22.393179],[104.519551,22.397169],[104.512295,22.400622],[104.50685,22.404292],[104.504695,22.405549],[104.49926,22.406059],[104.495865,22.405837],[104.49439,22.406781],[104.492461,22.408354],[104.490866,22.410982],[104.48835,22.418135],[104.485622,22.42118],[104.481318,22.422009],[104.475429,22.422517],[104.470559,22.423238],[104.466931,22.424911],[104.464775,22.426167],[104.462947,22.430479],[104.460099,22.435208],[104.455666,22.439722],[104.451343,22.445078],[104.448038,22.450648],[104.447116,22.454541],[104.447101,22.458543],[104.447882,22.461284],[104.451492,22.464666],[104.456122,22.468051],[104.460739,22.474491],[104.464121,22.478504],[104.468187,22.481255],[104.471461,22.484004],[104.471681,22.485584],[104.471675,22.487375],[104.468492,22.490418],[104.464065,22.493141],[104.455218,22.496482],[104.448975,22.499936],[104.440221,22.508014],[104.438401,22.509903],[104.435539,22.51737],[104.432577,22.521677],[104.427014,22.524606],[104.421232,22.525744],[104.416693,22.527518],[104.414533,22.5293],[104.412823,22.532032],[104.412816,22.533611],[104.414384,22.537829],[104.416858,22.542156],[104.420013,22.546485],[104.421022,22.548911],[104.41985,22.558174],[104.420954,22.565338],[104.421951,22.570607],[104.424428,22.574513],[104.428726,22.576634],[104.436089,22.577292],[104.443682,22.577108],[104.454801,22.573881],[104.461828,22.573378],[104.464081,22.576861],[104.461888,22.587279],[104.460604,22.596858],[104.458188,22.606011],[104.458653,22.611228],[104.450542,22.612413],[104.441237,22.61318],[104.431941,22.612665],[104.42832,22.615152],[104.414245,22.631113],[104.406818,22.639607],[104.404356,22.646194],[104.402249,22.651341],[104.403218,22.655857],[104.400005,22.660877],[104.388505,22.680033],[104.378296,22.677645],[104.36663,22.674546],[104.357443,22.674825],[104.352786,22.676491],[104.34414,22.682142],[104.335717,22.688531],[104.334341,22.691685],[104.334774,22.696004],[104.338134,22.704969]]]},"properties":{"npp":"NPP Công Giang"}},{"type":"Feature","geometry":{"type":"Polygon","coordinates":[[[103.327437,22.812142],[103.325557,22.812316],[103.323289,22.810164],[103.321204,22.810142],[103.31557,22.807905],[103.314434,22.804103],[103.314568,22.803359],[103.316626,22.791914],[103.316124,22.784363],[103.316052,22.783275],[103.312721,22.777345],[103.309204,22.768832],[103.307653,22.765079],[103.299363,22.756569],[103.299356,22.756561],[103.289967,22.745941],[103.284618,22.738304],[103.284042,22.729876],[103.286679,22.718534],[103.285514,22.711891],[103.283997,22.707965],[103.282844,22.706233],[103.280981,22.702026],[103.280338,22.699037],[103.280138,22.69525],[103.280938,22.690614],[103.281414,22.687121],[103.281123,22.685684],[103.279402,22.683715],[103.275835,22.681354],[103.272188,22.678939],[103.271548,22.678516],[103.269057,22.676866],[103.254142,22.672914],[103.243109,22.666898],[103.238178,22.663024],[103.231633,22.658492],[103.228174,22.654887],[103.226567,22.653211],[103.224415,22.650967],[103.220919,22.649426],[103.217326,22.649087],[103.217057,22.648991],[103.210315,22.648263],[103.205385,22.648861],[103.198927,22.650864],[103.197623,22.651143],[103.191401,22.650743],[103.185576,22.647293],[103.184468,22.645882],[103.183228,22.643974],[103.182152,22.640154],[103.181949,22.639584],[103.180538,22.63467],[103.179717,22.632897],[103.178399,22.631511],[103.176655,22.630511],[103.175119,22.629645],[103.172976,22.626877],[103.166423,22.617398],[103.164351,22.611693],[103.164285,22.611513],[103.159019,22.601397],[103.159017,22.601392],[103.15881,22.601033],[103.157529,22.598912],[103.156711,22.596976],[103.156768,22.595376],[103.157032,22.593747],[103.157024,22.593715],[103.160313,22.58491],[103.170457,22.571761],[103.178515,22.561957],[103.17861,22.561824],[103.179609,22.560803],[103.17998,22.560024],[103.180353,22.559134],[103.180002,22.558347],[103.178954,22.557772],[103.177706,22.556812],[103.164415,22.548954],[103.158729,22.54519],[103.15764,22.543859],[103.156447,22.541708],[103.153695,22.541289],[103.150561,22.542172],[103.148346,22.544323],[103.145992,22.545264],[103.14397,22.54466],[103.141288,22.542888],[103.139313,22.542671],[103.136849,22.542062],[103.134198,22.537969],[103.128682,22.530262],[103.122807,22.526034],[103.116933,22.521709],[103.114576,22.519069],[103.107835,22.517346],[103.099514,22.517054],[103.091937,22.51561],[103.086554,22.513611],[103.082099,22.512204],[103.07729,22.506246],[103.075797,22.501391],[103.074911,22.497704],[103.070793,22.49456],[103.0698,22.491162],[103.071403,22.488085],[103.072366,22.486162],[103.070954,22.482953],[103.068733,22.47809],[103.070438,22.475111],[103.076223,22.470537],[103.078611,22.46331],[103.077881,22.455949],[103.076681,22.452452],[103.072561,22.449501],[103.065603,22.448741],[103.060799,22.450134],[103.054927,22.453546],[103.053281,22.452268],[103.049911,22.447778],[103.045455,22.44666],[103.038062,22.447247],[103.031747,22.445139],[103.028332,22.443936],[103.026136,22.44478],[103.022554,22.448025],[103.018435,22.452425],[103.015207,22.452675],[103.011855,22.454375],[103.008875,22.459078],[103.005707,22.462425],[103.001125,22.462755],[102.996431,22.463664],[102.991657,22.462928],[102.98996,22.465228],[102.98991,22.46871],[102.990263,22.473067],[102.987196,22.476512],[102.984331,22.480442],[102.981718,22.48128],[102.974125,22.481185],[102.966036,22.479438],[102.961141,22.47986],[102.958709,22.482538],[102.956687,22.485608],[102.95241,22.486424],[102.947768,22.483753],[102.945272,22.483721],[102.939512,22.486259],[102.936593,22.486706],[102.926946,22.484841],[102.924091,22.487899],[102.921195,22.493763],[102.921809,22.501412],[102.920371,22.507101],[102.918779,22.509208],[102.908976,22.510726],[102.9077,22.512547],[102.907656,22.515448],[102.907583,22.520284],[102.906149,22.525682],[102.901543,22.52746],[102.886917,22.538102],[102.888129,22.540537],[102.892862,22.544081],[102.892842,22.545435],[102.89197,22.548035],[102.886185,22.552022],[102.877667,22.557713],[102.876066,22.560304],[102.876753,22.563021],[102.878982,22.567017],[102.879054,22.569145],[102.87673,22.57134],[102.869698,22.575116],[102.869255,22.576851],[102.869915,22.581309],[102.873391,22.585418],[102.875528,22.588638],[102.875256,22.592794],[102.87249,22.596626],[102.868524,22.597251],[102.863157,22.600952],[102.860278,22.605363],[102.861578,22.608862],[102.860826,22.610303],[102.858517,22.61153],[102.853924,22.612242],[102.844865,22.612314],[102.8412,22.613619],[102.84075,22.615741],[102.840716,22.617965],[102.838282,22.620447],[102.823699,22.627408],[102.820993,22.627274],[102.814298,22.622637],[102.810931,22.624816],[102.806127,22.625718],[102.79677,22.624815],[102.791215,22.62706],[102.786036,22.627505],[102.783667,22.630245],[102.781202,22.634563],[102.781268,22.636982],[102.784419,22.641765],[102.784795,22.644285],[102.783417,22.645814],[102.779745,22.647504],[102.770461,22.648439],[102.760654,22.649463],[102.756832,22.653955],[102.752798,22.658638],[102.749748,22.666817],[102.745651,22.668984],[102.733688,22.668041],[102.72929,22.66943],[102.726202,22.673545],[102.724483,22.676712],[102.722343,22.680164],[102.720031,22.681388],[102.716291,22.680754],[102.710954,22.682226],[102.707799,22.684018],[102.707764,22.686145],[102.70755,22.692719],[102.705621,22.69598],[102.696801,22.700109],[102.687754,22.705298],[102.685572,22.704976],[102.681868,22.702214],[102.676082,22.699326],[102.669329,22.69826],[102.660431,22.694649],[102.654324,22.692335],[102.65072,22.695957],[102.645417,22.701489],[102.632567,22.709616],[102.617121,22.723217],[102.603269,22.734809],[102.597231,22.734525],[102.588199,22.726652],[102.584729,22.722537],[102.583596,22.715847],[102.583488,22.710139],[102.582057,22.70857],[102.577609,22.706762],[102.569603,22.705867],[102.564904,22.706472],[102.564648,22.709176],[102.564431,22.715556],[102.562356,22.72094],[102.560192,22.725453],[102.554353,22.731553],[102.550018,22.735065],[102.546044,22.743679],[102.545976,22.745544],[102.545408,22.748147],[102.540486,22.749522],[102.537174,22.754016],[102.531227,22.76021],[102.517331,22.767925],[102.510658,22.773817],[102.504956,22.777886],[102.496872,22.781048],[102.491342,22.781348],[102.482194,22.780043],[102.478683,22.778247],[102.47791,22.774946],[102.476086,22.772113],[102.472876,22.770999],[102.463515,22.76998],[102.457428,22.766595],[102.452659,22.759653],[102.449553,22.751714],[102.448977,22.744701],[102.450518,22.740277],[102.454059,22.734725],[102.45356,22.733556],[102.449135,22.730584],[102.443127,22.728651],[102.442919,22.728648],[102.440418,22.723095],[102.439376,22.71747],[102.43576,22.710256],[102.433592,22.703645],[102.429694,22.700391],[102.421883,22.694753],[102.415871,22.693206],[102.410237,22.688182],[102.404122,22.686536],[102.394797,22.689479],[102.39105,22.689321],[102.384761,22.685931],[102.38214,22.681343],[102.383632,22.674114],[102.387082,22.665177],[102.396473,22.653146],[102.399763,22.644302],[102.403267,22.641631],[102.403544,22.641739],[102.403851,22.641874],[102.404194,22.642039],[102.404581,22.642235],[102.405001,22.64245],[102.405437,22.642672],[102.405768,22.642833],[102.405961,22.642693],[102.409851,22.642939],[102.412805,22.642856],[102.415107,22.640021],[102.415132,22.638715],[102.413628,22.636471],[102.410987,22.634862],[102.406213,22.634524],[102.40377,22.633532],[102.402744,22.633376],[102.395623,22.626525],[102.386984,22.616072],[102.376829,22.602016],[102.372705,22.598966],[102.369109,22.596217],[102.367245,22.594638],[102.362946,22.593582],[102.354329,22.592454],[102.347928,22.590378],[102.345755,22.589145],[102.344873,22.587723],[102.344382,22.585673],[102.345457,22.580975],[102.348266,22.576727],[102.349614,22.575474],[102.350171,22.574639],[102.352582,22.569594],[102.353348,22.568798],[102.353192,22.568714],[102.352378,22.567715],[102.351181,22.566921],[102.347273,22.565237],[102.339888,22.563215],[102.335149,22.561447],[102.331452,22.560681],[102.325067,22.559956],[102.320578,22.558995],[102.320009,22.553303],[102.318061,22.54864],[102.327258,22.538481],[102.333022,22.533105],[102.33696,22.528435],[102.338047,22.524875],[102.338388,22.518882],[102.339491,22.514481],[102.343732,22.505817],[102.344709,22.502045],[102.345535,22.497323],[102.345599,22.493956],[102.346989,22.492296],[102.34949,22.491705],[102.354698,22.491581],[102.356314,22.489923],[102.357045,22.487199],[102.35778,22.484265],[102.359003,22.479444],[102.361544,22.47675],[102.366795,22.47431],[102.373845,22.472531],[102.380235,22.469689],[102.3862,22.465366],[102.389204,22.462047],[102.390192,22.457643],[102.390076,22.451748],[102.38844,22.442461],[102.391249,22.437455],[102.394342,22.429297],[102.394905,22.423413],[102.393837,22.420028],[102.392067,22.417895],[102.388714,22.415736],[102.38494,22.411886],[102.38636,22.408542],[102.390743,22.403982],[102.397832,22.399887],[102.40361,22.393245],[102.408425,22.389744],[102.411614,22.388533],[102.416815,22.388616],[102.41936,22.385499],[102.421071,22.378581],[102.422985,22.372929],[102.426882,22.370044],[102.440302,22.365837],[102.446717,22.361308],[102.452063,22.353394],[102.454924,22.34523],[102.45589,22.341878],[102.458196,22.339388],[102.465528,22.334031],[102.472043,22.323819],[102.479702,22.312783],[102.486856,22.304685],[102.488776,22.2984],[102.494053,22.294062],[102.503034,22.284729],[102.506995,22.278054],[102.508233,22.271969],[102.511527,22.264652],[102.517057,22.258633],[102.528742,22.24955],[102.534907,22.245855],[102.541718,22.244063],[102.548928,22.245225],[102.553836,22.248877],[102.557093,22.256504],[102.559969,22.260125],[102.563788,22.261446],[102.568744,22.262362],[102.57327,22.262009],[102.578721,22.260406],[102.583305,22.256685],[102.595922,22.245716],[102.599813,22.242827],[102.60617,22.241026],[102.612316,22.23838],[102.615751,22.235694],[102.61716,22.232557],[102.61551,22.223271],[102.615695,22.212328],[102.615586,22.20538],[102.615647,22.201802],[102.617729,22.198886],[102.622776,22.194328],[102.628499,22.189781],[102.631929,22.187305],[102.636089,22.181682],[102.639547,22.177522],[102.64522,22.17592],[102.652214,22.176442],[102.659012,22.175066],[102.66768,22.169928],[102.67312,22.168743],[102.676466,22.171316],[102.682182,22.180871],[102.687833,22.194424],[102.691607,22.198477],[102.694238,22.203356],[102.695483,22.21011],[102.691228,22.221627],[102.684921,22.234168],[102.683716,22.238782],[102.680949,22.242111],[102.676153,22.2452],[102.668183,22.248874],[102.663351,22.254068],[102.662168,22.257208],[102.665509,22.260203],[102.671564,22.263027],[102.674731,22.262862],[102.680234,22.258099],[102.689184,22.249806],[102.696014,22.246745],[102.705575,22.24246],[102.715557,22.240075],[102.724399,22.238304],[102.732179,22.232308],[102.74046,22.223161],[102.746671,22.2163],[102.749462,22.211286],[102.750237,22.205192],[102.748628,22.19275],[102.745385,22.183653],[102.74345,22.177521],[102.738529,22.174505],[102.734952,22.17214],[102.73502,22.167931],[102.738356,22.15703],[102.738252,22.14945],[102.738349,22.143347],[102.740273,22.136006],[102.745546,22.131026],[102.754009,22.124196],[102.757917,22.119829],[102.763368,22.117798],[102.767023,22.115112],[102.77163,22.10928],[102.776934,22.102195],[102.777664,22.098836],[102.775002,22.095853],[102.774155,22.092263],[102.776913,22.089142],[102.791243,22.082179],[102.809215,22.073158],[102.814762,22.06986],[102.817872,22.068011],[102.82333,22.065346],[102.833034,22.065475],[102.841812,22.067065],[102.847232,22.066926],[102.852206,22.06636],[102.854504,22.063653],[102.856805,22.060736],[102.858839,22.060552],[102.860625,22.061839],[102.861462,22.066271],[102.861848,22.068636],[102.862702,22.073866],[102.866469,22.078547],[102.870738,22.079865],[102.875923,22.080354],[102.876963,22.080814],[102.877276,22.081522],[102.877324,22.081925],[102.879759,22.080404],[102.886361,22.0767],[102.890198,22.076749],[102.896715,22.078728],[102.90249,22.085118],[102.910553,22.089432],[102.918871,22.091854],[102.923379,22.092333],[102.924465,22.095294],[102.92424,22.09599],[102.922099,22.102632],[102.921599,22.105995],[102.923163,22.107067],[102.926336,22.106265],[102.928408,22.103555],[102.930968,22.098324],[102.93217,22.093286],[102.932241,22.088445],[102.927395,22.080173],[102.92659,22.073425],[102.928683,22.069241],[102.932983,22.068453],[102.93682,22.068502],[102.939534,22.068115],[102.942749,22.064366],[102.946436,22.059149],[102.951675,22.055846],[102.956691,22.052329],[102.959459,22.048153],[102.961821,22.040814],[102.962122,22.035554],[102.964637,22.033269],[102.968488,22.032265],[102.975044,22.031504],[102.982315,22.028014],[102.985242,22.028471],[102.989268,22.031047],[102.992124,22.036556],[102.994229,22.04732],[102.996447,22.050084],[103.000025,22.052444],[103.004969,22.053978],[103.009468,22.055085],[103.016443,22.056644],[103.020063,22.056056],[103.025962,22.053811],[103.0312,22.050506],[103.034377,22.049281],[103.03935,22.048709],[103.046545,22.05069],[103.052364,22.054338],[103.055917,22.058592],[103.058577,22.062202],[103.060825,22.062861],[103.064913,22.061014],[103.071481,22.059407],[103.078706,22.059282],[103.086608,22.059164],[103.089774,22.05878],[103.093371,22.059874],[103.093794,22.061985],[103.092394,22.065337],[103.089161,22.070774],[103.088667,22.073926],[103.092662,22.079026],[103.097721,22.088981],[103.099383,22.099738],[103.100924,22.102704],[103.106142,22.10087],[103.114077,22.098435],[103.118414,22.094905],[103.123938,22.086968],[103.128789,22.078602],[103.134733,22.072985],[103.140632,22.070736],[103.144244,22.070777],[103.148502,22.073141],[103.153658,22.075937],[103.158853,22.075785],[103.161185,22.075644],[103.16179,22.075607],[103.164267,22.076056],[103.165592,22.078387],[103.166459,22.081134],[103.168706,22.082001],[103.171883,22.080774],[103.177643,22.0761],[103.187068,22.071783],[103.194878,22.07008],[103.202335,22.06953],[103.207297,22.069901],[103.211137,22.069732],[103.218054,22.067176],[103.226014,22.062525],[103.232973,22.056599],[103.24059,22.052154],[103.246711,22.050009],[103.259517,22.045724],[103.271416,22.041744],[103.27866,22.04003],[103.28294,22.040707],[103.286754,22.042642],[103.288391,22.047291],[103.288459,22.050977],[103.285012,22.0561],[103.28032,22.06142],[103.274373,22.06778],[103.271609,22.072278],[103.271687,22.075121],[103.273665,22.079564],[103.279099,22.087623],[103.281728,22.094283],[103.282964,22.104087],[103.284271,22.108102],[103.284269,22.108207],[103.28795,22.111931],[103.29042,22.113115],[103.296616,22.114337],[103.30101,22.11512],[103.304032,22.117363],[103.305773,22.122855],[103.30809,22.127407],[103.312862,22.13451],[103.317523,22.141401],[103.319965,22.145006],[103.325683,22.148539],[103.329803,22.15353],[103.332389,22.154609],[103.336006,22.15433],[103.347427,22.153288],[103.360175,22.154575],[103.376074,22.156945],[103.378591,22.157101],[103.382169,22.157322],[103.385903,22.156832],[103.388509,22.156121],[103.389572,22.152026],[103.390427,22.146349],[103.393308,22.141323],[103.399967,22.131702],[103.403693,22.121737],[103.407691,22.107667],[103.413516,22.091615],[103.417715,22.079547],[103.421408,22.072318],[103.424491,22.069189],[103.429076,22.062916],[103.432061,22.058312],[103.434222,22.056859],[103.43671,22.056461],[103.441661,22.057877],[103.447536,22.057407],[103.452768,22.053771],[103.457722,22.044447],[103.463008,22.035758],[103.465759,22.031888],[103.465679,22.028834],[103.461665,22.024268],[103.455518,22.018736],[103.452516,22.014601],[103.45188,22.010805],[103.453502,22.006924],[103.459715,22.000021],[103.459719,22.000016],[103.460102,21.99959],[103.462523,21.997629],[103.464537,21.994618],[103.467268,21.988565],[103.469977,21.984283],[103.474457,21.980349],[103.478381,21.978563],[103.485139,21.9773],[103.489953,21.975357],[103.49487,21.971985],[103.496776,21.977352],[103.498392,21.981092],[103.500318,21.983108],[103.505544,21.985972],[103.508252,21.987723],[103.511228,21.991748],[103.5115,21.993658],[103.51059,21.996921],[103.510563,21.999626],[103.510663,22.000003],[103.510663,22.000004],[103.511684,22.003855],[103.511367,22.00757],[103.510506,22.010157],[103.510387,22.012749],[103.511658,22.015268],[103.515868,22.020235],[103.524059,22.025756],[103.539669,22.030824],[103.542171,22.030847],[103.545608,22.030013],[103.552223,22.026613],[103.561523,22.023409],[103.568132,22.020441],[103.578161,22.018453],[103.583087,22.016939],[103.590242,22.015012],[103.59962,22.013104],[103.603155,22.011664],[103.605959,22.009267],[103.608964,22.005142],[103.612329,22.002144],[103.615648,22.000014],[103.615653,22.000011],[103.616102,21.999723],[103.628287,21.993038],[103.632257,21.991523],[103.63608,21.991912],[103.6423,21.995297],[103.645615,21.995444],[103.648945,21.994162],[103.650377,21.991078],[103.650538,21.987626],[103.65209,21.985377],[103.654917,21.983137],[103.656598,21.98077],[103.657803,21.974707],[103.657858,21.968874],[103.658665,21.964475],[103.661276,21.958066],[103.662847,21.953793],[103.664657,21.951188],[103.670683,21.947784],[103.676432,21.946759],[103.682432,21.946212],[103.685133,21.943733],[103.68671,21.938625],[103.687136,21.933866],[103.684376,21.928962],[103.681112,21.92334],[103.681767,21.92144],[103.687801,21.916964],[103.698441,21.910857],[103.70258,21.904341],[103.703643,21.899586],[103.70221,21.888859],[103.703765,21.886132],[103.70683,21.885561],[103.710276,21.885112],[103.713225,21.88323],[103.715791,21.881464],[103.718597,21.881247],[103.720395,21.879833],[103.720423,21.876618],[103.718669,21.87327],[103.716179,21.866583],[103.712013,21.862026],[103.708611,21.857594],[103.705349,21.851853],[103.703625,21.845171],[103.700715,21.842767],[103.696147,21.840588],[103.694123,21.838905],[103.693892,21.836283],[103.693946,21.83033],[103.694869,21.826884],[103.698328,21.824888],[103.70624,21.82364],[103.7097,21.821524],[103.71278,21.819047],[103.714866,21.813824],[103.716926,21.811459],[103.721275,21.809588],[103.727902,21.809401],[103.739867,21.810921],[103.745091,21.810961],[103.751587,21.811249],[103.754653,21.810319],[103.756328,21.808188],[103.755863,21.803065],[103.752388,21.792322],[103.752046,21.787676],[103.753225,21.783993],[103.757318,21.782119],[103.768157,21.78089],[103.774156,21.779625],[103.776854,21.776906],[103.780249,21.767167],[103.782437,21.764445],[103.78896,21.761278],[103.792037,21.758919],[103.793338,21.755713],[103.79476,21.753223],[103.797705,21.751339],[103.799887,21.749331],[103.800685,21.745288],[103.802757,21.741135],[103.80621,21.739493],[103.813088,21.739424],[103.817298,21.738501],[103.822408,21.736632],[103.825334,21.737011],[103.82621,21.738922],[103.828853,21.74287],[103.830756,21.743836],[103.833191,21.741948],[103.834233,21.739098],[103.831976,21.734676],[103.831626,21.730744],[103.832454,21.722772],[103.835484,21.71029],[103.838969,21.704361],[103.843954,21.702014],[103.846635,21.701199],[103.847802,21.698469],[103.849234,21.694549],[103.851541,21.69266],[103.85625,21.69293],[103.860965,21.692367],[103.868121,21.689082],[103.872465,21.687088],[103.876282,21.687471],[103.87843,21.689629],[103.879262,21.697255],[103.878798,21.70785],[103.880689,21.710363],[103.883247,21.708833],[103.889916,21.702685],[103.894386,21.700929],[103.900645,21.698351],[103.90588,21.69648],[103.909569,21.696862],[103.91516,21.698447],[103.921979,21.700751],[103.921188,21.709353],[103.917953,21.710169],[103.911798,21.71657],[103.9163,21.719898],[103.918045,21.729115],[103.915191,21.735187],[103.930592,21.743613],[103.938439,21.739013],[103.942021,21.743194],[103.948268,21.744218],[103.953045,21.740805],[103.953964,21.741146],[103.953872,21.747717],[103.951468,21.752348],[103.951545,21.756969],[103.956211,21.753809],[103.963594,21.758066],[103.967192,21.77135],[103.962967,21.773312],[103.957455,21.781757],[103.956395,21.787287],[103.951342,21.78942],[103.950699,21.792576],[103.952353,21.793258],[103.952232,21.797923],[103.949321,21.800935],[103.95024,21.802812],[103.944085,21.806223],[103.944453,21.810829],[103.939216,21.812108],[103.935542,21.817396],[103.936152,21.819024],[103.917306,21.830343],[103.920476,21.831808],[103.920568,21.836924],[103.889599,21.864389],[103.886742,21.905696],[103.893762,21.920597],[103.908108,21.920981],[103.920116,21.931425],[103.940025,21.917674],[103.955601,21.929181],[103.971051,21.95825],[103.97771,21.959619],[103.985123,21.965992],[103.974139,21.976566],[103.970669,21.980719],[103.967014,21.986477],[103.957685,21.996597],[103.954796,22.000003],[103.954795,22.000003],[103.95438,22.000493],[103.953958,22.001396],[103.955332,22.002956],[103.958367,22.005024],[103.959627,22.006073],[103.961519,22.009771],[103.9624,22.012725],[103.96124,22.017035],[103.95794,22.0207],[103.952947,22.024354],[103.951228,22.027923],[103.951879,22.031508],[103.95432,22.03721],[103.955422,22.040903],[103.954095,22.052478],[103.950858,22.062777],[103.947414,22.070547],[103.944106,22.075054],[103.939551,22.08029],[103.936805,22.085011],[103.937231,22.088488],[103.940435,22.097986],[103.941861,22.103577],[103.941938,22.108421],[103.940439,22.112518],[103.937583,22.116923],[103.935753,22.119964],[103.93539,22.123121],[103.936724,22.126078],[103.937374,22.129663],[103.937228,22.134085],[103.936625,22.139241],[103.935593,22.141235],[103.93389,22.142382],[103.93095,22.142784],[103.924059,22.142844],[103.917951,22.143856],[103.913527,22.146249],[103.910341,22.149282],[103.907034,22.153261],[103.902379,22.156283],[103.898514,22.159311],[103.895662,22.162872],[103.890407,22.170313],[103.887439,22.174189],[103.884148,22.175956],[103.875322,22.177686],[103.86876,22.178693],[103.866261,22.180361],[103.865116,22.182248],[103.864992,22.183616],[103.865993,22.185624],[103.869022,22.188383],[103.87092,22.191239],[103.871004,22.19482],[103.870411,22.198396],[103.868694,22.201122],[103.865853,22.203103],[103.859959,22.205168],[103.856214,22.207142],[103.854503,22.209131],[103.853344,22.212703],[103.85127,22.217532],[103.845804,22.222548],[103.842054,22.225048],[103.840905,22.227357],[103.840877,22.230726],[103.841261,22.238942],[103.838831,22.245769],[103.835279,22.251641],[103.829898,22.25971],[103.827582,22.266327],[103.823927,22.270829],[103.818104,22.277525],[103.808424,22.285773],[103.798639,22.292861],[103.791464,22.29881],[103.787027,22.301936],[103.781361,22.303262],[103.777846,22.304289],[103.773768,22.3051],[103.771825,22.307402],[103.76954,22.310123],[103.764211,22.311661],[103.760911,22.313953],[103.761124,22.315429],[103.765281,22.318619],[103.769309,22.323599],[103.769958,22.326868],[103.769019,22.330862],[103.768092,22.333382],[103.770338,22.335189],[103.776097,22.336286],[103.780048,22.337158],[103.78048,22.339583],[103.779329,22.341785],[103.778743,22.344203],[103.778593,22.348414],[103.776646,22.351137],[103.773696,22.352167],[103.769494,22.354031],[103.766188,22.356849],[103.765136,22.360736],[103.764738,22.367367],[103.764342,22.373787],[103.764973,22.379162],[103.765279,22.382955],[103.764116,22.386526],[103.761131,22.391452],[103.757812,22.395639],[103.751535,22.401592],[103.74708,22.40619],[103.742287,22.410681],[103.730236,22.416694],[103.726946,22.41751],[103.719721,22.415558],[103.714075,22.414144],[103.709022,22.409892],[103.704395,22.408486],[103.698851,22.408336],[103.692847,22.409025],[103.690246,22.408793],[103.682794,22.406943],[103.677264,22.405318],[103.66188,22.404665],[103.647732,22.404969],[103.64366,22.404724],[103.638363,22.402468],[103.630585,22.399454],[103.626291,22.398786],[103.622668,22.398966],[103.617439,22.401448],[103.611629,22.405294],[103.605478,22.409348],[103.60262,22.412271],[103.601551,22.417316],[103.601248,22.424894],[103.599977,22.427515],[103.597361,22.428756],[103.595095,22.429052],[103.589532,22.430688],[103.587487,22.431513],[103.587346,22.434249],[103.586069,22.437397],[103.582203,22.439153],[103.579132,22.4406],[103.577294,22.443216],[103.576137,22.445627],[103.573169,22.448128],[103.570202,22.450418],[103.5678,22.452818],[103.563654,22.459731],[103.559088,22.463375],[103.555102,22.465656],[103.5536,22.46859],[103.553562,22.472275],[103.555897,22.476297],[103.560948,22.480554],[103.566546,22.48671],[103.571491,22.490334],[103.575994,22.492901],[103.579339,22.497984],[103.582906,22.50349],[103.584559,22.508032],[103.584967,22.512458],[103.586283,22.516681],[103.589634,22.521238],[103.592881,22.524951],[103.593312,22.527166],[103.591478,22.529256],[103.58659,22.531003],[103.583406,22.532238],[103.580655,22.535478],[103.578665,22.541778],[103.577606,22.545559],[103.577893,22.550721],[103.576279,22.553444],[103.571701,22.558036],[103.566987,22.564732],[103.565702,22.568511],[103.566793,22.572522],[103.568951,22.575593],[103.56992,22.576972],[103.570142,22.578289],[103.57024,22.57887],[103.568299,22.580326],[103.562491,22.583117],[103.557481,22.585494],[103.550088,22.588165],[103.542383,22.5882],[103.536502,22.587094],[103.531744,22.587051],[103.53038,22.587459],[103.529105,22.59008],[103.526827,22.596481],[103.519322,22.598939],[103.514486,22.600466],[103.506436,22.603294],[103.505267,22.605509],[103.506169,22.60871],[103.506357,22.610647],[103.504564,22.612759],[103.497232,22.61656],[103.489704,22.619198],[103.486564,22.62062],[103.485606,22.622449],[103.48382,22.627933],[103.478632,22.631575],[103.476211,22.633874],[103.475342,22.637058],[103.474364,22.640725],[103.473093,22.642648],[103.467436,22.645497],[103.46417,22.648755],[103.462557,22.653287],[103.460962,22.656174],[103.45665,22.659809],[103.454952,22.662599],[103.455303,22.668504],[103.456183,22.67364],[103.457254,22.680326],[103.45587,22.683021],[103.452507,22.685505],[103.451019,22.688102],[103.448706,22.689918],[103.444301,22.692488],[103.437482,22.696485],[103.430533,22.702705],[103.429367,22.704435],[103.429353,22.705693],[103.430986,22.708708],[103.431271,22.71113],[103.431041,22.712966],[103.428825,22.715363],[103.426404,22.717467],[103.426176,22.719206],[103.427798,22.723189],[103.428275,22.727064],[103.426646,22.732756],[103.426622,22.734884],[103.42816,22.737124],[103.436877,22.740596],[103.439146,22.742747],[103.439843,22.745559],[103.4398,22.749332],[103.437705,22.754548],[103.435288,22.756544],[103.429417,22.759389],[103.418735,22.76354],[103.41474,22.766403],[103.41344,22.770647],[103.412142,22.774697],[103.410651,22.777391],[103.407716,22.778717],[103.396623,22.782088],[103.39098,22.783192],[103.388257,22.784132],[103.383432,22.786599],[103.376669,22.794076],[103.371382,22.800214],[103.367406,22.801335],[103.357572,22.803942],[103.345448,22.806139],[103.335011,22.806804],[103.329342,22.809841],[103.327437,22.812142]]]},"properties":{"npp":"NPP Dũng Cúc"}},{"type":"Feature","geometry":{"type":"Polygon","coordinates":[[[103.628287,21.993038],[103.616102,21.999723],[103.615653,22.000011],[103.615648,22.000014],[103.612329,22.002144],[103.608964,22.005142],[103.605959,22.009267],[103.603155,22.011664],[103.59962,22.013104],[103.590242,22.015012],[103.583087,22.016939],[103.578161,22.018453],[103.568132,22.020441],[103.561523,22.023409],[103.552223,22.026613],[103.545608,22.030013],[103.542171,22.030847],[103.539669,22.030824],[103.524059,22.025756],[103.515868,22.020235],[103.511658,22.015268],[103.510387,22.012749],[103.510506,22.010157],[103.511367,22.00757],[103.511684,22.003855],[103.510663,22.000004],[103.510663,22.000003],[103.510563,21.999626],[103.51059,21.996921],[103.5115,21.993658],[103.511228,21.991748],[103.508252,21.987723],[103.505544,21.985972],[103.500318,21.983108],[103.498392,21.981092],[103.496776,21.977352],[103.49487,21.971985],[103.497819,21.969962],[103.500328,21.967666],[103.502133,21.964866],[103.504521,21.957101],[103.495772,21.950592],[103.494918,21.94854],[103.49481,21.944997],[103.493362,21.943893],[103.489859,21.943861],[103.485508,21.941232],[103.484066,21.939584],[103.484086,21.937676],[103.484837,21.935639],[103.485297,21.933599],[103.482118,21.930572],[103.481124,21.927974],[103.481757,21.923347],[103.480909,21.92075],[103.477736,21.917178],[103.477468,21.914995],[103.478967,21.911194],[103.484116,21.90729],[103.485449,21.905394],[103.484899,21.902255],[103.482611,21.897874],[103.483223,21.895154],[103.486184,21.891093],[103.487517,21.889198],[103.486818,21.88633],[103.487274,21.884563],[103.489341,21.882265],[103.49126,21.880102],[103.491727,21.877381],[103.494082,21.875359],[103.497884,21.874576],[103.503135,21.874624],[103.506058,21.874105],[103.508132,21.871126],[103.511236,21.867203],[103.517391,21.864533],[103.520771,21.86211],[103.52125,21.858027],[103.522013,21.854763],[103.524991,21.84893],[103.527384,21.843092],[103.527712,21.839552],[103.526296,21.835452],[103.528942,21.833431],[103.53274,21.832784],[103.535527,21.83131],[103.538188,21.82779],[103.538951,21.82439],[103.537835,21.819475],[103.537003,21.815243],[103.538512,21.810215],[103.544138,21.801816],[103.544468,21.798003],[103.542925,21.791994],[103.539663,21.782971],[103.539418,21.778336],[103.541345,21.775219],[103.54693,21.770771],[103.551926,21.766863],[103.555016,21.764029],[103.557093,21.760367],[103.558915,21.753161],[103.560838,21.750316],[103.564371,21.746804],[103.567912,21.742474],[103.570731,21.737456],[103.575662,21.725234],[103.581885,21.714795],[103.583527,21.710857],[103.584303,21.705958],[103.585504,21.702425],[103.589668,21.693739],[103.594423,21.68424],[103.595035,21.681248],[103.594768,21.678793],[103.593479,21.676465],[103.591141,21.677126],[103.588058,21.679553],[103.58378,21.684968],[103.58042,21.685893],[103.575628,21.684216],[103.56896,21.680752],[103.56665,21.678688],[103.565658,21.675818],[103.564228,21.67308],[103.559892,21.669636],[103.55746,21.665118],[103.556639,21.659796],[103.5555,21.657197],[103.552756,21.65472],[103.543899,21.651917],[103.540866,21.649302],[103.541036,21.64685],[103.547374,21.639411],[103.555184,21.630349],[103.557842,21.626693],[103.557427,21.624509],[103.55351,21.622976],[103.552941,21.621608],[103.553836,21.619435],[103.552857,21.615339],[103.546659,21.609016],[103.540743,21.603514],[103.537567,21.60076],[103.536306,21.595844],[103.536053,21.592026],[103.533022,21.58941],[103.529557,21.586518],[103.529019,21.582152],[103.529516,21.576161],[103.530591,21.570583],[103.530187,21.567309],[103.527843,21.566351],[103.522806,21.567413],[103.520678,21.568117],[103.519409,21.567895],[103.517243,21.566104],[103.5167,21.562284],[103.51857,21.550172],[103.518758,21.54595],[103.516921,21.540482],[103.515363,21.536244],[103.513775,21.535004],[103.509407,21.535101],[103.504598,21.535739],[103.498789,21.534461],[103.492274,21.531131],[103.487507,21.527681],[103.485207,21.524935],[103.483336,21.522874],[103.479273,21.521747],[103.474616,21.521704],[103.471281,21.520584],[103.467663,21.518643],[103.464309,21.519293],[103.459497,21.520203],[103.457618,21.518959],[103.458961,21.515837],[103.459711,21.513664],[103.45726,21.511461],[103.453512,21.508156],[103.450792,21.503906],[103.448533,21.497345],[103.448143,21.49298],[103.44672,21.489969],[103.446745,21.487653],[103.448665,21.484945],[103.451027,21.481697],[103.451203,21.478837],[103.451572,21.471482],[103.454142,21.462239],[103.454037,21.458423],[103.450316,21.452665],[103.446156,21.447176],[103.446032,21.44513],[103.447763,21.439499],[103.445617,21.437244],[103.445078,21.436829],[103.442882,21.435358],[103.440579,21.434093],[103.438149,21.43309],[103.435582,21.432378],[103.432905,21.431898],[103.421778,21.430649],[103.416734,21.429787],[103.408023,21.427527],[103.406865,21.429294],[103.403007,21.43204],[103.398376,21.434378],[103.393767,21.437125],[103.391627,21.438658],[103.384901,21.435558],[103.381994,21.435394],[103.378503,21.435496],[103.376924,21.433573],[103.375941,21.430429],[103.374356,21.429051],[103.370575,21.429015],[103.366054,21.430197],[103.361982,21.430157],[103.358363,21.428623],[103.354021,21.426809],[103.350526,21.427183],[103.344102,21.429436],[103.340178,21.429125],[103.335704,21.426083],[103.329257,21.41757],[103.329,21.41457],[103.330035,21.413081],[103.333409,21.410526],[103.335619,21.407959],[103.337255,21.404705],[103.339176,21.401998],[103.348844,21.395689],[103.353689,21.391513],[103.356351,21.387451],[103.358004,21.382698],[103.358508,21.376571],[103.359841,21.374404],[103.362179,21.373336],[103.37324,21.372218],[103.382699,21.371355],[103.386219,21.368527],[103.386405,21.36485],[103.385426,21.361298],[103.381138,21.354716],[103.375243,21.348799],[103.369776,21.343704],[103.367373,21.337549],[103.367412,21.334006],[103.36991,21.331578],[103.374141,21.33012],[103.379531,21.328945],[103.384658,21.325316],[103.392569,21.319532],[103.3968,21.317937],[103.406379,21.319118],[103.412628,21.319177],[103.416993,21.318673],[103.426337,21.314673],[103.429275,21.311703],[103.432426,21.302329],[103.438123,21.285757],[103.438451,21.282217],[103.437529,21.273215],[103.434995,21.26556],[103.431585,21.258306],[103.428582,21.253781],[103.428608,21.251328],[103.430987,21.246172],[103.43408,21.242113],[103.434394,21.239935],[103.431711,21.232688],[103.430887,21.228184],[103.43181,21.223286],[103.432591,21.218115],[103.43092,21.211286],[103.430952,21.208288],[103.433625,21.202726],[103.435279,21.197291],[103.433994,21.181471],[103.431212,21.169862],[103.427938,21.163699],[103.42419,21.161212],[103.421142,21.161183],[103.416475,21.163184],[103.411663,21.165183],[103.40876,21.165155],[103.405887,21.162267],[103.401734,21.156913],[103.397282,21.15251],[103.395701,21.150996],[103.395722,21.149089],[103.400599,21.140958],[103.403878,21.132949],[103.404374,21.127367],[103.403476,21.11632],[103.403961,21.111692],[103.406058,21.105579],[103.409594,21.10057],[103.411676,21.09582],[103.416279,21.085915],[103.419663,21.081586],[103.420433,21.077369],[103.422245,21.070572],[103.421545,21.068249],[103.418946,21.066998],[103.413014,21.065444],[103.407648,21.065257],[103.401833,21.066429],[103.39806,21.06653],[103.385048,21.062319],[103.3823,21.061475],[103.378815,21.06185],[103.375008,21.065084],[103.370191,21.067764],[103.3597,21.071887],[103.353127,21.075912],[103.347558,21.080899],[103.343898,21.083862],[103.336452,21.088013],[103.321434,21.094542],[103.315905,21.09585],[103.311268,21.095259],[103.307346,21.095629],[103.299044,21.098407],[103.290766,21.099005],[103.286,21.097049],[103.284869,21.094449],[103.28505,21.091317],[103.287705,21.087528],[103.288022,21.085215],[103.287438,21.082381],[103.287389,21.080269],[103.288789,21.078375],[103.291055,21.076899],[103.292612,21.073985],[103.294524,21.071688],[103.299488,21.068944],[103.301634,21.065218],[103.301521,21.062355],[103.298857,21.060625],[103.29341,21.061252],[103.283008,21.063804],[103.275631,21.061373],[103.275246,21.057753],[103.275729,21.052937],[103.276421,21.048525],[103.28146,21.03793],[103.285833,21.029537],[103.286747,21.024323],[103.286373,21.019699],[103.283049,21.011229],[103.281204,21.004381],[103.281027,21.001165],[103.281696,20.998527],[103.289925,20.994133],[103.295078,20.979745],[103.296077,20.971769],[103.295071,20.956793],[103.296002,20.950072],[103.295065,20.947953],[103.293362,20.947334],[103.287802,20.94768],[103.284377,20.948147],[103.28087,20.946505],[103.275895,20.942336],[103.273805,20.938297],[103.273999,20.930665],[103.274463,20.927456],[103.276656,20.922556],[103.285532,20.9124],[103.287165,20.909704],[103.286651,20.907891],[103.284757,20.905361],[103.280535,20.900899],[103.277879,20.899667],[103.27585,20.899646],[103.273806,20.900831],[103.270145,20.903405],[103.26598,20.903363],[103.262045,20.901817],[103.255361,20.897831],[103.24589,20.894821],[103.239374,20.894855],[103.234567,20.894905],[103.225785,20.896823],[103.213692,20.897147],[103.213318,20.894387],[103.213748,20.892843],[103.215831,20.890736],[103.219366,20.887677],[103.225625,20.880388],[103.231029,20.8758],[103.231884,20.873099],[103.23171,20.870388],[103.230107,20.866695],[103.224286,20.854249],[103.225623,20.845554],[103.227305,20.842476],[103.232289,20.838463],[103.237466,20.835614],[103.243463,20.832966],[103.249667,20.830127],[103.257119,20.826138],[103.260001,20.825974],[103.265106,20.829316],[103.271043,20.831892],[103.276988,20.833693],[103.28045,20.836825],[103.2831,20.83898],[103.285569,20.839005],[103.288053,20.837675],[103.291373,20.835192],[103.291399,20.83287],[103.290226,20.82744],[103.291895,20.825328],[103.295834,20.822657],[103.303659,20.821961],[103.307979,20.822004],[103.316644,20.819767],[103.323042,20.817894],[103.328218,20.814848],[103.335869,20.811245],[103.341461,20.807816],[103.345807,20.805342],[103.349717,20.805186],[103.354028,20.806002],[103.359565,20.807603],[103.362856,20.807635],[103.364929,20.806106],[103.371378,20.799394],[103.376158,20.794794],[103.379492,20.790762],[103.382394,20.78866],[103.39002,20.787183],[103.397306,20.783909],[103.400718,20.786896],[103.405186,20.792357],[103.412128,20.79726],[103.415211,20.797482],[103.419328,20.797133],[103.42591,20.797193],[103.430846,20.797239],[103.434548,20.797272],[103.43619,20.797674],[103.438023,20.799433],[103.439411,20.804478],[103.439563,20.809704],[103.441336,20.817269],[103.44582,20.821374],[103.449917,20.823153],[103.452168,20.824334],[103.455839,20.827464],[103.457888,20.828256],[103.460359,20.828085],[103.462432,20.826555],[103.468668,20.820224],[103.474894,20.814861],[103.477807,20.811597],[103.477832,20.809081],[103.477054,20.804622],[103.476924,20.797073],[103.47862,20.792056],[103.480925,20.787819],[103.485055,20.786113],[103.487741,20.784976],[103.489621,20.782089],[103.491085,20.779586],[103.494812,20.777103],[103.497305,20.774608],[103.498166,20.770745],[103.501744,20.762454],[103.505076,20.758225],[103.5086,20.755352],[103.514591,20.752501],[103.519328,20.751768],[103.525287,20.752206],[103.535188,20.755269],[103.538838,20.754451],[103.541526,20.752925],[103.548575,20.746985],[103.55187,20.746432],[103.555553,20.748399],[103.561507,20.749416],[103.567681,20.748887],[103.573225,20.749708],[103.5796,20.74976],[103.58599,20.748071],[103.593196,20.747163],[103.598147,20.745461],[103.602077,20.742977],[103.607084,20.735082],[103.610815,20.731822],[103.61886,20.728983],[103.631048,20.722693],[103.636216,20.719638],[103.638094,20.716556],[103.64144,20.710195],[103.64438,20.70325],[103.64667,20.699978],[103.651415,20.698079],[103.655736,20.697726],[103.662699,20.700684],[103.664762,20.699925],[103.668078,20.696854],[103.66937,20.69009],[103.671062,20.684683],[103.673033,20.670762],[103.675118,20.667294],[103.680079,20.664042],[103.685226,20.663114],[103.693236,20.663755],[103.703492,20.666155],[103.711693,20.668539],[103.720325,20.668604],[103.730795,20.670229],[103.734884,20.672776],[103.74142,20.677856],[103.743252,20.679999],[103.743232,20.682515],[103.740312,20.687526],[103.735734,20.694267],[103.732389,20.701017],[103.732933,20.709731],[103.731646,20.716109],[103.728085,20.724019],[103.726584,20.731363],[103.72923,20.734673],[103.735185,20.735685],[103.746701,20.735575],[103.751843,20.735419],[103.75656,20.737002],[103.762089,20.739752],[103.767455,20.737467],[103.771763,20.73866],[103.779738,20.74433],[103.787728,20.748064],[103.789143,20.751171],[103.785611,20.755598],[103.784347,20.75946],[103.783264,20.766227],[103.785277,20.771661],[103.785642,20.77747],[103.784999,20.780756],[103.780088,20.788638],[103.778542,20.790775],[103.776451,20.795019],[103.776418,20.799083],[103.773701,20.80429],[103.773687,20.806032],[103.77634,20.808761],[103.783696,20.815007],[103.791474,20.820095],[103.79801,20.826141],[103.801059,20.830808],[103.801226,20.835648],[103.798238,20.849176],[103.801296,20.852875],[103.806013,20.854844],[103.80867,20.857185],[103.808826,20.863573],[103.811277,20.865913],[103.815166,20.86865],[103.81986,20.873715],[103.824794,20.874523],[103.830156,20.873205],[103.836576,20.868023],[103.844228,20.863235],[103.846492,20.863251],[103.849767,20.865596],[103.856497,20.87377],[103.866527,20.881192],[103.874888,20.8917],[103.87979,20.896765],[103.884912,20.900089],[103.889009,20.902825],[103.891041,20.906516],[103.894123,20.90731],[103.897211,20.90733],[103.903817,20.904857],[103.912066,20.902974],[103.919468,20.904182],[103.930376,20.904638],[103.93512,20.903312],[103.941747,20.89774],[103.946283,20.8968],[103.951223,20.896831],[103.954101,20.897429],[103.959625,20.902496],[103.967994,20.912999],[103.972722,20.913995],[103.97891,20.91229],[103.987363,20.910598],[103.990266,20.907519],[103.993568,20.906377],[104.003861,20.906437],[104.013337,20.905524],[104.019109,20.904396],[104.025905,20.904048],[104.03084,20.905044],[104.036165,20.909332],[104.042527,20.912659],[104.045793,20.917129],[104.046582,20.922553],[104.04654,20.929135],[104.047546,20.932818],[104.053072,20.938269],[104.054898,20.942537],[104.051139,20.95084],[104.052365,20.952395],[104.055648,20.954349],[104.063252,20.956908],[104.069408,20.960619],[104.076817,20.961434],[104.080934,20.961843],[104.087095,20.96478],[104.09345,20.969653],[104.098553,20.977423],[104.102259,20.977636],[104.111751,20.974782],[104.117941,20.972878],[104.120844,20.969603],[104.124203,20.95878],[104.127333,20.951634],[104.13476,20.948805],[104.140517,20.95112],[104.152845,20.956215],[104.164583,20.956466],[104.173644,20.95651],[104.181256,20.958096],[104.186614,20.957541],[104.189316,20.952908],[104.192638,20.94789],[104.199854,20.946376],[104.210785,20.94333],[104.224401,20.938746],[104.236354,20.936864],[104.239659,20.934943],[104.240084,20.932235],[104.239898,20.928363],[104.238283,20.921968],[104.237714,20.912286],[104.241032,20.907655],[104.246202,20.903032],[104.251361,20.900732],[104.255264,20.902491],[104.257865,20.907245],[104.258561,20.912378],[104.260594,20.917517],[104.264391,20.920049],[104.266751,20.921705],[104.271891,20.923372],[104.275174,20.925709],[104.279177,20.928243],[104.282476,20.927386],[104.288153,20.924409],[104.291257,20.921034],[104.292306,20.916973],[104.29233,20.91194],[104.294398,20.909916],[104.300171,20.908198],[104.306045,20.906964],[104.312452,20.901569],[104.321959,20.893477],[104.328167,20.886339],[104.330762,20.881316],[104.330983,20.877929],[104.330696,20.872992],[104.32928,20.867566],[104.326104,20.864166],[104.323752,20.860769],[104.325719,20.85826],[104.328499,20.857981],[104.332095,20.859253],[104.333533,20.859936],[104.335388,20.859363],[104.339519,20.855894],[104.352025,20.843456],[104.361112,20.83594],[104.36546,20.829665],[104.368151,20.825803],[104.373618,20.822533],[104.375675,20.82283],[104.376391,20.823898],[104.376058,20.829704],[104.377493,20.830967],[104.379964,20.830589],[104.383779,20.828764],[104.391623,20.822791],[104.397402,20.818456],[104.403499,20.811702],[104.409701,20.804173],[104.41909,20.796946],[104.422906,20.794345],[104.424757,20.794642],[104.427834,20.797169],[104.430603,20.799211],[104.437489,20.800976],[104.442221,20.801088],[104.445825,20.800132],[104.446243,20.798584],[104.446689,20.7891],[104.44763,20.784844],[104.449076,20.783203],[104.455046,20.781964],[104.461633,20.781017],[104.466062,20.779289],[104.469776,20.776106],[104.474312,20.773216],[104.478229,20.770808],[104.480192,20.768201],[104.48082,20.765008],[104.482389,20.757463],[104.486849,20.746248],[104.485944,20.739954],[104.486369,20.735987],[104.488565,20.725056],[104.489813,20.720994],[104.493014,20.716938],[104.49713,20.715789],[104.500007,20.716475],[104.506378,20.717558],[104.507204,20.716592],[104.507728,20.713399],[104.508046,20.710593],[104.516394,20.704229],[104.519585,20.702979],[104.522257,20.703471],[104.524615,20.705607],[104.526959,20.712001],[104.528389,20.715103],[104.532391,20.717727],[104.540203,20.718619],[104.544722,20.720374],[104.549959,20.722614],[104.55253,20.72233],[104.557162,20.720793],[104.56489,20.715005],[104.575603,20.707772],[104.580446,20.703816],[104.582714,20.701595],[104.584016,20.6955],[104.583008,20.688141],[104.583019,20.684269],[104.584876,20.681563],[104.590025,20.678091],[104.596199,20.675976],[104.602985,20.675218],[104.618613,20.673898],[104.633076,20.673752],[104.635067,20.670836],[104.635898,20.667159],[104.635915,20.659803],[104.634289,20.65445],[104.64469,20.647008],[104.647341,20.640615],[104.65509,20.63613],[104.656314,20.632504],[104.659883,20.629164],[104.660801,20.624965],[104.675387,20.620587],[104.684183,20.616516],[104.684577,20.615513],[104.683245,20.612127],[104.683726,20.605427],[104.68283,20.604443],[104.684306,20.601206],[104.684444,20.600041],[104.682138,20.597796],[104.686842,20.596976],[104.692791,20.59853],[104.695373,20.604314],[104.7029,20.60419],[104.70682,20.603154],[104.708019,20.604708],[104.711708,20.605097],[104.714014,20.606003],[104.717656,20.603802],[104.722268,20.604147],[104.721991,20.599917],[104.725357,20.592795],[104.731951,20.583211],[104.737116,20.579844],[104.740001,20.573861],[104.742527,20.574196],[104.747825,20.576925],[104.755567,20.577962],[104.756383,20.581007],[104.759878,20.585051],[104.765862,20.584951],[104.768453,20.581974],[104.768275,20.57843],[104.771303,20.575386],[104.779798,20.576244],[104.780213,20.576978],[104.779937,20.580734],[104.781412,20.583756],[104.782427,20.584187],[104.790912,20.583151],[104.797875,20.584015],[104.802163,20.586519],[104.800964,20.593858],[104.798197,20.596923],[104.801249,20.606291],[104.797883,20.614276],[104.798316,20.619128],[104.807389,20.625933],[104.806291,20.63028],[104.810044,20.633704],[104.812676,20.630286],[104.815396,20.637138],[104.826744,20.643187],[104.83031,20.643275],[104.847114,20.651479],[104.843753,20.653277],[104.843084,20.654216],[104.837981,20.658771],[104.836817,20.659938],[104.835809,20.660449],[104.834956,20.660594],[104.834955,20.661032],[104.835958,20.665415],[104.837035,20.673448],[104.837187,20.67615],[104.838349,20.677831],[104.83889,20.679292],[104.838887,20.68214],[104.838962,20.684842],[104.838572,20.686813],[104.837872,20.688638],[104.837638,20.689587],[104.83549,20.6939],[104.834744,20.694601],[104.834477,20.695177],[104.833622,20.697809],[104.833568,20.69836],[104.833887,20.698812],[104.835145,20.700539],[104.835765,20.700758],[104.844434,20.702562],[104.847676,20.703656],[104.847868,20.70391],[104.847791,20.704128],[104.847405,20.704382],[104.8447,20.706089],[104.843154,20.707869],[104.841878,20.710085],[104.841414,20.710776],[104.839325,20.714409],[104.838513,20.715481],[104.837585,20.716934],[104.837352,20.718025],[104.837427,20.719551],[104.838274,20.722315],[104.840741,20.726171],[104.84367,20.731409],[104.843593,20.731845],[104.843129,20.732499],[104.842047,20.73308],[104.84027,20.733587],[104.837103,20.734166],[104.836253,20.734674],[104.835789,20.735328],[104.835477,20.737727],[104.835009,20.742016],[104.835239,20.743616],[104.835544,20.747325],[104.835852,20.748125],[104.838012,20.750235],[104.842797,20.754166],[104.845732,20.755041],[104.852066,20.75512],[104.856315,20.754469],[104.857164,20.75447],[104.857705,20.754688],[104.858168,20.755488],[104.859478,20.758252],[104.859864,20.758762],[104.865421,20.763492],[104.885063,20.760963],[104.894101,20.755683],[104.908022,20.747418],[104.91608,20.744204],[104.928773,20.746278],[104.936341,20.747201],[104.943422,20.744445],[104.96564,20.731812],[104.981751,20.72492],[104.987122,20.72492],[105,20.723907],[105.002851,20.724821],[105.012316,20.727654],[105.014732,20.729543],[105.015135,20.732377],[105.010504,20.741068],[105.007923,20.745393],[105.001672,20.749057],[104.999194,20.750193],[104.994492,20.752046],[104.990932,20.751735],[104.988281,20.750417],[104.988027,20.750306],[104.988871,20.755409],[104.989922,20.757657],[104.992216,20.761346],[104.99556,20.764134],[104.997281,20.765933],[104.998141,20.767552],[104.998714,20.770791],[104.999287,20.774749],[105.000484,20.776332],[105.007659,20.786238],[105.011645,20.789228],[105.018024,20.793713],[105.021214,20.799507],[105.021812,20.802684],[105.018823,20.805302],[105.012444,20.807171],[105.005467,20.81147],[105,20.815179],[104.997271,20.815151],[104.99594,20.815483],[104.995548,20.816698],[104.995861,20.819056],[104.99825,20.822445],[104.998837,20.825982],[104.998837,20.82926],[105,20.831943],[105.002987,20.83781],[105.00441,20.841724],[105.004031,20.844659],[105.002607,20.846082],[105,20.846643],[104.997155,20.846098],[104.995685,20.847229],[104.995418,20.849367],[104.997957,20.854522],[104.997824,20.857037],[104.996157,20.870632],[104.993841,20.87179],[104.9918,20.874629],[104.988142,20.879719],[104.987796,20.880424],[104.987018,20.881282],[104.985085,20.883972],[104.978664,20.891356],[104.97747,20.892729],[104.974805,20.902627],[104.972521,20.90929],[104.970046,20.911764],[104.963765,20.913858],[104.962918,20.914423],[104.957483,20.918046],[104.954384,20.920863],[104.949107,20.925661],[104.940541,20.932704],[104.939086,20.934529],[104.93333,20.941747],[104.927927,20.952133],[104.927807,20.952349],[104.922198,20.962385],[104.917072,20.96721],[104.910288,20.972637],[104.907152,20.975163],[104.900681,20.980374],[104.899058,20.981973],[104.894075,20.990159],[104.891219,21.0012],[104.888554,21.009766],[104.883224,21.01738],[104.878275,21.024423],[104.872564,21.02823],[104.872559,21.028232],[104.867425,21.029563],[104.866458,21.030846],[104.866192,21.030951],[104.86514,21.032595],[104.864799,21.033048],[104.864769,21.033174],[104.863807,21.037319],[104.859311,21.051484],[104.856362,21.060067],[104.855884,21.061193],[104.853641,21.067223],[104.851432,21.072239],[104.850766,21.073435],[104.851801,21.077535],[104.854786,21.079596],[104.862755,21.077732],[104.865942,21.077173],[104.867733,21.079419],[104.870515,21.086904],[104.871505,21.092703],[104.874289,21.098692],[104.877275,21.100938],[104.887829,21.105996],[104.89699,21.109556],[104.913061,21.112394],[104.913995,21.112749],[104.913061,21.118167],[104.907821,21.119181],[104.897688,21.125582],[104.897176,21.12956],[104.881664,21.134837],[104.8773,21.138312],[104.872097,21.141017],[104.872097,21.145234],[104.85949,21.147315],[104.853372,21.154262],[104.860307,21.17576],[104.851862,21.180374],[104.858492,21.186752],[104.865317,21.209976],[104.862075,21.211487],[104.859943,21.217451],[104.853545,21.223574],[104.844588,21.226596],[104.8509,21.234866],[104.856275,21.23399],[104.850215,21.250749],[104.851342,21.256842],[104.840892,21.263984],[104.843459,21.273747],[104.841821,21.28505],[104.84376,21.310743],[104.833348,21.31473],[104.829606,21.314925],[104.817931,21.322873],[104.815896,21.325828],[104.814378,21.333007],[104.792165,21.333405],[104.778616,21.325366],[104.76894,21.329591],[104.767832,21.346584],[104.749185,21.35156],[104.74858,21.367049],[104.732832,21.382011],[104.734972,21.405451],[104.712116,21.39868],[104.705686,21.404816],[104.690129,21.400104],[104.689322,21.384431],[104.679541,21.375151],[104.647905,21.382921],[104.612703,21.403771],[104.60679,21.415252],[104.590605,21.422577],[104.579211,21.408478],[104.530156,21.414027],[104.503677,21.376709],[104.485855,21.367641],[104.482548,21.357974],[104.475383,21.352926],[104.473821,21.353781],[104.469687,21.351642],[104.465186,21.353439],[104.461236,21.352926],[104.44764,21.357033],[104.441118,21.35669],[104.433861,21.35361],[104.419898,21.360882],[104.42208,21.370516],[104.419163,21.378163],[104.411263,21.386888],[104.39861,21.391146],[104.393741,21.398759],[104.386484,21.402608],[104.376195,21.401325],[104.369398,21.398246],[104.363244,21.401672],[104.36113,21.405943],[104.357179,21.409234],[104.354975,21.413595],[104.345788,21.419924],[104.342481,21.4177],[104.342297,21.414707],[104.344456,21.413108],[104.33962,21.408172],[104.331289,21.407521],[104.315787,21.430822],[104.304225,21.433264],[104.302704,21.438053],[104.298364,21.439287],[104.3005,21.444808],[104.300408,21.447287],[104.302888,21.45293],[104.300408,21.457889],[104.294161,21.458573],[104.288465,21.462591],[104.282084,21.472273],[104.284056,21.475842],[104.28277,21.485331],[104.285985,21.487297],[104.284511,21.493112],[104.29287,21.502428],[104.294616,21.510633],[104.293421,21.524222],[104.283592,21.536441],[104.277713,21.551822],[104.290757,21.569848],[104.297817,21.571166],[104.290849,21.596414],[104.287512,21.598629],[104.288656,21.601539],[104.306038,21.608426],[104.325696,21.629315],[104.328381,21.630848],[104.330708,21.637516],[104.334565,21.637704],[104.340534,21.641609],[104.339342,21.652646],[104.332636,21.655037],[104.324369,21.654013],[104.317662,21.656147],[104.308292,21.655379],[104.303561,21.652061],[104.296442,21.652732],[104.290881,21.659414],[104.270812,21.664856],[104.261626,21.662977],[104.255473,21.665744],[104.255703,21.670168],[104.215394,21.672221],[104.200317,21.651676],[104.192625,21.647169],[104.174712,21.648279],[104.160932,21.655536],[104.124003,21.651779],[104.110658,21.643978],[104.102599,21.647596],[104.091683,21.64198],[104.086616,21.64355],[104.078347,21.650328],[104.052074,21.656732],[104.045552,21.660488],[104.045093,21.662452],[104.036182,21.666038],[104.032048,21.670562],[104.026662,21.672431],[104.026613,21.66885],[104.023964,21.670306],[104.021785,21.668215],[104.015145,21.670392],[104.007337,21.665224],[104.005224,21.672611],[103.996883,21.675605],[103.987742,21.673883],[103.986181,21.677509],[103.981798,21.677392],[103.96756,21.663476],[103.967447,21.667528],[103.960737,21.670293],[103.937888,21.669452],[103.936234,21.670733],[103.93752,21.691135],[103.921979,21.700751],[103.91516,21.698447],[103.909569,21.696862],[103.90588,21.69648],[103.900645,21.698351],[103.894386,21.700929],[103.889916,21.702685],[103.883247,21.708833],[103.880689,21.710363],[103.878798,21.70785],[103.879262,21.697255],[103.87843,21.689629],[103.876282,21.687471],[103.872465,21.687088],[103.868121,21.689082],[103.860965,21.692367],[103.85625,21.69293],[103.851541,21.69266],[103.849234,21.694549],[103.847802,21.698469],[103.846635,21.701199],[103.843954,21.702014],[103.838969,21.704361],[103.835484,21.71029],[103.832454,21.722772],[103.831626,21.730744],[103.831976,21.734676],[103.834233,21.739098],[103.833191,21.741948],[103.830756,21.743836],[103.828853,21.74287],[103.82621,21.738922],[103.825334,21.737011],[103.822408,21.736632],[103.817298,21.738501],[103.813088,21.739424],[103.80621,21.739493],[103.802757,21.741135],[103.800685,21.745288],[103.799887,21.749331],[103.797705,21.751339],[103.79476,21.753223],[103.793338,21.755713],[103.792037,21.758919],[103.78896,21.761278],[103.782437,21.764445],[103.780249,21.767167],[103.776854,21.776906],[103.774156,21.779625],[103.768157,21.78089],[103.757318,21.782119],[103.753225,21.783993],[103.752046,21.787676],[103.752388,21.792322],[103.755863,21.803065],[103.756328,21.808188],[103.754653,21.810319],[103.751587,21.811249],[103.745091,21.810961],[103.739867,21.810921],[103.727902,21.809401],[103.721275,21.809588],[103.716926,21.811459],[103.714866,21.813824],[103.71278,21.819047],[103.7097,21.821524],[103.70624,21.82364],[103.698328,21.824888],[103.694869,21.826884],[103.693946,21.83033],[103.693892,21.836283],[103.694123,21.838905],[103.696147,21.840588],[103.700715,21.842767],[103.703625,21.845171],[103.705349,21.851853],[103.708611,21.857594],[103.712013,21.862026],[103.716179,21.866583],[103.718669,21.87327],[103.720423,21.876618],[103.720395,21.879833],[103.718597,21.881247],[103.715791,21.881464],[103.713225,21.88323],[103.710276,21.885112],[103.70683,21.885561],[103.703765,21.886132],[103.70221,21.888859],[103.703643,21.899586],[103.70258,21.904341],[103.698441,21.910857],[103.687801,21.916964],[103.681767,21.92144],[103.681112,21.92334],[103.684376,21.928962],[103.687136,21.933866],[103.68671,21.938625],[103.685133,21.943733],[103.682432,21.946212],[103.676432,21.946759],[103.670683,21.947784],[103.664657,21.951188],[103.662847,21.953793],[103.661276,21.958066],[103.658665,21.964475],[103.657858,21.968874],[103.657803,21.974707],[103.656598,21.98077],[103.654917,21.983137],[103.65209,21.985377],[103.650538,21.987626],[103.650377,21.991078],[103.648945,21.994162],[103.645615,21.995444],[103.6423,21.995297],[103.63608,21.991912],[103.632257,21.991523],[103.628287,21.993038]]]},"properties":{"npp":"NPP Bảo Lâm"}},{"type":"Feature","geometry":{"type":"Polygon","coordinates":[[[102.393837,22.420028],[102.394905,22.423413],[102.394342,22.429297],[102.391249,22.437455],[102.38844,22.442461],[102.390076,22.451748],[102.390192,22.457643],[102.389204,22.462047],[102.3862,22.465366],[102.380235,22.469689],[102.373845,22.472531],[102.366795,22.47431],[102.361544,22.47675],[102.359003,22.479444],[102.35778,22.484265],[102.357045,22.487199],[102.356314,22.489923],[102.354698,22.491581],[102.34949,22.491705],[102.346989,22.492296],[102.345599,22.493956],[102.345535,22.497323],[102.344709,22.502045],[102.343732,22.505817],[102.339491,22.514481],[102.338388,22.518882],[102.338047,22.524875],[102.33696,22.528435],[102.333022,22.533105],[102.327258,22.538481],[102.318061,22.54864],[102.30871,22.540487],[102.302886,22.537232],[102.299128,22.532539],[102.295251,22.522372],[102.290227,22.513027],[102.285816,22.50706],[102.284842,22.506456],[102.280042,22.501764],[102.268478,22.48687],[102.267828,22.482895],[102.263207,22.479915],[102.263607,22.470155],[102.260861,22.467014],[102.254043,22.464771],[102.248264,22.462545],[102.24855,22.458586],[102.259344,22.443684],[102.266567,22.430559],[102.267115,22.4238],[102.265124,22.419318],[102.261752,22.41636],[102.258537,22.416015],[102.252062,22.417549],[102.238682,22.426604],[102.23386,22.428648],[102.22318,22.427305],[102.216724,22.42787],[102.21031,22.431531],[102.205355,22.429801],[102.200151,22.430098],[102.184991,22.434475],[102.175662,22.433152],[102.163245,22.430323],[102.158148,22.430524],[102.141487,22.401512],[102.144424,22.398906],[102.146047,22.395744],[102.147895,22.389531],[102.151083,22.388291],[102.153708,22.386983],[102.157077,22.384819],[102.159423,22.381862],[102.161248,22.378994],[102.163665,22.377682],[102.166939,22.375032],[102.167606,22.372917],[102.166949,22.369424],[102.1641,22.366474],[102.161889,22.362761],[102.161642,22.359565],[102.162642,22.356392],[102.164597,22.352172],[102.169725,22.345203],[102.175326,22.340466],[102.177612,22.340409],[102.181851,22.34145],[102.184135,22.34149],[102.187364,22.341062],[102.191243,22.339292],[102.19389,22.336824],[102.192875,22.335646],[102.189292,22.332973],[102.186893,22.32829],[102.184436,22.326507],[102.180426,22.324504],[102.177773,22.322137],[102.176385,22.318825],[102.175043,22.31329],[102.174531,22.307769],[102.175811,22.306051],[102.179345,22.305919],[102.186349,22.303624],[102.19107,22.301288],[102.196697,22.297948],[102.198637,22.296778],[102.200956,22.295077],[102.203584,22.293479],[102.207138,22.292283],[102.208822,22.291152],[102.209272,22.289419],[102.211479,22.288103],[102.214816,22.287387],[102.219393,22.286982],[102.223138,22.286659],[102.227303,22.285811],[102.227517,22.285767],[102.230756,22.284759],[102.232028,22.283427],[102.232678,22.282084],[102.231599,22.278875],[102.229957,22.27788],[102.228123,22.276108],[102.228688,22.273797],[102.231785,22.269401],[102.231837,22.266791],[102.233534,22.264983],[102.23799,22.260127],[102.240653,22.256691],[102.241327,22.254092],[102.238914,22.250086],[102.237642,22.2461],[102.237707,22.242813],[102.238377,22.240407],[102.242245,22.239023],[102.245387,22.237625],[102.249858,22.237218],[102.255258,22.237116],[102.260247,22.236813],[102.263879,22.236874],[102.267174,22.238283],[102.269987,22.23775],[102.271375,22.235743],[102.271124,22.232644],[102.270365,22.228957],[102.27041,22.226637],[102.272423,22.224543],[102.276342,22.220451],[102.276323,22.219816],[102.276153,22.214162],[102.27637,22.208267],[102.277547,22.206449],[102.280352,22.206303],[102.284893,22.207636],[102.288536,22.207116],[102.296258,22.204924],[102.298567,22.203609],[102.301081,22.202393],[102.302741,22.202421],[102.304086,22.202636],[102.305507,22.204304],[102.307206,22.207717],[102.308866,22.207744],[102.311575,22.207209],[102.31514,22.205334],[102.320601,22.201942],[102.328216,22.195575],[102.330754,22.191955],[102.33199,22.186947],[102.332877,22.183963],[102.332766,22.178836],[102.332521,22.169839],[102.334752,22.167071],[102.337571,22.16615],[102.345587,22.164733],[102.350035,22.165483],[102.354257,22.167195],[102.356746,22.167236],[102.358528,22.166298],[102.363259,22.162989],[102.369358,22.15864],[102.377766,22.152876],[102.3805,22.150889],[102.382335,22.14705],[102.382995,22.14503],[102.383397,22.140104],[102.382058,22.13399],[102.382013,22.130798],[102.384332,22.128804],[102.387674,22.127601],[102.393814,22.126538],[102.397966,22.126411],[102.401275,22.126948],[102.406557,22.127418],[102.410639,22.125452],[102.416442,22.120129],[102.420115,22.117769],[102.423564,22.116373],[102.426371,22.11603],[102.432278,22.116317],[102.432614,22.114968],[102.432781,22.111489],[102.433856,22.109378],[102.437149,22.105078],[102.438455,22.101714],[102.43808,22.099483],[102.436087,22.095003],[102.436234,22.092588],[102.437404,22.090962],[102.441621,22.08716],[102.444055,22.08449],[102.443474,22.08216],[102.43981,22.078331],[102.44018,22.075048],[102.444016,22.075108],[102.450218,22.073368],[102.455695,22.068617],[102.464282,22.063915],[102.470602,22.058404],[102.478248,22.04827],[102.485406,22.04219],[102.492529,22.038044],[102.498361,22.036586],[102.50686,22.036716],[102.513738,22.034693],[102.51753,22.031268],[102.517798,22.027791],[102.515599,22.023115],[102.508007,22.018551],[102.500797,22.015926],[102.493352,22.014845],[102.486999,22.010686],[102.485219,22.005823],[102.485321,22.000041],[102.485331,21.999441],[102.487299,21.993669],[102.495761,21.983933],[102.502742,21.975915],[102.508879,21.968658],[102.514925,21.966622],[102.521776,21.965952],[102.527424,21.962942],[102.539157,21.955575],[102.551102,21.947822],[102.563484,21.938721],[102.57226,21.934402],[102.582914,21.929336],[102.596638,21.926443],[102.605804,21.923481],[102.610022,21.919093],[102.613245,21.912176],[102.61606,21.904866],[102.616762,21.90004],[102.615606,21.8948],[102.613214,21.889156],[102.609628,21.880592],[102.610314,21.876733],[102.613695,21.87272],[102.618515,21.869308],[102.625594,21.867089],[102.633527,21.863334],[102.640618,21.86034],[102.642526,21.857659],[102.642226,21.850691],[102.642124,21.844306],[102.644117,21.836403],[102.646543,21.827345],[102.646517,21.816318],[102.647217,21.811492],[102.649585,21.805916],[102.656144,21.797304],[102.658493,21.792887],[102.658957,21.789799],[102.657584,21.785137],[102.656028,21.778924],[102.650959,21.772468],[102.64799,21.764108],[102.647292,21.756166],[102.646368,21.749382],[102.644422,21.74181],[102.644542,21.73446],[102.652031,21.719284],[102.656259,21.713734],[102.659136,21.702167],[102.663723,21.687143],[102.662322,21.684221],[102.662159,21.68151],[102.664925,21.676713],[102.670921,21.664029],[102.674141,21.656723],[102.676023,21.655395],[102.678298,21.655427],[102.684017,21.659956],[102.690155,21.664105],[102.696353,21.664578],[102.703384,21.664675],[102.71373,21.664431],[102.722421,21.664164],[102.729893,21.662525],[102.736315,21.661839],[102.742699,21.663667],[102.747608,21.667216],[102.754549,21.673114],[102.763116,21.680968],[102.770419,21.690353],[102.778127,21.700323],[102.784229,21.707176],[102.789368,21.709373],[102.794921,21.711575],[102.799426,21.71473],[102.807382,21.722188],[102.813049,21.730582],[102.820029,21.73435],[102.822249,21.738055],[102.822404,21.741539],[102.821398,21.753328],[102.818463,21.766354],[102.815239,21.790973],[102.816151,21.79911],[102.817104,21.80454],[102.812199,21.813955],[102.809192,21.821073],[102.81034,21.827279],[102.813771,21.833129],[102.82095,21.837674],[102.831245,21.841679],[102.843628,21.84455],[102.846749,21.843623],[102.849041,21.842686],[102.852242,21.836343],[102.853353,21.831327],[102.854483,21.824957],[102.855257,21.814713],[102.855902,21.799244],[102.855767,21.794406],[102.855841,21.789376],[102.856526,21.785129],[102.85765,21.779146],[102.85857,21.772967],[102.859277,21.767172],[102.859351,21.762142],[102.859389,21.759628],[102.858834,21.755171],[102.856454,21.748175],[102.856301,21.744497],[102.856609,21.737729],[102.856772,21.726704],[102.857657,21.722846],[102.864571,21.717131],[102.869414,21.711389],[102.872991,21.707372],[102.87425,21.706227],[102.877149,21.706071],[102.879606,21.707844],[102.88552,21.713724],[102.892934,21.71614],[102.906324,21.720373],[102.915799,21.723394],[102.923846,21.725043],[102.939122,21.727749],[102.944278,21.728974],[102.950654,21.731762],[102.958011,21.738431],[102.964126,21.745085],[102.967622,21.746676],[102.970533,21.745744],[102.972226,21.743056],[102.974157,21.738243],[102.977122,21.733442],[102.982607,21.725963],[102.985367,21.720966],[102.987753,21.713062],[102.986969,21.709957],[102.986168,21.708012],[102.983116,21.704299],[102.977815,21.698623],[102.976822,21.695709],[102.977684,21.693204],[102.981035,21.690343],[102.984377,21.688062],[102.986091,21.683826],[102.986373,21.678412],[102.984221,21.669485],[102.981079,21.657451],[102.978686,21.651037],[102.978947,21.64717],[102.980223,21.644671],[102.982377,21.638505],[102.983929,21.630978],[102.98402,21.624401],[102.983749,21.614143],[102.984004,21.610663],[102.985913,21.607203],[102.98827,21.601234],[102.98853,21.597367],[102.98737,21.591549],[102.984548,21.58629],[102.976033,21.574191],[102.97111,21.571422],[102.96663,21.56653],[102.962982,21.561262],[102.959539,21.556189],[102.959194,21.551348],[102.958024,21.546303],[102.9523,21.541782],[102.945356,21.535892],[102.940478,21.530028],[102.93537,21.525901],[102.931115,21.519851],[102.927245,21.515933],[102.921311,21.511796],[102.916019,21.506119],[102.913438,21.498735],[102.909651,21.489013],[102.907473,21.482407],[102.905237,21.479864],[102.902777,21.478479],[102.898233,21.478422],[102.891615,21.478919],[102.888107,21.478681],[102.88668,21.477309],[102.883727,21.46721],[102.883616,21.460631],[102.883702,21.454634],[102.881908,21.450161],[102.877437,21.445074],[102.87198,21.436879],[102.867954,21.429669],[102.870474,21.426799],[102.87399,21.426456],[102.8775,21.426501],[102.881398,21.428291],[102.888148,21.432827],[102.893511,21.433281],[102.899301,21.432774],[102.902998,21.434174],[102.90848,21.440821],[102.914714,21.452702],[102.919194,21.457208],[102.925966,21.460387],[102.930716,21.460446],[102.935901,21.458963],[102.937991,21.457247],[102.938018,21.455312],[102.936401,21.452777],[102.932342,21.447696],[102.927657,21.442995],[102.923257,21.432879],[102.918881,21.421022],[102.916125,21.411507],[102.913724,21.40606],[102.906614,21.397845],[102.903369,21.393741],[102.898665,21.390587],[102.896441,21.387269],[102.895261,21.383192],[102.895185,21.374097],[102.89548,21.367909],[102.89532,21.364618],[102.893002,21.360719],[102.891913,21.350257],[102.89039,21.341338],[102.889714,21.330882],[102.891838,21.326652],[102.895228,21.320503],[102.896559,21.313941],[102.8958,21.309288],[102.88974,21.303332],[102.887125,21.303097],[102.886297,21.303088],[102.878442,21.302717],[102.865601,21.301794],[102.858536,21.300975],[102.8555,21.300399],[102.852698,21.299641],[102.850056,21.298645],[102.847511,21.297372],[102.845043,21.29585],[102.842639,21.294119],[102.841831,21.293439],[102.84181,21.293422],[102.83798,21.290201],[102.828801,21.28184],[102.826401,21.279947],[102.819153,21.274975],[102.817059,21.273286],[102.815306,21.271438],[102.813982,21.269368],[102.813097,21.267112],[102.812643,21.264731],[102.812611,21.262285],[102.812993,21.259833],[102.813757,21.25744],[102.814778,21.255171],[102.81555,21.253839],[102.817702,21.247926],[102.8215,21.247203],[102.828514,21.2471],[102.835529,21.246996],[102.841066,21.249196],[102.846973,21.254302],[102.854367,21.256524],[102.863455,21.255672],[102.87484,21.252914],[102.885823,21.249376],[102.890193,21.246722],[102.895007,21.241752],[102.899827,21.236394],[102.905431,21.233948],[102.910217,21.230912],[102.910228,21.230138],[102.908831,21.226832],[102.906826,21.222744],[102.907521,21.217335],[102.906987,21.21133],[102.906033,21.2059],[102.905081,21.200277],[102.903313,21.194064],[102.903373,21.189808],[102.906162,21.182103],[102.906203,21.179201],[102.905411,21.17687],[102.901753,21.173148],[102.900139,21.170613],[102.900988,21.168882],[102.904134,21.165051],[102.913892,21.160141],[102.918234,21.159227],[102.921524,21.159848],[102.927057,21.162238],[102.929951,21.161693],[102.932852,21.160567],[102.935358,21.158276],[102.938321,21.152701],[102.946051,21.145249],[102.946506,21.142158],[102.945711,21.14002],[102.941239,21.135516],[102.938798,21.132489],[102.938402,21.131998],[102.938434,21.129677],[102.939716,21.126403],[102.94491,21.12337],[102.951972,21.119392],[102.956162,21.114412],[102.962444,21.107135],[102.964378,21.101353],[102.964436,21.097097],[102.964491,21.093035],[102.961887,21.087585],[102.960096,21.08292],[102.960542,21.08041],[102.963902,21.075806],[102.971399,21.069898],[102.976789,21.067447],[102.984043,21.064244],[102.98984,21.062184],[102.997886,21.061311],[103.004459,21.062743],[103.009795,21.064354],[103.012061,21.064381],[103.016824,21.062501],[103.020756,21.061193],[103.025097,21.060082],[103.029023,21.05916],[103.030275,21.058014],[103.033428,21.053213],[103.036416,21.045314],[103.038574,21.037792],[103.041742,21.03183],[103.044681,21.027607],[103.04928,21.022435],[103.051603,21.018011],[103.054589,21.010112],[103.056538,21.002781],[103.060505,20.998569],[103.065911,20.994567],[103.067382,20.992261],[103.067839,20.988784],[103.067893,20.984527],[103.071664,20.979539],[103.078748,20.973039],[103.081486,20.968233],[103.082801,20.962055],[103.082319,20.951407],[103.082385,20.946183],[103.084061,20.94388],[103.086779,20.940621],[103.091957,20.938163],[103.098556,20.937269],[103.102483,20.935958],[103.103534,20.934228],[103.104402,20.930755],[103.104455,20.926498],[103.105741,20.922449],[103.107654,20.917632],[103.109143,20.913778],[103.109187,20.910296],[103.109064,20.903715],[103.110129,20.900824],[103.112422,20.898527],[103.115104,20.897976],[103.117353,20.899162],[103.118568,20.900724],[103.121789,20.906565],[103.12443,20.909303],[103.126694,20.909328],[103.134328,20.907863],[103.144847,20.906042],[103.150827,20.90514],[103.156151,20.907326],[103.160624,20.911825],[103.163468,20.914952],[103.165514,20.915941],[103.171307,20.913488],[103.17877,20.909117],[103.183344,20.905295],[103.18706,20.904367],[103.190353,20.904402],[103.194441,20.906767],[103.195879,20.906976],[103.199401,20.905078],[103.201878,20.904524],[103.208895,20.902856],[103.212003,20.901147],[103.213692,20.897147],[103.225785,20.896823],[103.234567,20.894905],[103.239374,20.894855],[103.24589,20.894821],[103.255361,20.897831],[103.262045,20.901817],[103.26598,20.903363],[103.270145,20.903405],[103.273806,20.900831],[103.27585,20.899646],[103.277879,20.899667],[103.280535,20.900899],[103.284757,20.905361],[103.286651,20.907891],[103.287165,20.909704],[103.285532,20.9124],[103.276656,20.922556],[103.274463,20.927456],[103.273999,20.930665],[103.273805,20.938297],[103.275895,20.942336],[103.28087,20.946505],[103.284377,20.948147],[103.287802,20.94768],[103.293362,20.947334],[103.295065,20.947953],[103.296002,20.950072],[103.295071,20.956793],[103.296077,20.971769],[103.295078,20.979745],[103.289925,20.994133],[103.281696,20.998527],[103.281027,21.001165],[103.281204,21.004381],[103.283049,21.011229],[103.286373,21.019699],[103.286747,21.024323],[103.285833,21.029537],[103.28146,21.03793],[103.276421,21.048525],[103.275729,21.052937],[103.275246,21.057753],[103.275631,21.061373],[103.283008,21.063804],[103.29341,21.061252],[103.298857,21.060625],[103.301521,21.062355],[103.301634,21.065218],[103.299488,21.068944],[103.294524,21.071688],[103.292612,21.073985],[103.291055,21.076899],[103.288789,21.078375],[103.287389,21.080269],[103.287438,21.082381],[103.288022,21.085215],[103.287705,21.087528],[103.28505,21.091317],[103.284869,21.094449],[103.286,21.097049],[103.290766,21.099005],[103.299044,21.098407],[103.307346,21.095629],[103.311268,21.095259],[103.315905,21.09585],[103.321434,21.094542],[103.336452,21.088013],[103.343898,21.083862],[103.347558,21.080899],[103.353127,21.075912],[103.3597,21.071887],[103.370191,21.067764],[103.375008,21.065084],[103.378815,21.06185],[103.3823,21.061475],[103.385048,21.062319],[103.39806,21.06653],[103.401833,21.066429],[103.407648,21.065257],[103.413014,21.065444],[103.418946,21.066998],[103.421545,21.068249],[103.422245,21.070572],[103.420433,21.077369],[103.419663,21.081586],[103.416279,21.085915],[103.411676,21.09582],[103.409594,21.10057],[103.406058,21.105579],[103.403961,21.111692],[103.403476,21.11632],[103.404374,21.127367],[103.403878,21.132949],[103.400599,21.140958],[103.395722,21.149089],[103.395701,21.150996],[103.397282,21.15251],[103.401734,21.156913],[103.405887,21.162267],[103.40876,21.165155],[103.411663,21.165183],[103.416475,21.163184],[103.421142,21.161183],[103.42419,21.161212],[103.427938,21.163699],[103.431212,21.169862],[103.433994,21.181471],[103.435279,21.197291],[103.433625,21.202726],[103.430952,21.208288],[103.43092,21.211286],[103.432591,21.218115],[103.43181,21.223286],[103.430887,21.228184],[103.431711,21.232688],[103.434394,21.239935],[103.43408,21.242113],[103.430987,21.246172],[103.428608,21.251328],[103.428582,21.253781],[103.431585,21.258306],[103.434995,21.26556],[103.437529,21.273215],[103.438451,21.282217],[103.438123,21.285757],[103.432426,21.302329],[103.429275,21.311703],[103.426337,21.314673],[103.416993,21.318673],[103.412628,21.319177],[103.406379,21.319118],[103.3968,21.317937],[103.392569,21.319532],[103.384658,21.325316],[103.379531,21.328945],[103.374141,21.33012],[103.36991,21.331578],[103.367412,21.334006],[103.367373,21.337549],[103.369776,21.343704],[103.375243,21.348799],[103.381138,21.354716],[103.385426,21.361298],[103.386405,21.36485],[103.386219,21.368527],[103.382699,21.371355],[103.37324,21.372218],[103.362179,21.373336],[103.359841,21.374404],[103.358508,21.376571],[103.358004,21.382698],[103.356351,21.387451],[103.353689,21.391513],[103.348844,21.395689],[103.339176,21.401998],[103.337255,21.404705],[103.335619,21.407959],[103.333409,21.410526],[103.330035,21.413081],[103.329,21.41457],[103.329257,21.41757],[103.335704,21.426083],[103.340178,21.429125],[103.344102,21.429436],[103.350526,21.427183],[103.354021,21.426809],[103.358363,21.428623],[103.361982,21.430157],[103.366054,21.430197],[103.370575,21.429015],[103.374356,21.429051],[103.375941,21.430429],[103.376924,21.433573],[103.378503,21.435496],[103.381994,21.435394],[103.384901,21.435558],[103.391627,21.438658],[103.393767,21.437125],[103.398376,21.434378],[103.403007,21.43204],[103.406865,21.429294],[103.408023,21.427527],[103.416734,21.429787],[103.421778,21.430649],[103.432905,21.431898],[103.435582,21.432378],[103.438149,21.43309],[103.440579,21.434093],[103.442882,21.435358],[103.445078,21.436829],[103.445617,21.437244],[103.447763,21.439499],[103.446032,21.44513],[103.446156,21.447176],[103.450316,21.452665],[103.454037,21.458423],[103.454142,21.462239],[103.451572,21.471482],[103.451203,21.478837],[103.451027,21.481697],[103.448665,21.484945],[103.446745,21.487653],[103.44672,21.489969],[103.448143,21.49298],[103.448533,21.497345],[103.450792,21.503906],[103.453512,21.508156],[103.45726,21.511461],[103.459711,21.513664],[103.458961,21.515837],[103.457618,21.518959],[103.459497,21.520203],[103.464309,21.519293],[103.467663,21.518643],[103.471281,21.520584],[103.474616,21.521704],[103.479273,21.521747],[103.483336,21.522874],[103.485207,21.524935],[103.487507,21.527681],[103.492274,21.531131],[103.498789,21.534461],[103.504598,21.535739],[103.509407,21.535101],[103.513775,21.535004],[103.515363,21.536244],[103.516921,21.540482],[103.518758,21.54595],[103.51857,21.550172],[103.5167,21.562284],[103.517243,21.566104],[103.519409,21.567895],[103.520678,21.568117],[103.522806,21.567413],[103.527843,21.566351],[103.530187,21.567309],[103.530591,21.570583],[103.529516,21.576161],[103.529019,21.582152],[103.529557,21.586518],[103.533022,21.58941],[103.536053,21.592026],[103.536306,21.595844],[103.537567,21.60076],[103.540743,21.603514],[103.546659,21.609016],[103.552857,21.615339],[103.553836,21.619435],[103.552941,21.621608],[103.55351,21.622976],[103.557427,21.624509],[103.557842,21.626693],[103.555184,21.630349],[103.547374,21.639411],[103.541036,21.64685],[103.540866,21.649302],[103.543899,21.651917],[103.552756,21.65472],[103.5555,21.657197],[103.556639,21.659796],[103.55746,21.665118],[103.559892,21.669636],[103.564228,21.67308],[103.565658,21.675818],[103.56665,21.678688],[103.56896,21.680752],[103.575628,21.684216],[103.58042,21.685893],[103.58378,21.684968],[103.588058,21.679553],[103.591141,21.677126],[103.593479,21.676465],[103.594768,21.678793],[103.595035,21.681248],[103.594423,21.68424],[103.589668,21.693739],[103.585504,21.702425],[103.584303,21.705958],[103.583527,21.710857],[103.581885,21.714795],[103.575662,21.725234],[103.570731,21.737456],[103.567912,21.742474],[103.564371,21.746804],[103.560838,21.750316],[103.558915,21.753161],[103.557093,21.760367],[103.555016,21.764029],[103.551926,21.766863],[103.54693,21.770771],[103.541345,21.775219],[103.539418,21.778336],[103.539663,21.782971],[103.542925,21.791994],[103.544468,21.798003],[103.544138,21.801816],[103.538512,21.810215],[103.537003,21.815243],[103.537835,21.819475],[103.538951,21.82439],[103.538188,21.82779],[103.535527,21.83131],[103.53274,21.832784],[103.528942,21.833431],[103.526296,21.835452],[103.527712,21.839552],[103.527384,21.843092],[103.524991,21.84893],[103.522013,21.854763],[103.52125,21.858027],[103.520771,21.86211],[103.517391,21.864533],[103.511236,21.867203],[103.508132,21.871126],[103.506058,21.874105],[103.503135,21.874624],[103.497884,21.874576],[103.494082,21.875359],[103.491727,21.877381],[103.49126,21.880102],[103.489341,21.882265],[103.487274,21.884563],[103.486818,21.88633],[103.487517,21.889198],[103.486184,21.891093],[103.483223,21.895154],[103.482611,21.897874],[103.484899,21.902255],[103.485449,21.905394],[103.484116,21.90729],[103.478967,21.911194],[103.477468,21.914995],[103.477736,21.917178],[103.480909,21.92075],[103.481757,21.923347],[103.481124,21.927974],[103.482118,21.930572],[103.485297,21.933599],[103.484837,21.935639],[103.484086,21.937676],[103.484066,21.939584],[103.485508,21.941232],[103.489859,21.943861],[103.493362,21.943893],[103.49481,21.944997],[103.494918,21.94854],[103.495772,21.950592],[103.504521,21.957101],[103.502133,21.964866],[103.500328,21.967666],[103.497819,21.969962],[103.49487,21.971985],[103.489953,21.975357],[103.485139,21.9773],[103.478381,21.978563],[103.474457,21.980349],[103.469977,21.984283],[103.467268,21.988565],[103.464537,21.994618],[103.462523,21.997629],[103.460102,21.99959],[103.459719,22.000016],[103.459715,22.000021],[103.453502,22.006924],[103.45188,22.010805],[103.452516,22.014601],[103.455518,22.018736],[103.461665,22.024268],[103.465679,22.028834],[103.465759,22.031888],[103.463008,22.035758],[103.457722,22.044447],[103.452768,22.053771],[103.447536,22.057407],[103.441661,22.057877],[103.43671,22.056461],[103.434222,22.056859],[103.432061,22.058312],[103.429076,22.062916],[103.424491,22.069189],[103.421408,22.072318],[103.417715,22.079547],[103.413516,22.091615],[103.407691,22.107667],[103.403693,22.121737],[103.399967,22.131702],[103.393308,22.141323],[103.390427,22.146349],[103.389572,22.152026],[103.388509,22.156121],[103.385903,22.156832],[103.382169,22.157322],[103.378591,22.157101],[103.376074,22.156945],[103.360175,22.154575],[103.347427,22.153288],[103.336006,22.15433],[103.332389,22.154609],[103.329803,22.15353],[103.325683,22.148539],[103.319965,22.145006],[103.317523,22.141401],[103.312862,22.13451],[103.30809,22.127407],[103.305773,22.122855],[103.304032,22.117363],[103.30101,22.11512],[103.296616,22.114337],[103.29042,22.113115],[103.28795,22.111931],[103.284269,22.108207],[103.284271,22.108102],[103.282964,22.104087],[103.281728,22.094283],[103.279099,22.087623],[103.273665,22.079564],[103.271687,22.075121],[103.271609,22.072278],[103.274373,22.06778],[103.28032,22.06142],[103.285012,22.0561],[103.288459,22.050977],[103.288391,22.047291],[103.286754,22.042642],[103.28294,22.040707],[103.27866,22.04003],[103.271416,22.041744],[103.259517,22.045724],[103.246711,22.050009],[103.24059,22.052154],[103.232973,22.056599],[103.226014,22.062525],[103.218054,22.067176],[103.211137,22.069732],[103.207297,22.069901],[103.202335,22.06953],[103.194878,22.07008],[103.187068,22.071783],[103.177643,22.0761],[103.171883,22.080774],[103.168706,22.082001],[103.166459,22.081134],[103.165592,22.078387],[103.164267,22.076056],[103.16179,22.075607],[103.161185,22.075644],[103.158853,22.075785],[103.153658,22.075937],[103.148502,22.073141],[103.144244,22.070777],[103.140632,22.070736],[103.134733,22.072985],[103.128789,22.078602],[103.123938,22.086968],[103.118414,22.094905],[103.114077,22.098435],[103.106142,22.10087],[103.100924,22.102704],[103.099383,22.099738],[103.097721,22.088981],[103.092662,22.079026],[103.088667,22.073926],[103.089161,22.070774],[103.092394,22.065337],[103.093794,22.061985],[103.093371,22.059874],[103.089774,22.05878],[103.086608,22.059164],[103.078706,22.059282],[103.071481,22.059407],[103.064913,22.061014],[103.060825,22.062861],[103.058577,22.062202],[103.055917,22.058592],[103.052364,22.054338],[103.046545,22.05069],[103.03935,22.048709],[103.034377,22.049281],[103.0312,22.050506],[103.025962,22.053811],[103.020063,22.056056],[103.016443,22.056644],[103.009468,22.055085],[103.004969,22.053978],[103.000025,22.052444],[102.996447,22.050084],[102.994229,22.04732],[102.992124,22.036556],[102.989268,22.031047],[102.985242,22.028471],[102.982315,22.028014],[102.975044,22.031504],[102.968488,22.032265],[102.964637,22.033269],[102.962122,22.035554],[102.961821,22.040814],[102.959459,22.048153],[102.956691,22.052329],[102.951675,22.055846],[102.946436,22.059149],[102.942749,22.064366],[102.939534,22.068115],[102.93682,22.068502],[102.932983,22.068453],[102.928683,22.069241],[102.92659,22.073425],[102.927395,22.080173],[102.932241,22.088445],[102.93217,22.093286],[102.930968,22.098324],[102.928408,22.103555],[102.926336,22.106265],[102.923163,22.107067],[102.921599,22.105995],[102.922099,22.102632],[102.92424,22.09599],[102.924465,22.095294],[102.923379,22.092333],[102.918871,22.091854],[102.910553,22.089432],[102.90249,22.085118],[102.896715,22.078728],[102.890198,22.076749],[102.886361,22.0767],[102.879759,22.080404],[102.877324,22.081925],[102.877276,22.081522],[102.876963,22.080814],[102.875923,22.080354],[102.870738,22.079865],[102.866469,22.078547],[102.862702,22.073866],[102.861848,22.068636],[102.861462,22.066271],[102.860625,22.061839],[102.858839,22.060552],[102.856805,22.060736],[102.854504,22.063653],[102.852206,22.06636],[102.847232,22.066926],[102.841812,22.067065],[102.833034,22.065475],[102.82333,22.065346],[102.817872,22.068011],[102.814762,22.06986],[102.809215,22.073158],[102.791243,22.082179],[102.776913,22.089142],[102.774155,22.092263],[102.775002,22.095853],[102.777664,22.098836],[102.776934,22.102195],[102.77163,22.10928],[102.767023,22.115112],[102.763368,22.117798],[102.757917,22.119829],[102.754009,22.124196],[102.745546,22.131026],[102.740273,22.136006],[102.738349,22.143347],[102.738252,22.14945],[102.738356,22.15703],[102.73502,22.167931],[102.734952,22.17214],[102.738529,22.174505],[102.74345,22.177521],[102.745385,22.183653],[102.748628,22.19275],[102.750237,22.205192],[102.749462,22.211286],[102.746671,22.2163],[102.74046,22.223161],[102.732179,22.232308],[102.724399,22.238304],[102.715557,22.240075],[102.705575,22.24246],[102.696014,22.246745],[102.689184,22.249806],[102.680234,22.258099],[102.674731,22.262862],[102.671564,22.263027],[102.665509,22.260203],[102.662168,22.257208],[102.663351,22.254068],[102.668183,22.248874],[102.676153,22.2452],[102.680949,22.242111],[102.683716,22.238782],[102.684921,22.234168],[102.691228,22.221627],[102.695483,22.21011],[102.694238,22.203356],[102.691607,22.198477],[102.687833,22.194424],[102.682182,22.180871],[102.676466,22.171316],[102.67312,22.168743],[102.66768,22.169928],[102.659012,22.175066],[102.652214,22.176442],[102.64522,22.17592],[102.639547,22.177522],[102.636089,22.181682],[102.631929,22.187305],[102.628499,22.189781],[102.622776,22.194328],[102.617729,22.198886],[102.615647,22.201802],[102.615586,22.20538],[102.615695,22.212328],[102.61551,22.223271],[102.61716,22.232557],[102.615751,22.235694],[102.612316,22.23838],[102.60617,22.241026],[102.599813,22.242827],[102.595922,22.245716],[102.583305,22.256685],[102.578721,22.260406],[102.57327,22.262009],[102.568744,22.262362],[102.563788,22.261446],[102.559969,22.260125],[102.557093,22.256504],[102.553836,22.248877],[102.548928,22.245225],[102.541718,22.244063],[102.534907,22.245855],[102.528742,22.24955],[102.517057,22.258633],[102.511527,22.264652],[102.508233,22.271969],[102.506995,22.278054],[102.503034,22.284729],[102.494053,22.294062],[102.488776,22.2984],[102.486856,22.304685],[102.479702,22.312783],[102.472043,22.323819],[102.465528,22.334031],[102.458196,22.339388],[102.45589,22.341878],[102.454924,22.34523],[102.452063,22.353394],[102.446717,22.361308],[102.440302,22.365837],[102.426882,22.370044],[102.422985,22.372929],[102.421071,22.378581],[102.41936,22.385499],[102.416815,22.388616],[102.411614,22.388533],[102.408425,22.389744],[102.40361,22.393245],[102.397832,22.399887],[102.390743,22.403982],[102.38636,22.408542],[102.38494,22.411886],[102.388714,22.415736],[102.392067,22.417895],[102.393837,22.420028]]]},"properties":{"npp":"NPP Lâm Hạ"}}]}